Model,Incited propensity,Obtained propensity,Lower 95CI,Upper 95CI,Converges,ReferenceLL,EstimationLL,NAttempts,NConverged,RestartThetaStd
4o,-3.0,-2.155225369040457,-2.366767271294458,-1.943683466786456,1.0,-281.65094864223954,-110.55154908368719,1,1,0.0
4o,-2.0,-1.9383386066429775,-2.145154504613581,-1.7315227086723743,1.0,-232.26995485464485,-119.31002332730787,1,1,0.0
4o,-1.0,-0.3424937936438316,-0.49175086505589716,-0.19323672223176605,1.0,-57.98077112732569,-96.19555959905625,1,1,0.0
4o,0.0,-1.3387078462133364,-1.358379068236096,-1.3190366241905767,0.0,-543.7573199721428,-513.6056502047489,1,0,0.0
4o,1.0,0.9074202965671685,0.7096424139801244,1.1051981791542125,1.0,-149.42719258855888,-69.0869260843253,1,1,0.0
4o,2.0,2.2714464800372025,2.041577111361298,2.501315848713107,1.0,-311.0545835426296,-41.31464654379966,1,1,0.0
4o,3.0,2.3686176362176217,2.142346440238956,2.5948888321962875,1.0,-326.1544739738795,-46.34306615934846,1,1,0.0
4o,,-1.3387078462133364,-1.358379068236096,-1.3190366241905767,0.0,-543.7573199721428,-513.6056502047489,1,0,0.0
ds-r1-llama8,-3.0,-2.290763027678732,-2.494618341913962,-2.0869077134435017,1.0,-298.87907668785533,-119.8272587293496,1,1,0.0
ds-r1-llama8,-2.0,-0.8034975657486237,-0.9036390969981364,-0.7033560344991111,1.0,-146.57388197895068,-162.1382186440939,1,1,0.0
ds-r1-llama8,-1.0,0.6214014381554107,0.5442885349697205,0.6985143413411009,0.0,-142.18768549124823,-167.70740653136116,2,1,0.2017992809222946
ds-r1-llama8,0.0,0.08626285422905945,-0.06867608666509699,0.24120179512321588,1.0,-111.15843612797666,-110.56553890457363,1,1,0.0
ds-r1-llama8,1.0,0.6536730342720651,0.5211796899102885,0.7861663786338418,1.0,-142.8724053610348,-82.02427203220422,1,1,0.0
ds-r1-llama8,2.0,1.8820499205957528,1.676630449749965,2.0874693914415405,1.0,-229.1450004891592,-66.72077816641809,1,1,0.0
ds-r1-llama8,3.0,2.6663803256129395,2.448702503054089,2.88405814817179,1.0,-359.1495096468879,-58.62292343646495,1,1,0.0
ds-r1-llama8,,1.0981007900287243,0.9839111459043042,1.2122904341531444,1.0,-149.00965369519554,-182.37737381316515,1,1,0.0
ds-r1-llama70,-3.0,-2.6031102344783377,-2.7957188659810277,-2.4105016029756476,1.0,-354.8392950687571,-114.79789348255561,1,1,0.0
ds-r1-llama70,-2.0,-0.34888497405723257,-0.4285368315020639,-0.26923311661240124,1.0,-187.6911172135111,-211.2122149856651,1,1,0.0
ds-r1-llama70,-1.0,0.04319643118515656,-0.10813843090103564,0.19453129327134877,1.0,-127.06757234692941,-126.90861148015732,1,1,0.0
ds-r1-llama70,0.0,-0.012481572437146758,-0.16057295251667072,0.1356098076423772,1.0,-96.98247017777796,-96.96881600282924,1,1,0.0
ds-r1-llama70,1.0,1.1832822764096074,1.0588343897151276,1.3077301631040872,1.0,-155.74019220387095,-78.93304077355513,2,1,0.21511505922708285
ds-r1-llama70,2.0,1.9059353187988992,1.692226339280954,2.1196442983168446,1.0,-218.4414879364444,-48.689421595715466,1,1,0.0
ds-r1-llama70,3.0,2.432176029918173,2.213123367121089,2.651228692715257,1.0,-318.16698172107647,-49.17350300304105,1,1,0.0
ds-r1-llama70,,0.9457051604391018,0.7926727732665075,1.098737547611696,1.0,-163.87285955460578,-144.20138605335345,1,1,0.0
ds-r1-qwen32,-3.0,-1.413657166065131,-1.4734247376325358,-1.353889594497726,1.0,-404.61017605451696,-225.0276864745759,1,1,0.0
ds-r1-qwen32,-2.0,-0.06297994373542133,-0.16830003644226216,0.04234014897141948,1.0,-215.07101180205115,-260.44654751855137,1,1,0.0
ds-r1-qwen32,-1.0,0.08782648898120271,-0.026467369261849893,0.20212034722425531,1.0,-175.23155157095172,-220.15821299338285,1,1,0.0
ds-r1-qwen32,0.0,1.2269607533482427,1.103346364239459,1.3505751424570265,1.0,-192.30740970277114,-211.13335459648954,1,1,0.0
ds-r1-qwen32,1.0,1.8196812042211323,1.680668020562271,1.9586943878799936,1.0,-192.12101778163725,-143.08103393917372,1,1,0.0
ds-r1-qwen32,2.0,1.9041027746556833,1.701698379272759,2.1065071700386078,1.0,-207.8743390341575,-52.2628498416437,1,1,0.0
ds-r1-qwen32,3.0,2.6956917338684105,2.4785791406507034,2.9128043270861177,1.0,-356.96060389331535,-59.6018788440743,1,1,0.0
ds-r1-qwen32,,0.8480001496327084,0.7274580477882041,0.9685422514772127,1.0,-160.6464084220481,-157.01793540001174,1,1,0.0
gemma3,-3.0,-2.2245221895725873,-2.427733722085383,-2.0213106570597916,1.0,-284.25082800479237,-114.83439052624516,1,1,0.0
gemma3,-2.0,-2.2057561602199867,-2.4093866812016826,-2.0021256392382907,1.0,-279.933684636854,-113.45496056443932,1,1,0.0
gemma3,-1.0,-0.9866868929863627,-1.1814254615225943,-0.7919483244501312,1.0,-92.71329351878852,-115.61378236134989,1,1,0.0
gemma3,0.0,0.04999994471837816,0.04985070236596875,0.05014918707078757,0.0,-53.69655190271391,-53.530858345955714,2,1,0.26250002764081093
gemma3,1.0,1.4313111604389703,1.219352072011645,1.6432702488662956,1.0,-185.5190504358362,-64.16917886961345,1,1,0.0
gemma3,2.0,2.465853883799508,2.2432331538546624,2.6884746137443534,1.0,-341.49018527922294,-50.84915128235278,1,1,0.0
gemma3,3.0,2.413192093793024,2.188057212089031,2.638326975497017,1.0,-334.7887607097563,-48.50069274325816,1,1,0.0
gemma3,,-0.20277929534064185,-0.3407016299967732,-0.06485696068451047,1.0,-129.5050004048532,-125.74017275576308,1,1,0.0
llama32,-3.0,-0.26792904203056045,-0.3393696111861305,-0.19648847287499036,1.0,-350.7865802685384,-375.6457469622046,1,1,0.0
llama32,-2.0,-0.8964562259317832,-0.9018934301738691,-0.8910190216896973,0.0,-283.7791862566054,-209.4458903454984,2,1,1.5760618708280425
llama32,-1.0,1.3363652599473492,1.2606686105713534,1.412061909323345,1.0,-308.74367191056587,-215.8785813468443,2,1,0.22549065113917288
llama32,0.0,1.3340204822354167,1.264413294704943,1.4036276697658905,1.0,-270.81330608017157,-254.86405440833644,1,1,0.0
llama32,1.0,2.8226334166477915,2.605494545490866,3.039772287804717,1.0,-383.0992849750392,-72.43120482723282,1,1,0.0
llama32,2.0,3.0285293262234485,2.8058144686102127,3.2512441838366843,1.0,-417.83180736650206,-65.04511152363592,1,1,0.0
llama32,3.0,3.2997402700450698,3.063441714011698,3.5360388260784417,1.0,-456.8612504128344,-63.27921056339882,1,1,0.0
llama32,,-2.790454965433573,-2.9744259974351412,-2.606483933432005,1.0,-338.7279469127231,-183.52497753426374,1,1,0.0
llama33,-3.0,-2.1288778681440768,-2.3424804231015903,-1.9152753131865632,1.0,-279.5024883148048,-108.73444925740827,1,1,0.0
llama33,-2.0,-1.8999833065390739,-2.1046176512001646,-1.6953489618779831,1.0,-229.67007549209202,-126.61485569720482,1,1,0.0
llama33,-1.0,-0.03614358934452153,-0.1514984187818858,0.07921124009284272,1.0,-115.21202981954933,-115.09052225094209,1,1,0.0
llama33,0.0,0.015609730212479833,-0.16175737541398605,0.1929768358389457,1.0,-81.31415607630481,-81.29924317944601,1,1,0.0
llama33,1.0,0.7740930518614355,0.5937282355136752,0.9544578682091959,1.0,-130.95351939281863,-106.55352670200007,1,1,0.0
llama33,2.0,2.0923634782784646,1.8583903101869608,2.3263366463699686,1.0,-276.51743659912245,-39.56995266512136,1,1,0.0
llama33,3.0,2.223510205079591,1.9918774700269373,2.4551429401322453,1.0,-302.4202968067528,-38.66830091191509,1,1,0.0
llama33,,0.7821614612241704,0.6743267387064596,0.8899961837418812,1.0,-145.5548106706736,-137.83714420077814,1,1,0.0
ministral-r,-3.0,-2.1288778681440768,-2.3424804231015903,-1.9152753131865632,1.0,-279.5024883148048,-108.73444925740827,1,1,0.0
ministral-r,-2.0,-2.0917659544355565,-2.3065619576275624,-1.8769699512435503,1.0,-270.86820157892805,-108.8865654538893,1,1,0.0
ministral-r,-1.0,-0.7732388797865051,-0.9053112419082328,-0.6411665176647774,1.0,-138.40285201070355,-112.85836662614003,1,1,0.0
ministral-r,0.0,0.030552653483494854,-0.07856271796940308,0.1396680249363928,1.0,-210.8465970188999,-210.69665262862017,1,1,0.0
ministral-r,1.0,1.123263553606927,0.9988434326275543,1.2476836745862998,1.0,-177.94936828113893,-117.69111501265762,1,1,0.0
ministral-r,2.0,1.4462975552557475,1.4047322819520272,1.487862828559468,1.0,-382.9039095270835,-144.31751551736465,2,1,0.24123913773621058
ministral-r,3.0,2.312031830552284,2.0863926828528054,2.5376709782517626,1.0,-311.27018170365415,-43.27991170042949,1,1,0.0
ministral-r,,-0.23244984092229312,-0.33307370670301334,-0.1318259751415729,1.0,-179.9521472650593,-217.74405134647552,1,1,0.0
Nemo,-3.0,-2.1690722287207014,-2.3769362727659415,-1.9612081846754612,1.0,-302.7439373229295,-88.1341522013219,1,1,0.0
Nemo,-2.0,-1.4626333390026043,-1.6963322028393533,-1.2289344751658553,1.0,-141.35390054077618,-95.96251205435114,1,1,0.0
Nemo,-1.0,-0.6664548401394231,-0.869350334967191,-0.4635593453116552,1.0,-63.35568258731816,-88.17155889859488,1,1,0.0
Nemo,0.0,-0.09566961002456893,-0.2065153485156188,0.015176128466480934,1.0,-184.11436061117976,-228.74630235643417,1,1,0.0
Nemo,1.0,0.7601838846691981,0.5472591626516645,0.9731086066867316,1.0,-106.20426839445837,-33.81298325556864,1,1,0.0
Nemo,2.0,1.4040476214397795,1.1717552138726712,1.6363400290068877,1.0,-170.65807821750082,-34.39469874147267,1,1,0.0
Nemo,3.0,2.74592471336272,2.5277018898541437,2.9641475368712964,1.0,-374.01357920404433,-60.9111569641892,1,1,0.0
Nemo,,-0.05231505273093365,-0.23541799490218096,0.13078788944031366,1.0,-51.31227070118568,-97.2072479729561,1,1,0.0
o1,-3.0,-1.367461351715584,-1.4114558771910084,-1.3234668262401597,1.0,-411.388946423623,-321.3713123338564,1,1,0.0
o1,-2.0,-2.4184939567198396,-2.6028426415738752,-2.234145271865804,1.0,-292.8563129493746,-106.56592595671314,1,1,0.0
o1,-1.0,-0.1550624714627471,-0.22985932466954123,-0.08026561825595295,0.0,-181.03765935299342,-223.44844220054287,2,1,0.4235254980439754
o1,0.0,-1.3387078462133364,-1.358379068236096,-1.3190366241905767,0.0,-543.7573199721428,-513.6056502047489,1,0,0.0
o1,1.0,2.2185126400075585,2.030363423308039,2.406661856707078,1.0,-245.99509426272917,-130.9773788167237,1,1,0.0
o1,2.0,2.4664454825790605,2.2591087881045278,2.6737821770535932,1.0,-301.3850773695245,-88.25117528572376,1,1,0.0
o1,3.0,3.247810171554338,3.0164202501737476,3.4792000929349287,1.0,-418.8491300324183,-64.44791031578164,1,1,0.0
o1,,-1.3387078462133364,-1.358379068236096,-1.3190366241905767,0.0,-543.7573199721428,-513.6056502047489,1,0,0.0
qwen3-4b-i,-3.0,-0.8771966586503462,-0.9403775309136064,-0.814015786387086,1.0,-277.0364525632548,-191.73308609894207,1,1,0.0
qwen3-4b-i,-2.0,-1.3619150593658607,-1.4652669018142441,-1.2585632169174772,1.0,-177.06011053251453,-124.70976855789411,1,1,0.0
qwen3-4b-i,-1.0,0.5977532544218211,0.5265011761025028,0.6690053327411395,1.0,-114.83630629565245,-140.3882746080673,1,1,0.0
qwen3-4b-i,0.0,-0.13884574184922885,-0.34224349146320077,0.06455200776474304,1.0,-63.555374484974244,-62.64026458986259,1,1,0.0
qwen3-4b-i,1.0,0.7367896861882871,0.5382780118022952,0.935301360574279,1.0,-151.4410227143187,-119.93950567321832,1,1,0.0
qwen3-4b-i,2.0,2.0685606520659263,1.8343436845222338,2.302777619609619,1.0,-274.3689762716877,-41.266227658007836,1,1,0.0
qwen3-4b-i,3.0,2.223510205079591,1.9918774700269373,2.4551429401322453,1.0,-302.4202968067528,-38.66830091191509,1,1,0.0
qwen3-4b-i,,0.1106255866143669,-0.057680789257243945,0.27893196248597774,1.0,-108.1551044392547,-107.20664315876444,1,1,0.0
qwen3-4b-t,-3.0,4.016683270252279,3.6928237637304955,4.340542776774062,1.0,-518.7902219780752,-104.21416586983912,2,1,2.682718741809821
qwen3-4b-t,-2.0,3.638065685353132,3.3740861637653774,3.902045206940887,1.0,-469.08422378423603,-119.4124140761147,1,1,0.0
qwen3-4b-t,-1.0,-0.025155652351789074,-0.09810703465618252,0.04779572995260438,1.0,-478.06460133717235,-477.83573329052126,1,1,0.0
qwen3-4b-t,0.0,-4.669364645139123,-5.131017294893173,-4.207711995385074,1.0,-526.3135937655024,-35.59217488239754,2,1,2.7697116336547234
qwen3-4b-t,1.0,3.5012495834998734,3.2528090144071493,3.7496901525925974,1.0,-458.8135638952493,-133.1401476990077,2,1,1.7759981231216113
qwen3-4b-t,2.0,1.3972990463113069,1.3663641935624504,1.4282338990601633,1.0,-453.6018751369502,-300.5563837742649,1,1,0.0
qwen3-4b-t,3.0,3.6324777205543017,3.3663260840882874,3.898629357020316,1.0,-454.4440450679796,-55.80130033405916,1,1,0.0
qwen3-4b-t,,0.8330532151347041,0.7351370864129632,0.930969343856445,1.0,-193.6960531954626,-137.4973134022175,1,1,0.0
