Model,Incited propensity,Final text
4o,-3.00,& -3.00 & $-2.83 \pm 0.09$ (1.00) & $-2.16 \pm 0.11$ (0.61) & $4.07 \pm 0.12$ (1.00) & $-1.77 \pm 0.06$ (1.00) \\
4o,-2.00,& -2.00 & $-2.32 \pm 0.08$ (1.00) & $-1.94 \pm 0.11$ (0.49) & $-1.94 \pm 0.08$ (0.80) & $-1.55 \pm 0.03$ (1.00) \\
4o,-1.00,& -1.00 & $0.13 \pm 0.07$ (0.41) & $-0.34 \pm 0.08$ (-0.66) & $-0.92 \pm 0.05$ (0.45) & $-0.80 \pm 0.04$ (0.73) \\
4o,0.00,& 0.00 & $0.24 \pm 0.07$ (0.66) & $-1.34 \pm 0.01$ (0.06) & $0.12 \pm 0.02$ (0.22) & $0.22 \pm 0.04$ (0.49) \\
4o,1.00,& 1.00 & $0.17 \pm 0.08$ (0.50) & $0.91 \pm 0.10$ (0.54) & $0.66 \pm 0.04$ (0.34) & $-0.05 \pm 0.00$ (0.48) \\
4o,2.00,& 2.00 & $2.47 \pm 0.08$ (1.00) & $2.27 \pm 0.12$ (0.87) & $2.20 \pm 0.07$ (1.00) & $0.84 \pm 0.04$ (1.00) \\
4o,3.00,& 3.00 & $2.85 \pm 0.09$ (1.00) & $2.37 \pm 0.12$ (0.86) & $2.30 \pm 0.07$ (1.00) & $1.34 \pm 0.04$ (1.00) \\
4o,Unprompted,& Unprompted & $-0.76 \pm 0.06$ (0.73) & $-1.34 \pm 0.01$ (0.06) & $-0.22 \pm 0.06$ (0.16) & $-0.55 \pm 0.01$ (0.19) \\
Nemo,-3.00,& -3.00 & $-1.42 \pm 0.07$ (1.00) & $-2.17 \pm 0.11$ (0.71) & $2.74 \pm 0.07$ (1.00) & $-1.70 \pm 0.05$ (1.00) \\
Nemo,-2.00,& -2.00 & $-1.20 \pm 0.07$ (1.00) & $-1.46 \pm 0.12$ (0.32) & $-0.78 \pm 0.06$ (0.37) & $-0.82 \pm 0.06$ (0.75) \\
Nemo,-1.00,& -1.00 & $-0.40 \pm 0.08$ (0.70) & $-0.67 \pm 0.10$ (-0.39) & $-0.38 \pm 0.05$ (0.32) & $-0.58 \pm 0.03$ (0.52) \\
Nemo,0.00,& 0.00 & $-0.23 \pm 0.08$ (0.59) & $-0.10 \pm 0.06$ (-0.24) & $0.09 \pm 0.04$ (0.24) & $-0.03 \pm 1.00$ (0.46) \\
Nemo,1.00,& 1.00 & $-0.29 \pm 0.07$ (0.70) & $0.76 \pm 0.11$ (0.68) & $-0.29 \pm 0.06$ (0.29) & $0.20 \pm 0.05$ (0.35) \\
Nemo,2.00,& 2.00 & $1.16 \pm 0.07$ (1.00) & $1.40 \pm 0.12$ (0.80) & $1.74 \pm 0.06$ (0.60) & $0.69 \pm 0.04$ (0.67) \\
Nemo,3.00,& 3.00 & $1.40 \pm 0.07$ (1.00) & $2.75 \pm 0.11$ (0.84) & $1.76 \pm 0.06$ (0.70) & $0.73 \pm 0.05$ (0.70) \\
Nemo,Unprompted,& Unprompted & $-0.16 \pm 0.08$ (0.46) & $-0.05 \pm 0.09$ (-0.89) & $-0.14 \pm 0.07$ (0.20) & $-0.03 \pm 1.00$ (0.45) \\
ds-r1-llama70,-3.00,& -3.00 & $-2.81 \pm 0.09$ (1.00) & $-2.60 \pm 0.10$ (0.68) & $-2.60 \pm 0.08$ (1.00) & $-1.74 \pm 0.06$ (1.00) \\
ds-r1-llama70,-2.00,& -2.00 & $-1.80 \pm 0.07$ (1.00) & $-0.35 \pm 0.04$ (-0.13) & $-0.35 \pm 0.00$ (0.33) & $-1.55 \pm 0.01$ (1.00) \\
ds-r1-llama70,-1.00,& -1.00 & $0.24 \pm 0.06$ (0.65) & $0.04 \pm 0.08$ (0.00) & $-0.20 \pm 0.04$ (0.25) & $-0.69 \pm 0.04$ (0.67) \\
ds-r1-llama70,0.00,& 0.00 & $-0.16 \pm 0.08$ (0.52) & $-0.01 \pm 0.08$ (0.00) & $1.70 \pm 0.05$ (0.10) & $-0.63 \pm 0.03$ (0.56) \\
ds-r1-llama70,1.00,& 1.00 & $0.34 \pm 0.07$ (0.67) & $1.18 \pm 0.06$ (0.49) & $-0.24 \pm 0.03$ (0.29) & $0.61 \pm 0.03$ (0.56) \\
ds-r1-llama70,2.00,& 2.00 & $1.77 \pm 0.07$ (1.00) & $1.91 \pm 0.11$ (0.78) & $0.25 \pm 0.03$ (0.22) & $0.61 \pm 0.04$ (0.63) \\
ds-r1-llama70,3.00,& 3.00 & $2.78 \pm 0.09$ (1.00) & $2.43 \pm 0.11$ (0.85) & $2.80 \pm 0.07$ (1.00) & $1.48 \pm 1.00$ (1.00) \\
ds-r1-llama70,Unprompted,& Unprompted & $-0.16 \pm 0.08$ (0.44) & $0.95 \pm 0.08$ (0.12) & $-0.16 \pm 0.03$ (0.24) & $-0.22 \pm 0.04$ (0.45) \\
ds-r1-llama8,-3.00,& -3.00 & $-1.68 \pm 0.07$ (1.00) & $-2.29 \pm 0.10$ (0.60) & $-0.91 \pm 0.02$ (1.00) & $-0.97 \pm 0.01$ (1.00) \\
ds-r1-llama8,-2.00,& -2.00 & $-1.11 \pm 0.07$ (1.00) & $-0.80 \pm 0.05$ (-0.11) & $0.13 \pm 0.02$ (0.22) & $-1.53 \pm 0.02$ (1.00) \\
ds-r1-llama8,-1.00,& -1.00 & $-0.70 \pm 0.05$ (0.65) & $0.62 \pm 0.04$ (-0.18) & $-0.88 \pm 0.00$ (0.40) & $-0.91 \pm 0.05$ (1.00) \\
ds-r1-llama8,0.00,& 0.00 & $-0.63 \pm 0.04$ (0.61) & $0.09 \pm 0.08$ (0.01) & $0.17 \pm 0.03$ (0.18) & $0.25 \pm 0.03$ (0.54) \\
ds-r1-llama8,1.00,& 1.00 & $-0.26 \pm 0.05$ (0.59) & $0.65 \pm 0.07$ (0.43) & $1.92 \pm 0.06$ (0.46) & $0.74 \pm 0.04$ (0.61) \\
ds-r1-llama8,2.00,& 2.00 & $1.22 \pm 0.07$ (1.00) & $1.88 \pm 0.10$ (0.71) & $2.30 \pm 0.07$ (0.63) & $0.74 \pm 0.04$ (0.71) \\
ds-r1-llama8,3.00,& 3.00 & $1.93 \pm 0.07$ (1.00) & $2.67 \pm 0.11$ (0.84) & $2.50 \pm 0.07$ (1.00) & $0.69 \pm 0.05$ (0.64) \\
ds-r1-llama8,Unprompted,& Unprompted & $0.33 \pm 0.07$ (0.65) & $1.10 \pm 0.06$ (-0.22) & $0.64 \pm 0.02$ (0.16) & $-0.75 \pm 0.04$ (0.55) \\
ds-r1-qwen32,-3.00,& -3.00 & $-2.35 \pm 0.08$ (1.00) & $-1.41 \pm 0.03$ (0.44) & $-2.29 \pm 0.08$ (1.00) & $-1.64 \pm 0.04$ (1.00) \\
ds-r1-qwen32,-2.00,& -2.00 & $-1.22 \pm 0.07$ (1.00) & $-0.06 \pm 0.05$ (-0.21) & $-0.29 \pm 0.03$ (0.18) & $-0.40 \pm 0.00$ (0.70) \\
ds-r1-qwen32,-1.00,& -1.00 & $0.14 \pm 0.07$ (0.58) & $0.09 \pm 0.06$ (-0.26) & $1.53 \pm 0.05$ (-0.21) & $-0.62 \pm 0.03$ (0.68) \\
ds-r1-qwen32,0.00,& 0.00 & $0.01 \pm 0.11$ (0.00) & $1.23 \pm 0.06$ (-0.10) & $1.69 \pm 0.05$ (0.23) & $0.22 \pm 0.03$ (0.48) \\
ds-r1-qwen32,1.00,& 1.00 & $0.24 \pm 0.08$ (0.56) & $1.82 \pm 0.07$ (0.26) & $0.14 \pm 0.04$ (0.21) & $0.28 \pm 0.04$ (0.56) \\
ds-r1-qwen32,2.00,& 2.00 & $1.26 \pm 0.07$ (1.00) & $1.90 \pm 0.10$ (0.75) & $1.99 \pm 0.06$ (0.60) & $-0.48 \pm 1.00$ (0.40) \\
ds-r1-qwen32,3.00,& 3.00 & $2.34 \pm 0.08$ (1.00) & $2.70 \pm 0.11$ (0.83) & $2.41 \pm 0.07$ (1.00) & $1.56 \pm 0.02$ (1.00) \\
ds-r1-qwen32,Unprompted,& Unprompted & $-0.02 \pm 0.11$ (0.00) & $0.85 \pm 0.06$ (0.02) & $0.03 \pm 0.06$ (0.00) & $0.15 \pm 0.04$ (0.31) \\
gemma3,-3.00,& -3.00 & $-2.63 \pm 0.08$ (1.00) & $-2.22 \pm 0.10$ (0.60) & $3.97 \pm 0.11$ (1.00) & $-1.72 \pm 0.06$ (1.00) \\
gemma3,-2.00,& -2.00 & $-2.57 \pm 0.08$ (1.00) & $-2.21 \pm 0.10$ (0.59) & $-1.57 \pm 0.07$ (0.68) & $-1.54 \pm 0.02$ (1.00) \\
gemma3,-1.00,& -1.00 & $-0.92 \pm 0.11$ (0.78) & $-0.99 \pm 0.10$ (-0.25) & $-1.36 \pm 0.07$ (0.63) & $-0.86 \pm 0.04$ (1.00) \\
gemma3,0.00,& 0.00 & $-0.22 \pm 0.07$ (0.60) & $0.05 \pm 0.00$ (0.00) & $0.18 \pm 0.04$ (0.27) & $0.24 \pm 0.04$ (0.50) \\
gemma3,1.00,& 1.00 & $0.93 \pm 0.03$ (0.74) & $1.43 \pm 0.11$ (0.65) & $1.83 \pm 0.06$ (0.65) & $0.68 \pm 0.05$ (0.75) \\
gemma3,2.00,& 2.00 & $2.57 \pm 0.08$ (1.00) & $2.47 \pm 0.11$ (0.85) & $2.27 \pm 0.07$ (1.00) & $1.22 \pm 0.05$ (1.00) \\
gemma3,3.00,& 3.00 & $2.66 \pm 0.09$ (1.00) & $2.41 \pm 0.11$ (0.86) & $2.29 \pm 0.07$ (1.00) & $1.67 \pm 0.05$ (1.00) \\
gemma3,Unprompted,& Unprompted & $1.11 \pm 0.03$ (0.52) & $-0.20 \pm 0.07$ (0.03) & $0.57 \pm 0.02$ (0.29) & $-0.05 \pm 0.01$ (0.49) \\
llama32,-3.00,& -3.00 & $-1.88 \pm 0.07$ (1.00) & $-0.27 \pm 0.04$ (-0.07) & $-0.24 \pm 0.05$ (0.30) & $-1.64 \pm 0.05$ (1.00) \\
llama32,-2.00,& -2.00 & $-1.62 \pm 0.07$ (1.00) & $-0.90 \pm 0.00$ (0.26) & $-0.75 \pm 0.07$ (0.48) & $-1.56 \pm 0.01$ (1.00) \\
llama32,-1.00,& -1.00 & $-1.40 \pm 0.06$ (1.00) & $1.34 \pm 0.04$ (0.30) & $-0.38 \pm 0.05$ (0.30) & $-0.81 \pm 0.04$ (0.68) \\
llama32,0.00,& 0.00 & $1.32 \pm 0.05$ (0.64) & $1.33 \pm 0.04$ (0.06) & $0.06 \pm 1.00$ (0.25) & $-0.61 \pm 0.03$ (0.40) \\
llama32,1.00,& 1.00 & $1.26 \pm 0.06$ (1.00) & $2.82 \pm 0.11$ (0.81) & $0.59 \pm 0.04$ (0.28) & $-0.58 \pm 0.02$ (0.35) \\
llama32,2.00,& 2.00 & $1.44 \pm 0.07$ (1.00) & $3.03 \pm 0.11$ (0.84) & $0.58 \pm 0.04$ (0.33) & $-0.21 \pm 0.03$ (0.49) \\
llama32,3.00,& 3.00 & $1.80 \pm 0.07$ (1.00) & $3.30 \pm 0.12$ (0.86) & $0.61 \pm 0.06$ (0.41) & $0.97 \pm 1.00$ (0.40) \\
llama32,Unprompted,& Unprompted & $1.28 \pm 0.05$ (0.66) & $-2.79 \pm 0.09$ (0.46) & $0.59 \pm 0.03$ (0.14) & $-0.03 \pm 1.00$ (0.42) \\
llama33,-3.00,& -3.00 & $-2.80 \pm 0.09$ (1.00) & $-2.13 \pm 0.11$ (0.61) & $-2.56 \pm 0.08$ (1.00) & $-1.63 \pm 0.05$ (1.00) \\
llama33,-2.00,& -2.00 & $-1.39 \pm 0.07$ (1.00) & $-1.90 \pm 0.10$ (0.45) & $-1.84 \pm 0.08$ (0.77) & $-1.58 \pm 0.03$ (1.00) \\
llama33,-1.00,& -1.00 & $0.16 \pm 0.06$ (0.56) & $-0.04 \pm 0.06$ (0.00) & $-0.90 \pm 0.05$ (0.47) & $-0.73 \pm 0.04$ (0.75) \\
llama33,0.00,& 0.00 & $-0.02 \pm 0.11$ (0.00) & $0.02 \pm 0.09$ (0.00) & $0.12 \pm 0.06$ (0.20) & $0.97 \pm 1.00$ (0.24) \\
llama33,1.00,& 1.00 & $0.22 \pm 0.08$ (0.62) & $0.77 \pm 0.09$ (0.19) & $0.67 \pm 0.07$ (0.42) & $0.54 \pm 0.02$ (0.55) \\
llama33,2.00,& 2.00 & $1.43 \pm 0.07$ (1.00) & $2.09 \pm 0.12$ (0.86) & $2.23 \pm 0.07$ (1.00) & $0.75 \pm 0.05$ (0.76) \\
llama33,3.00,& 3.00 & $2.83 \pm 0.09$ (1.00) & $2.22 \pm 0.12$ (0.87) & $2.31 \pm 0.07$ (1.00) & $1.58 \pm 0.04$ (1.00) \\
llama33,Unprompted,& Unprompted & $-0.02 \pm 0.11$ (0.00) & $0.78 \pm 0.06$ (0.05) & $0.17 \pm 0.06$ (0.34) & $0.20 \pm 0.04$ (0.48) \\
ministral-r,-3.00,& -3.00 & $-2.34 \pm 0.08$ (1.00) & $-2.13 \pm 0.11$ (0.61) & $-2.06 \pm 0.08$ (0.80) & $-1.61 \pm 0.04$ (1.00) \\
ministral-r,-2.00,& -2.00 & $-1.72 \pm 0.07$ (1.00) & $-2.09 \pm 0.11$ (0.60) & $-0.53 \pm 0.08$ (0.20) & $-1.24 \pm 0.05$ (1.00) \\
ministral-r,-1.00,& -1.00 & $-0.32 \pm 0.07$ (0.67) & $-0.77 \pm 0.07$ (0.18) & $-0.34 \pm 0.06$ (0.11) & $-0.60 \pm 0.04$ (0.69) \\
ministral-r,0.00,& 0.00 & $-0.04 \pm 0.10$ (0.01) & $0.03 \pm 0.06$ (0.00) & $-0.04 \pm 0.08$ (0.00) & $-0.03 \pm 1.00$ (0.45) \\
ministral-r,1.00,& 1.00 & $0.34 \pm 0.07$ (0.64) & $1.12 \pm 0.06$ (0.34) & $0.16 \pm 0.05$ (0.12) & $0.37 \pm 0.04$ (0.62) \\
ministral-r,2.00,& 2.00 & $1.74 \pm 0.07$ (1.00) & $1.45 \pm 0.02$ (0.62) & $1.91 \pm 0.07$ (0.69) & $0.64 \pm 0.05$ (0.72) \\
ministral-r,3.00,& 3.00 & $2.59 \pm 0.08$ (1.00) & $2.31 \pm 0.12$ (0.86) & $2.30 \pm 0.07$ (1.00) & $1.07 \pm 0.05$ (1.00) \\
ministral-r,Unprompted,& Unprompted & $-0.36 \pm 0.06$ (0.66) & $-0.23 \pm 0.05$ (-0.21) & $-0.03 \pm 0.08$ (0.00) & $-0.16 \pm 0.04$ (0.31) \\
o1,-3.00,& -3.00 & $-2.83 \pm 0.09$ (1.00) & $-1.37 \pm 0.02$ (0.22) & $-3.21 \pm 0.10$ (1.00) & $-13.70 \pm 201.65$ (1.00) \\
o1,-2.00,& -2.00 & $-2.51 \pm 0.08$ (1.00) & $-2.42 \pm 0.09$ (0.64) & $-1.93 \pm 0.08$ (0.77) & $-1.59 \pm 0.04$ (1.00) \\
o1,-1.00,& -1.00 & $0.11 \pm 0.06$ (0.45) & $-0.16 \pm 0.04$ (-0.23) & $-0.19 \pm 0.06$ (0.04) & $0.53 \pm 0.02$ (0.41) \\
o1,0.00,& 0.00 & $-0.70 \pm 0.06$ (0.64) & $-1.34 \pm 0.01$ (0.06) & $-0.94 \pm 1.00$ (nan) & $0.26 \pm 0.05$ (0.45) \\
o1,1.00,& 1.00 & $0.15 \pm 0.08$ (0.55) & $2.22 \pm 0.10$ (0.47) & $-0.20 \pm 0.06$ (0.26) & $0.35 \pm 0.05$ (0.55) \\
o1,2.00,& 2.00 & $2.55 \pm 0.08$ (1.00) & $2.47 \pm 0.11$ (0.71) & $2.23 \pm 0.07$ (1.00) & $1.00 \pm 0.05$ (1.00) \\
o1,3.00,& 3.00 & $2.85 \pm 0.09$ (1.00) & $3.25 \pm 0.12$ (0.85) & $2.51 \pm 0.07$ (1.00) & $1.39 \pm 0.03$ (1.00) \\
o1,Unprompted,& Unprompted & $-0.36 \pm 0.04$ (0.67) & $-1.34 \pm 0.01$ (0.06) & $-0.94 \pm 1.00$ (nan) & $0.24 \pm 0.05$ (0.34) \\
qwen3-4b-i,-3.00,& -3.00 & $-1.25 \pm 0.06$ (1.00) & $-0.88 \pm 0.03$ (0.31) & $-1.11 \pm 0.05$ (0.47) & $-1.58 \pm 0.03$ (1.00) \\
qwen3-4b-i,-2.00,& -2.00 & $-0.81 \pm 0.07$ (0.77) & $-1.36 \pm 0.05$ (0.30) & $-0.62 \pm 0.06$ (0.25) & $-0.83 \pm 0.04$ (1.00) \\
qwen3-4b-i,-1.00,& -1.00 & $0.13 \pm 0.07$ (0.53) & $0.60 \pm 0.04$ (-0.22) & $-0.42 \pm 0.03$ (0.25) & $-0.65 \pm 0.04$ (0.60) \\
qwen3-4b-i,0.00,& 0.00 & $0.18 \pm 0.06$ (0.46) & $-0.14 \pm 0.10$ (0.01) & $-0.13 \pm 0.08$ (0.02) & $-0.05 \pm 0.01$ (0.46) \\
qwen3-4b-i,1.00,& 1.00 & $0.28 \pm 0.06$ (0.65) & $0.74 \pm 0.10$ (0.21) & $0.24 \pm 0.06$ (0.31) & $0.23 \pm 0.05$ (0.43) \\
qwen3-4b-i,2.00,& 2.00 & $0.72 \pm 0.06$ (0.68) & $2.07 \pm 0.12$ (0.85) & $0.47 \pm 0.07$ (0.46) & $0.19 \pm 0.05$ (0.40) \\
qwen3-4b-i,3.00,& 3.00 & $1.21 \pm 0.07$ (1.00) & $2.22 \pm 0.12$ (0.87) & $1.93 \pm 0.07$ (0.73) & $0.32 \pm 0.05$ (0.57) \\
qwen3-4b-i,Unprompted,& Unprompted & $-0.17 \pm 0.10$ (0.07) & $0.11 \pm 0.09$ (0.01) & $-0.13 \pm 0.06$ (0.19) & $0.17 \pm 0.04$ (0.30) \\
qwen3-4b-t,-3.00,& -3.00 & $-2.84 \pm 0.09$ (1.00) & $4.02 \pm 0.17$ (0.80) & $3.16 \pm 0.08$ (1.00) & $-2.10 \pm 0.07$ (1.00) \\
qwen3-4b-t,-2.00,& -2.00 & $-2.77 \pm 0.09$ (1.00) & $3.64 \pm 0.13$ (0.75) & $2.75 \pm 0.07$ (1.00) & $-1.67 \pm 0.05$ (1.00) \\
qwen3-4b-t,-1.00,& -1.00 & $-0.46 \pm 0.08$ (0.72) & $-0.03 \pm 0.04$ (0.00) & $-0.89 \pm 0.01$ (0.37) & $-0.80 \pm 0.04$ (0.71) \\
qwen3-4b-t,0.00,& 0.00 & $0.05 \pm 1.00$ (0.01) & $-4.67 \pm 0.24$ (0.93) & $-0.87 \pm 0.02$ (0.35) & $-0.76 \pm 0.04$ (0.58) \\
qwen3-4b-t,1.00,& 1.00 & $0.34 \pm 0.08$ (0.63) & $3.50 \pm 0.13$ (0.71) & $0.15 \pm 0.02$ (0.26) & $-0.60 \pm 0.00$ (0.49) \\
qwen3-4b-t,2.00,& 2.00 & $2.79 \pm 0.09$ (1.00) & $1.40 \pm 0.02$ (0.34) & $2.87 \pm 0.07$ (1.00) & $1.55 \pm 0.02$ (1.00) \\
qwen3-4b-t,3.00,& 3.00 & $2.85 \pm 0.09$ (1.00) & $3.63 \pm 0.14$ (0.88) & $2.83 \pm 0.07$ (1.00) & $1.48 \pm 1.00$ (1.00) \\
qwen3-4b-t,Unprompted,& Unprompted & $-0.06 \pm 0.10$ (0.02) & $0.83 \pm 0.05$ (0.29) & $-0.22 \pm 0.05$ (0.14) & $-0.71 \pm 0.04$ (0.61) \\
