question_id,UG,AS,CEc,CEe,CL,KNn,KNa,KNc,KNf,KNs,MCt,MCu,MCr,MS,QLq,QLl,SNs,VO,AT
TimeDial-TimeDial-362,75.0,1,2,1,1,0,0,1,0,0,2,1,1,2,1,1,0,1,1
TimeDial-TimeDial-74,75.0,1,2,1,1,0,1,2,1,0,1,1,1,2,2,1,0,2,1
TimeDial-TimeDial-375,75.0,2,2,1,1,0,2,2,1,2,2,1,1,0,1,1,0,2,2
TimeDial-TimeDial-156,75.0,2,2,1,1,0,0,3,0,0,2,2,1,2,1,1,0,1,1
TimeDial-TimeDial-378,75.0,2,2,1,1,0,4,3,1,0,2,1,1,3,1,1,0,2,1
TimeDial-TimeDial-451,75.0,2,2,1,1,0,2,3,1,0,2,2,2,2,2,1,0,2,2
TimeDial-TimeDial-407,75.0,2,2,1,1,0,0,3,1,0,2,2,1,2,1,1,0,2,1
TimeDial-TimeDial-496,75.0,2,2,1,1,0,0,2,1,1,2,1,1,0,1,1,0,2,1
TimeDial-TimeDial-31,75.0,1,2,1,1,0,3,2,0,0,2,1,1,2,1,1,0,2,1
TimeDial-TimeDial-409,75.0,2,2,1,1,0,1,2,1,0,2,2,1,0,1,1,0,2,1
TimeDial-TimeDial-491,75.0,2,2,1,1,0,1,2,1,0,1,1,1,1,1,1,0,2,1
TimeDial-TimeDial-492,75.0,2,2,1,1,0,1,2,1,0,2,1,1,0,1,1,0,2,1
TimeDial-TimeDial-357,75.0,1,2,1,1,0,2,2,1,0,2,1,1,0,1,1,0,1,1
TimeDial-TimeDial-77,75.0,2,2,1,1,0,0,2,1,1,2,2,1,2,1,1,0,2,1
TimeDial-TimeDial-462,75.0,1,2,1,1,0,1,2,1,0,2,1,1,0,1,1,0,2,1
TimeDial-TimeDial-498,75.0,1,2,1,1,0,3,3,1,3,2,2,1,3,2,1,0,2,1
TimeDial-TimeDial-212,75.0,2,2,1,1,0,3,3,0,3,2,2,1,0,1,1,0,2,2
TimeDial-TimeDial-102,75.0,1,2,1,0,0,3,2,1,3,2,2,1,0,1,1,0,2,1
TimeDial-TimeDial-335,75.0,1,2,1,1,0,3,2,1,3,2,2,1,0,1,1,0,2,2
TimeDial-TimeDial-174,75.0,1,2,1,0,0,2,2,1,0,1,1,1,1,1,1,0,1,1
TimeDial-TimeDial-410,75.0,1,2,1,1,0,3,3,0,0,2,1,1,0,1,1,0,1,2
TimeDial-TimeDial-71,75.0,2,2,1,1,0,0,2,0,0,2,1,1,2,1,1,0,2,1
TimeDial-TimeDial-210,100.0,1,2,1,1,0,2,2,1,0,2,0,1,0,1,1,0,2,0
TimeDial-TimeDial-64,75.0,2,2,1,1,0,3,3,1,0,2,1,1,0,1,1,0,1,1
TimeDial-TimeDial-94,75.0,2,2,1,1,0,0,2,1,0,2,1,1,0,1,1,0,1,1
TimeDial-TimeDial-186,75.0,2,2,1,1,0,1,2,1,1,2,1,1,0,1,1,0,2,2
TimeDial-TimeDial-34,75.0,1,2,1,2,2,3,2,0,0,2,2,1,0,1,1,0,2,2
TimeDial-TimeDial-1,100.0,1,2,1,1,0,1,2,1,0,2,1,1,1,1,1,0,2,1
TimeDial-TimeDial-12,75.0,1,2,1,0,0,1,3,0,0,2,2,1,0,1,1,0,1,1
TimeDial-TimeDial-416,75.0,2,2,1,1,0,3,3,0,3,2,2,1,0,1,1,0,2,2
TimeDial-TimeDial-73,75.0,1,2,1,1,0,0,2,1,0,2,1,1,2,1,1,0,2,1
TimeDial-TimeDial-132,75.0,2,2,1,1,0,0,2,1,1,2,2,1,0,1,1,0,2,1
TimeDial-TimeDial-194,75.0,2,2,1,0,0,0,2,0,2,2,1,1,2,1,1,0,2,2
TimeDial-TimeDial-56,75.0,1,2,1,1,0,3,3,2,0,2,2,1,2,2,1,0,2,1
TimeDial-TimeDial-149,75.0,2,2,1,1,0,0,2,0,0,2,2,2,2,1,1,0,2,1
TimeDial-TimeDial-205,75.0,2,2,1,1,0,3,2,1,0,2,1,1,1,1,1,0,2,1
TimeDial-TimeDial-495,75.0,1,2,1,1,0,2,3,1,2,2,1,1,2,1,1,0,2,2
TimeDial-TimeDial-263,75.0,1,2,1,1,0,0,2,0,0,2,2,1,2,1,1,0,2,1
TimeDial-TimeDial-484,75.0,1,1,1,1,0,1,2,1,0,2,1,1,1,1,1,0,1,2
TimeDial-TimeDial-80,75.0,1,2,1,1,0,0,3,1,0,2,1,1,2,1,1,0,1,1
TimeDial-TimeDial-452,75.0,2,2,1,1,0,0,2,1,0,2,1,1,3,1,1,0,2,1
TimeDial-TimeDial-47,75.0,2,2,1,1,0,3,2,0,0,2,2,1,0,1,1,0,2,1
TimeDial-TimeDial-239,75.0,2,2,1,1,0,0,2,0,0,2,1,1,1,0,1,0,2,1
TimeDial-TimeDial-392,75.0,2,2,2,2,0,0,3,0,2,2,2,1,3,1,1,0,2,2
TimeDial-TimeDial-353,75.0,2,2,1,1,1,2,2,0,0,3,2,1,2,1,1,0,2,1
TimeDial-TimeDial-342,75.0,2,2,1,1,0,0,2,0,0,2,1,1,4,1,1,0,2,1
TimeDial-TimeDial-278,75.0,2,2,1,1,0,3,2,0,0,2,2,1,2,1,1,0,2,2
TimeDial-TimeDial-318,75.0,2,2,1,1,0,1,2,1,1,2,1,1,0,1,1,0,2,1
TimeDial-TimeDial-269,75.0,1,2,1,1,0,0,2,1,1,2,1,1,2,1,1,0,2,1
TimeDial-TimeDial-70,75.0,2,2,1,1,0,3,3,0,0,2,2,1,2,1,1,0,1,2
TimeDial-TimeDial-456,75.0,2,2,1,1,0,0,2,0,0,2,1,1,2,1,1,0,2,2
TimeDial-TimeDial-466,75.0,2,2,1,1,0,3,3,0,1,2,2,1,2,1,1,0,2,1
TimeDial-TimeDial-155,75.0,1,2,1,1,0,0,2,1,0,2,1,1,0,1,1,0,2,1
TimeDial-TimeDial-83,75.0,2,2,1,1,0,1,2,1,2,2,2,1,0,1,1,0,2,1
TimeDial-TimeDial-478,83.33333333333333,1,2,1,1,0,3,2,1,2,2,1,1,0,1,1,0,2,1
TimeDial-TimeDial-173,75.0,1,2,1,0,0,3,2,1,2,2,2,1,0,1,1,0,1,1
TimeDial-TimeDial-181,75.0,1,2,1,1,0,3,3,0,0,2,1,1,2,1,1,0,2,1
TimeDial-TimeDial-415,75.0,2,2,1,1,0,3,2,1,2,2,2,1,0,1,1,0,2,1
TimeDial-TimeDial-363,75.0,2,2,1,2,0,3,3,1,0,2,2,1,3,1,1,0,2,2
TimeDial-TimeDial-325,75.0,1,2,1,1,3,3,3,1,0,2,2,1,3,1,1,0,2,1
TimeDial-TimeDial-348,75.0,1,2,1,0,0,3,2,1,1,2,1,1,2,1,1,0,1,2
TimeDial-TimeDial-87,75.0,1,2,1,1,0,0,3,1,0,2,2,1,0,1,1,0,2,2
TimeDial-TimeDial-76,75.0,1,2,1,2,0,1,2,1,0,2,1,1,1,1,1,0,2,1
TimeDial-TimeDial-439,75.0,1,1,1,1,0,0,2,1,1,2,1,1,0,1,1,0,2,1
TimeDial-TimeDial-16,75.0,2,2,1,1,0,0,2,0,0,2,1,1,0,1,1,0,1,1
TimeDial-TimeDial-250,75.0,2,2,1,2,0,2,3,1,0,2,2,2,1,1,1,0,2,1
TimeDial-TimeDial-434,75.0,2,2,1,2,0,2,2,0,3,2,2,2,0,1,1,0,2,1
TimeDial-TimeDial-20,75.0,2,2,1,1,0,3,3,1,2,2,2,1,1,1,1,0,1,2
TimeDial-TimeDial-57,75.0,2,2,1,2,0,3,3,1,2,2,1,2,2,1,1,0,2,2
TimeDial-TimeDial-302,75.0,1,2,1,0,0,0,2,1,0,2,1,1,2,1,1,0,1,1
TimeDial-TimeDial-230,75.0,2,2,1,1,0,0,2,1,1,2,1,1,3,1,1,0,1,2
TimeDial-TimeDial-138,100.0,1,1,1,0,0,2,2,2,0,1,1,1,0,1,1,0,2,0
TimeDial-TimeDial-336,100.0,1,1,1,1,0,0,2,1,1,2,1,1,2,1,1,0,2,0
TimeDial-TimeDial-26,75.0,1,2,1,1,0,0,2,0,0,2,1,1,3,1,1,0,1,1
TimeDial-TimeDial-465,100.0,1,2,1,0,0,0,2,1,1,1,0,1,0,1,1,0,1,0
TimeDial-TimeDial-248,75.0,1,2,1,0,3,3,3,1,0,2,2,1,0,1,1,0,1,2
TimeDial-TimeDial-118,75.0,1,2,1,1,1,2,2,1,0,2,1,1,2,1,1,0,2,1
TimeDial-TimeDial-43,75.0,1,2,1,0,0,0,2,1,0,2,1,1,0,1,1,0,2,1
TimeDial-TimeDial-221,75.0,1,2,1,1,0,3,2,1,0,2,1,1,0,1,1,0,1,1
TimeDial-TimeDial-177,75.0,1,2,1,2,0,1,2,1,1,2,1,1,0,2,1,0,1,1
TimeDial-TimeDial-154,75.0,3,2,1,2,0,1,3,1,0,2,2,1,0,1,1,0,2,2
TimeDial-TimeDial-232,75.0,2,2,1,1,0,1,3,1,0,2,2,1,0,1,1,0,1,1
TimeDial-TimeDial-204,85.71428571428571,2,2,1,1,0,0,2,0,0,2,2,1,2,1,1,0,2,1
TimeDial-TimeDial-330,75.0,1,2,1,1,3,3,2,1,0,2,1,1,2,1,1,0,2,1
TimeDial-TimeDial-32,75.0,1,2,1,1,0,1,2,1,0,2,2,1,0,1,1,0,1,1
TimeDial-TimeDial-114,75.0,1,1,1,1,0,1,3,1,0,1,1,1,0,1,1,0,1,1
TimeDial-TimeDial-471,75.0,2,2,1,1,0,3,3,1,0,2,2,1,3,1,1,0,2,3
TimeDial-TimeDial-272,75.0,2,2,1,1,0,3,2,1,3,2,2,1,3,1,1,0,2,2
TimeDial-TimeDial-141,75.0,2,2,1,1,0,3,2,1,0,2,1,1,1,1,1,0,2,1
TimeDial-TimeDial-58,75.0,2,2,1,1,0,3,2,0,3,2,2,1,0,1,1,0,2,2
TimeDial-TimeDial-193,75.0,2,2,1,2,0,2,2,1,0,2,2,2,3,2,1,2,2,2
TimeDial-TimeDial-25,75.0,2,2,1,0,0,3,3,1,1,2,1,1,2,1,1,0,1,1
TimeDial-TimeDial-18,75.0,1,2,1,1,0,3,3,1,2,2,1,1,3,1,1,0,2,1
TimeDial-TimeDial-266,75.0,2,2,1,0,3,4,2,0,0,2,2,1,1,1,1,0,2,1
TimeDial-TimeDial-67,75.0,2,2,1,1,0,0,2,0,1,2,2,1,2,1,1,0,2,1
TimeDial-TimeDial-209,75.0,1,2,1,1,0,1,2,1,1,2,1,1,2,1,1,0,2,1
TimeDial-TimeDial-480,75.0,2,2,1,1,2,3,2,0,0,2,1,1,2,1,1,0,2,2
TimeDial-TimeDial-95,75.0,1,2,1,1,0,1,2,1,0,2,1,1,2,1,1,0,2,1
TimeDial-TimeDial-24,100.0,1,2,1,0,0,1,2,0,0,1,1,1,0,1,1,0,2,1
TimeDial-TimeDial-223,75.0,2,2,1,2,0,1,3,0,1,2,3,1,3,1,1,0,2,2
TimeDial-TimeDial-262,75.0,2,2,1,1,0,0,2,1,0,2,2,1,0,1,1,0,1,1
TimeDial-TimeDial-427,75.0,2,2,1,1,0,0,3,1,0,2,1,1,2,1,1,2,2,1
TimeDial-TimeDial-6,75.0,2,2,1,2,0,1,2,1,0,1,1,1,2,1,1,0,2,0
TimeDial-TimeDial-117,75.0,2,2,1,1,0,0,2,1,2,2,1,1,3,1,1,0,2,1
TimeDial-TimeDial-46,75.0,2,2,1,1,0,0,2,0,1,2,1,1,1,1,1,0,2,1
TimeDial-TimeDial-17,75.0,2,2,1,1,0,0,2,0,0,2,1,1,2,1,1,0,2,1
TimeDial-TimeDial-463,75.0,2,2,1,1,0,3,3,1,3,2,2,1,2,1,1,0,2,2
TimeDial-TimeDial-4,75.0,1,2,1,1,0,3,2,1,2,2,2,1,0,1,1,0,1,1
TimeDial-TimeDial-219,75.0,1,1,1,1,0,1,2,1,0,2,1,1,2,1,1,1,2,1
TimeDial-TimeDial-406,75.0,2,2,1,1,0,0,2,0,3,2,1,1,2,1,1,0,2,2
TimeDial-TimeDial-111,75.0,1,2,1,1,0,1,2,1,0,2,1,1,1,1,1,1,2,0
TimeDial-TimeDial-319,75.0,1,2,1,1,0,0,2,1,0,2,1,1,2,1,1,0,2,0
TimeDial-TimeDial-438,75.0,2,2,1,1,0,2,2,1,0,2,1,1,0,1,1,0,2,1
TimeDial-TimeDial-472,75.0,2,3,1,1,0,0,2,1,1,2,2,2,2,1,1,0,2,2
TimeDial-TimeDial-8,75.0,1,2,1,0,0,1,2,1,0,2,1,1,0,1,1,2,2,1
TimeDial-TimeDial-38,75.0,2,2,1,2,0,0,2,0,0,2,2,1,0,1,1,0,2,1
TimeDial-TimeDial-158,75.0,2,2,1,2,0,3,3,0,0,2,2,1,0,1,1,0,2,1
TimeDial-TimeDial-119,75.0,2,1,1,1,0,1,2,1,0,2,1,1,1,1,1,0,1,2
TimeDial-TimeDial-115,75.0,2,2,1,1,0,0,3,1,2,2,2,1,0,1,1,0,2,1
TimeDial-TimeDial-374,75.0,1,2,1,1,0,3,3,1,0,2,2,1,2,1,1,0,1,1
TimeDial-TimeDial-182,75.0,1,2,1,1,0,3,3,0,0,2,2,1,0,1,1,0,2,2
TimeDial-TimeDial-145,75.0,2,2,1,0,0,3,2,1,0,2,1,1,2,1,1,0,1,1
TimeDial-TimeDial-391,75.0,1,2,1,1,0,3,3,0,1,2,2,1,0,1,1,0,1,2
TimeDial-TimeDial-142,75.0,2,2,1,0,0,0,2,1,1,2,1,1,2,1,1,0,2,1
TimeDial-TimeDial-366,75.0,2,2,1,1,0,2,3,1,0,2,1,1,0,1,1,0,2,1
TimeDial-TimeDial-68,75.0,1,2,1,1,0,0,2,1,0,2,2,2,0,1,1,0,2,1
TimeDial-TimeDial-211,75.0,2,2,1,1,0,3,2,1,0,2,1,1,2,1,1,0,2,2
TimeDial-TimeDial-494,75.0,2,2,1,1,0,2,2,1,0,2,1,1,1,1,1,0,2,1
TimeDial-TimeDial-376,75.0,2,2,1,1,0,0,2,0,2,2,2,1,2,1,1,0,2,2
TimeDial-TimeDial-401,75.0,2,2,1,1,0,3,3,1,0,2,2,2,2,1,2,0,1,2
TimeDial-TimeDial-273,75.0,1,2,1,1,0,0,2,0,0,2,1,1,0,1,1,0,2,1
TimeDial-TimeDial-110,100.0,1,2,1,1,0,3,3,1,0,2,2,1,1,1,1,0,2,2
TimeDial-TimeDial-249,75.0,1,2,1,1,2,1,2,1,1,2,2,1,0,1,1,0,2,2
TimeDial-TimeDial-146,75.0,1,2,1,1,0,0,1,1,0,2,1,1,2,1,1,0,2,2
TimeDial-TimeDial-93,75.0,1,2,1,1,0,0,2,0,0,2,1,1,0,1,1,0,2,1
TimeDial-TimeDial-468,75.0,2,2,1,1,0,3,3,0,0,2,1,1,1,1,1,0,2,1
TimeDial-TimeDial-84,75.0,2,1,1,1,0,1,2,1,0,1,1,1,1,1,1,0,2,1
TimeDial-TimeDial-246,75.0,1,2,1,1,0,1,2,1,0,2,2,1,1,2,1,0,1,1
TimeDial-TimeDial-166,75.0,1,2,1,1,0,2,2,1,0,2,1,1,1,1,1,0,2,1
TimeDial-TimeDial-164,75.0,2,2,1,1,0,2,3,1,0,2,2,1,0,1,1,0,2,2
TimeDial-TimeDial-200,75.0,1,2,1,1,0,0,2,1,0,2,1,1,0,1,1,0,2,1
TimeDial-TimeDial-75,75.0,1,2,1,1,0,1,2,1,0,2,1,1,2,2,1,0,1,2
TimeDial-TimeDial-479,75.0,1,2,1,1,0,0,2,1,1,2,2,1,1,1,1,0,2,1
TimeDial-TimeDial-251,75.0,1,2,1,1,0,3,2,0,0,2,2,1,2,1,1,0,2,1
TimeDial-TimeDial-311,75.0,2,2,1,1,0,0,3,1,0,1,1,1,2,1,1,0,2,2
TimeDial-TimeDial-300,75.0,2,2,1,1,0,0,3,1,1,2,1,1,2,1,1,0,2,1
TimeDial-TimeDial-256,75.0,2,2,1,2,0,0,3,0,0,2,1,1,2,1,1,0,2,2
TimeDial-TimeDial-226,75.0,2,2,1,1,0,0,4,1,0,2,3,1,2,1,1,0,2,2
TimeDial-TimeDial-354,75.0,2,2,1,1,0,0,3,1,1,2,1,1,3,1,1,0,2,1
TimeDial-TimeDial-235,75.0,2,2,1,1,0,0,2,1,2,2,1,1,1,1,1,0,2,1
TimeDial-TimeDial-275,75.0,1,2,1,1,0,0,2,0,0,2,1,1,2,1,1,0,1,1
TimeDial-TimeDial-37,75.0,1,2,1,1,0,0,2,1,0,2,1,1,1,1,1,0,2,1
TimeDial-TimeDial-197,75.0,1,1,1,1,0,2,2,1,0,2,1,1,1,1,1,0,1,1
TimeDial-TimeDial-365,75.0,2,2,1,1,0,1,2,0,0,2,1,1,0,1,1,0,2,1
TimeDial-TimeDial-245,75.0,1,1,1,1,0,0,2,0,0,1,1,1,0,1,1,0,1,1
TimeDial-TimeDial-440,75.0,1,2,1,1,0,3,2,1,0,2,1,1,0,2,1,0,2,2
TimeDial-TimeDial-287,75.0,2,2,1,1,0,3,2,1,0,2,1,1,2,1,1,0,1,2
TimeDial-TimeDial-60,75.0,1,2,1,0,0,2,2,1,0,2,1,1,0,1,1,0,2,1
TimeDial-TimeDial-112,75.0,2,2,1,1,0,1,3,1,1,2,1,1,0,1,1,0,2,1
TimeDial-TimeDial-90,75.0,1,2,1,1,0,1,2,1,0,2,2,1,1,2,1,0,2,1
TimeDial-TimeDial-437,75.0,1,2,1,1,1,1,2,1,1,2,1,1,1,1,2,0,1,1
TimeDial-TimeDial-361,75.0,1,2,1,1,0,3,2,0,0,2,2,1,0,1,1,0,1,1
TimeDial-TimeDial-347,75.0,2,2,1,1,0,2,2,1,0,2,1,1,3,1,1,0,2,1
TimeDial-TimeDial-339,75.0,1,1,1,1,0,2,3,1,1,2,1,1,0,1,1,0,2,1
TimeDial-TimeDial-159,75.0,2,2,1,1,0,0,2,1,1,2,1,1,0,1,1,0,1,1
TimeDial-TimeDial-394,75.0,1,2,1,1,0,0,2,1,0,2,2,1,0,1,1,0,1,2
TimeDial-TimeDial-104,75.0,2,3,1,1,0,3,3,1,0,2,2,1,3,2,1,0,2,1
TimeDial-TimeDial-82,75.0,2,2,1,1,0,2,3,1,0,2,3,1,0,1,1,1,2,1
TimeDial-TimeDial-315,75.0,2,2,1,1,0,1,2,1,0,2,1,1,1,2,1,2,2,1
TimeDial-TimeDial-470,75.0,1,2,1,0,0,1,2,1,0,2,1,1,1,1,1,0,2,1
TimeDial-TimeDial-297,75.0,2,2,1,1,0,4,3,1,3,2,1,1,3,1,1,0,2,2
TimeDial-TimeDial-417,75.0,1,2,1,1,1,3,2,1,0,2,2,1,2,1,1,0,2,2
TimeDial-TimeDial-147,75.0,1,2,1,1,0,0,2,1,0,2,2,1,2,2,1,0,1,2
TimeDial-TimeDial-393,75.0,2,2,1,1,0,2,3,1,0,2,1,1,2,1,1,0,1,1
TimeDial-TimeDial-148,75.0,1,2,1,1,0,0,2,1,1,2,1,1,2,0,1,0,2,1
TimeDial-TimeDial-288,75.0,2,2,1,1,0,0,2,0,1,2,2,2,2,1,1,0,2,2
TimeDial-TimeDial-124,75.0,2,2,1,1,1,3,2,0,0,2,2,1,2,1,1,0,2,1
TimeDial-TimeDial-369,75.0,1,2,1,0,0,1,3,0,1,2,1,1,0,1,1,0,1,1
TimeDial-TimeDial-97,75.0,2,2,1,2,0,0,2,1,0,2,2,1,2,1,1,0,2,2
TimeDial-TimeDial-144,75.0,1,2,1,1,0,0,3,1,0,2,1,1,2,1,1,0,2,1
TimeDial-TimeDial-240,75.0,1,2,1,1,0,0,2,1,0,2,1,1,0,1,1,0,1,1
TimeDial-TimeDial-443,75.0,1,2,1,1,0,1,2,1,0,2,2,1,2,1,1,0,2,1
TimeDial-TimeDial-408,75.0,1,2,1,1,0,1,3,1,0,2,1,1,2,1,1,0,2,1
TimeDial-TimeDial-123,75.0,2,2,1,1,0,0,3,0,0,2,1,1,1,1,1,0,2,1
TimeDial-TimeDial-203,75.0,2,2,1,1,0,0,2,1,0,2,2,1,2,1,1,0,2,2
TimeDial-TimeDial-247,75.0,1,2,1,0,1,2,2,1,0,1,1,1,1,1,1,0,2,1
TimeDial-TimeDial-306,75.0,2,2,2,1,0,3,2,0,1,2,2,1,2,1,2,0,1,1
TimeDial-TimeDial-352,75.0,2,2,1,1,0,2,3,1,0,2,2,1,2,1,1,0,2,1
TimeDial-TimeDial-285,75.0,2,2,1,1,0,2,2,1,0,2,1,1,0,1,1,0,2,2
TimeDial-TimeDial-126,75.0,2,2,1,0,3,3,2,1,0,2,2,1,2,1,1,0,2,1
TimeDial-TimeDial-303,75.0,1,2,1,0,0,1,2,1,0,2,1,1,0,1,1,0,1,1
TimeDial-TimeDial-224,75.0,1,2,1,2,0,3,2,0,0,2,1,1,2,1,1,0,1,1
TimeDial-TimeDial-419,75.0,1,2,1,1,0,1,2,1,1,2,1,1,1,1,1,0,2,1
TimeDial-TimeDial-220,75.0,1,2,1,1,0,3,2,1,0,2,2,1,1,1,1,0,2,1
TimeDial-TimeDial-290,75.0,1,2,1,1,0,0,2,1,0,2,2,1,0,1,1,0,2,1
TimeDial-TimeDial-445,75.0,2,2,1,1,0,2,2,0,0,3,2,1,1,1,1,0,2,1
TimeDial-TimeDial-377,75.0,2,2,1,1,0,3,2,1,1,2,1,1,0,1,1,0,2,1
TimeDial-TimeDial-292,75.0,1,2,1,1,0,1,2,1,1,2,1,1,0,1,1,0,2,1
TimeDial-TimeDial-356,75.0,2,2,1,1,0,0,2,1,0,2,1,1,2,1,1,0,2,3
TimeDial-TimeDial-295,100.0,1,2,1,1,0,0,3,1,0,2,1,1,0,1,1,0,2,1
TimeDial-TimeDial-397,75.0,1,2,1,1,0,3,3,1,0,2,0,1,0,1,1,0,2,2
TimeDial-TimeDial-341,75.0,2,2,1,2,1,0,2,0,0,2,2,1,0,1,1,0,2,2
TimeDial-TimeDial-113,75.0,1,2,1,1,0,0,3,1,2,1,1,1,0,1,1,0,2,1
TimeDial-TimeDial-180,75.0,1,2,1,1,0,3,2,1,0,2,1,1,2,1,1,0,2,1
TimeDial-TimeDial-308,75.0,2,2,1,1,0,1,2,1,0,2,2,1,0,1,1,0,2,2
TimeDial-TimeDial-433,100.0,2,2,1,1,0,3,3,2,1,2,2,1,2,2,2,0,2,1
TimeDial-TimeDial-488,75.0,2,2,1,1,0,0,2,0,3,2,3,1,3,1,1,0,2,1
TimeDial-TimeDial-482,75.0,2,2,1,1,0,2,2,1,0,2,2,1,0,2,1,0,2,1
TimeDial-TimeDial-234,75.0,2,2,1,2,0,0,3,1,0,2,1,1,2,1,1,0,2,1
TimeDial-TimeDial-165,75.0,1,2,1,1,0,1,2,1,0,2,1,1,1,1,1,0,2,1
TimeDial-TimeDial-116,75.0,1,3,1,1,0,0,3,1,0,2,2,2,3,1,1,0,2,2
TimeDial-TimeDial-121,75.0,2,2,1,1,0,0,2,1,0,2,1,2,0,1,1,0,1,2
TimeDial-TimeDial-350,75.0,2,2,1,1,0,1,2,1,0,2,1,1,0,1,1,0,2,1
TimeDial-TimeDial-225,75.0,2,2,1,1,0,3,3,1,1,2,1,2,4,1,1,0,2,1
TimeDial-TimeDial-403,75.0,2,2,1,0,0,3,3,0,4,1,2,1,0,1,0,0,2,1
TimeDial-TimeDial-128,75.0,2,2,1,1,0,3,2,1,1,2,1,1,2,1,1,0,2,1
TimeDial-TimeDial-286,75.0,2,2,1,1,0,3,2,1,3,2,1,1,0,1,1,0,1,1
TimeDial-TimeDial-412,75.0,2,2,1,1,0,0,2,1,1,2,2,1,3,1,1,0,2,2
TimeDial-TimeDial-108,75.0,2,2,1,1,0,0,3,1,0,2,1,1,1,1,1,0,2,1
TimeDial-TimeDial-371,100.0,2,2,1,1,0,3,3,1,1,2,1,1,0,1,1,0,2,1
TimeDial-TimeDial-326,75.0,2,2,1,1,0,2,3,1,0,2,2,2,0,1,1,0,2,1
TimeDial-TimeDial-134,75.0,2,2,1,1,0,0,3,1,0,2,2,1,2,1,1,0,1,1
TimeDial-TimeDial-453,75.0,2,2,1,1,0,3,3,1,0,2,1,1,2,1,1,0,2,1
TimeDial-TimeDial-45,75.0,1,2,1,0,0,3,2,1,0,2,2,1,1,1,1,0,1,1
TimeDial-TimeDial-461,75.0,2,1,1,1,0,0,2,1,0,1,2,1,0,1,1,0,2,1
TimeDial-TimeDial-66,75.0,2,2,1,1,0,0,2,1,0,2,2,1,1,1,1,0,2,1
TimeDial-TimeDial-187,75.0,2,2,1,1,0,0,2,1,0,2,2,1,3,1,1,0,1,1
TimeDial-TimeDial-13,75.0,2,2,1,1,0,3,2,1,2,2,1,1,0,1,1,0,2,1
TimeDial-TimeDial-36,75.0,1,2,1,1,0,3,2,1,3,2,2,1,1,1,1,0,2,1
TimeDial-TimeDial-29,75.0,1,2,1,1,0,0,2,1,0,2,1,1,2,1,1,0,1,1
TimeDial-TimeDial-171,75.0,1,2,1,1,0,1,1,1,0,2,1,1,2,1,1,0,1,1
TimeDial-TimeDial-143,75.0,1,2,1,2,0,0,3,0,1,2,1,2,3,1,1,0,2,2
TimeDial-TimeDial-343,75.0,2,2,1,2,0,3,3,1,0,3,3,1,4,2,1,0,2,2
TimeDial-TimeDial-96,75.0,2,2,1,1,0,0,2,0,1,2,1,1,1,1,1,0,1,1
TimeDial-TimeDial-52,75.0,1,2,1,1,0,2,3,1,0,2,1,1,1,1,1,0,2,1
TimeDial-TimeDial-241,75.0,2,2,1,1,0,0,4,1,3,2,2,1,2,1,1,0,2,2
TimeDial-TimeDial-485,75.0,2,2,1,1,0,3,3,1,3,2,1,1,3,1,1,0,2,1
TimeDial-TimeDial-379,75.0,2,2,1,1,2,1,3,1,0,2,2,1,0,2,1,0,2,2
TimeDial-TimeDial-42,75.0,2,2,1,1,0,4,2,0,3,2,1,1,3,1,1,0,2,2
TimeDial-TimeDial-422,75.0,1,2,1,1,0,2,2,1,0,2,2,1,2,1,1,1,2,1
TimeDial-TimeDial-207,75.0,2,2,1,1,0,2,2,1,0,2,2,1,0,2,2,0,2,2
TimeDial-TimeDial-283,75.0,1,2,1,1,1,1,2,1,0,1,2,1,2,1,1,1,2,2
TimeDial-TimeDial-255,75.0,1,2,1,1,2,2,3,1,1,2,1,1,0,1,1,0,1,1
TimeDial-TimeDial-5,75.0,1,2,1,1,0,0,2,1,0,2,1,1,0,1,1,0,1,1
TimeDial-TimeDial-449,75.0,2,1,1,1,0,0,2,1,0,2,2,1,0,1,1,0,1,1
TimeDial-TimeDial-101,75.0,2,2,1,0,0,2,2,1,0,2,1,1,0,1,1,0,2,2
TimeDial-TimeDial-227,100.0,2,2,1,1,0,2,2,1,0,2,1,1,0,1,1,0,2,1
TimeDial-TimeDial-172,75.0,1,2,1,2,0,1,2,1,0,2,1,1,0,1,1,0,1,1
TimeDial-TimeDial-99,100.0,1,2,1,1,0,3,3,1,3,2,2,1,1,2,1,0,2,1
TimeDial-TimeDial-48,100.0,2,2,1,2,0,1,2,0,2,2,1,1,0,1,1,0,2,1
TimeDial-TimeDial-33,75.0,2,2,1,1,0,0,2,0,0,2,2,1,2,1,1,0,2,2
TimeDial-TimeDial-268,75.0,1,2,1,1,1,1,2,1,0,2,1,1,0,1,1,0,2,1
TimeDial-TimeDial-328,75.0,1,2,1,1,0,3,3,1,0,3,2,1,2,1,1,0,2,2
TimeDial-TimeDial-201,75.0,1,2,1,0,0,2,2,1,0,2,2,1,2,1,1,0,1,1
TimeDial-TimeDial-447,75.0,2,1,1,1,0,0,2,1,0,2,1,1,1,1,1,0,2,1
TimeDial-TimeDial-425,75.0,2,2,1,1,3,2,3,1,0,2,2,1,2,1,1,0,2,2
TimeDial-TimeDial-261,75.0,2,1,1,2,0,0,3,1,1,2,1,1,0,1,1,0,1,1
TimeDial-TimeDial-289,75.0,2,2,1,1,0,0,2,0,1,1,1,1,1,1,1,0,2,1
TimeDial-TimeDial-163,75.0,1,2,1,1,0,0,2,1,1,2,1,1,2,1,1,0,2,1
TimeDial-TimeDial-426,75.0,2,2,1,2,0,3,3,1,0,2,2,1,2,1,1,0,1,1
TimeDial-TimeDial-139,75.0,1,2,1,1,0,3,3,0,3,2,1,1,0,1,1,0,2,2
TimeDial-TimeDial-9,75.0,2,2,1,2,0,3,3,1,0,2,2,1,0,1,1,0,2,1
TimeDial-TimeDial-464,75.0,1,2,1,1,0,3,2,1,3,2,1,1,0,1,1,0,1,1
TimeDial-TimeDial-15,75.0,1,2,1,0,0,3,3,1,0,2,1,1,0,1,1,0,1,1
TimeDial-TimeDial-157,75.0,2,2,1,1,0,2,3,1,0,2,2,1,3,1,1,0,2,2
TimeDial-TimeDial-380,75.0,1,2,1,1,0,0,3,0,0,2,1,1,1,1,1,0,2,1
TimeDial-TimeDial-469,75.0,1,2,1,1,0,0,2,0,0,2,2,1,1,1,1,0,2,1
TimeDial-TimeDial-217,75.0,2,2,1,2,0,0,2,0,0,1,2,1,1,1,1,0,2,1
TimeDial-TimeDial-435,75.0,2,2,1,1,0,3,3,1,1,2,1,1,0,1,1,0,1,2
TimeDial-TimeDial-431,75.0,2,2,1,1,0,1,3,1,0,2,2,1,1,1,1,0,2,1
TimeDial-TimeDial-338,75.0,2,2,1,2,0,3,3,0,2,2,2,1,2,1,1,0,2,2
TimeDial-TimeDial-237,75.0,2,1,1,1,0,1,2,1,0,2,1,1,0,1,1,0,1,1
TimeDial-TimeDial-208,75.0,1,2,1,1,0,3,3,1,2,2,2,2,1,1,1,0,2,2
TimeDial-TimeDial-213,75.0,2,2,1,1,0,0,2,1,0,2,3,1,0,1,1,0,2,1
TimeDial-TimeDial-296,75.0,1,2,1,1,0,1,3,1,1,2,1,1,2,1,1,0,2,1
TimeDial-TimeDial-458,75.0,2,2,1,1,0,0,2,1,0,2,1,1,0,1,1,0,2,1
TimeDial-TimeDial-252,75.0,2,2,1,1,0,3,3,1,3,2,2,1,2,1,1,0,2,1
TimeDial-TimeDial-489,75.0,2,2,1,1,0,0,3,1,0,2,3,1,3,1,1,0,2,1
TimeDial-TimeDial-487,75.0,2,2,2,1,2,3,2,1,0,2,2,1,2,1,1,0,1,1
TimeDial-TimeDial-270,75.0,2,2,1,1,0,1,2,1,0,2,1,1,1,1,1,1,2,2
TimeDial-TimeDial-202,75.0,1,1,1,1,0,0,2,1,0,2,1,1,1,1,1,0,2,1
TimeDial-TimeDial-162,75.0,2,2,1,1,0,3,3,1,0,2,1,1,2,1,1,0,2,2
TimeDial-TimeDial-44,75.0,2,2,1,1,0,2,2,1,0,2,1,1,0,1,1,0,2,1
TimeDial-TimeDial-218,75.0,1,2,1,1,0,1,2,1,0,2,1,1,1,1,1,0,2,1
TimeDial-TimeDial-402,75.0,2,2,1,1,0,3,3,1,0,2,2,1,0,1,1,0,1,2
TimeDial-TimeDial-191,75.0,2,2,1,1,0,2,2,1,1,2,1,1,0,1,1,0,2,1
TimeDial-TimeDial-260,75.0,0,1,1,0,0,1,3,1,0,2,2,1,0,1,1,0,1,1
TimeDial-TimeDial-106,75.0,2,2,1,1,0,2,4,0,1,2,3,2,3,1,1,0,2,2
TimeDial-TimeDial-54,75.0,2,2,1,1,0,0,2,1,1,2,1,1,0,1,1,0,2,2
TimeDial-TimeDial-390,75.0,1,2,1,1,0,0,3,1,0,2,1,2,2,1,1,0,2,2
TimeDial-TimeDial-2,75.0,0,2,1,1,0,1,3,0,0,2,1,1,2,1,1,0,1,1
TimeDial-TimeDial-483,75.0,1,2,1,1,0,2,3,1,0,2,1,1,0,1,1,0,2,1
TimeDial-TimeDial-50,75.0,1,2,1,0,0,3,2,0,0,2,1,1,1,1,1,0,2,1
TimeDial-TimeDial-420,75.0,2,2,1,1,0,0,2,1,0,2,2,1,0,1,1,0,2,2
TimeDial-TimeDial-81,75.0,2,1,1,1,0,2,2,1,1,2,1,1,0,1,1,0,2,1
TimeDial-TimeDial-206,75.0,2,1,1,1,0,2,2,1,0,2,1,1,1,1,1,0,2,1
TimeDial-TimeDial-35,75.0,2,2,1,1,0,2,3,1,0,2,1,1,0,2,1,0,2,1
TimeDial-TimeDial-428,75.0,1,1,1,1,0,0,3,1,0,2,2,1,3,1,1,0,1,2
TimeDial-TimeDial-367,75.0,2,2,1,1,0,3,3,1,3,2,2,1,0,2,1,0,2,2
TimeDial-TimeDial-340,75.0,1,2,1,0,0,1,2,1,0,2,1,1,2,1,1,0,2,1
TimeDial-TimeDial-474,75.0,2,2,1,2,0,0,2,1,0,2,1,1,2,1,1,0,1,1
TimeDial-TimeDial-242,75.0,1,2,1,1,0,0,3,1,0,1,1,1,1,1,1,0,1,1
TimeDial-TimeDial-14,75.0,1,2,1,1,0,0,2,1,0,2,1,1,1,1,1,0,1,1
TimeDial-TimeDial-89,75.0,2,2,1,1,0,3,2,1,0,2,2,1,0,2,1,0,1,1
TimeDial-TimeDial-388,75.0,2,2,1,1,0,4,2,1,0,2,2,1,0,2,1,0,1,2
TimeDial-TimeDial-167,100.0,2,2,1,1,0,2,2,1,0,2,1,1,0,1,1,0,2,1
TimeDial-TimeDial-329,75.0,2,2,1,1,0,0,2,0,0,2,1,1,1,1,1,0,2,1
TimeDial-TimeDial-493,75.0,1,2,1,0,0,3,2,1,0,2,0,1,0,1,1,0,1,1
TimeDial-TimeDial-135,75.0,1,2,1,1,0,3,3,0,0,2,1,1,1,1,1,0,1,2
TimeDial-TimeDial-307,100.0,1,1,1,1,0,3,3,0,2,2,1,1,2,1,1,0,1,1
TimeDial-TimeDial-320,75.0,1,2,1,1,0,1,2,1,0,1,1,1,0,1,1,2,2,1
TimeDial-TimeDial-244,75.0,1,2,1,1,0,3,2,1,2,2,1,1,0,1,1,0,2,1
TimeDial-TimeDial-55,75.0,2,2,1,1,0,3,2,0,3,2,2,1,2,1,1,0,2,2
TimeDial-TimeDial-364,75.0,2,2,1,1,0,3,3,0,3,2,1,1,0,1,1,0,1,1
TimeDial-TimeDial-51,75.0,1,2,1,1,0,0,2,1,0,2,1,1,2,1,1,0,2,1
TimeDial-TimeDial-457,75.0,1,2,1,1,0,1,3,1,0,2,1,1,2,1,1,0,2,2
TimeDial-TimeDial-175,75.0,1,2,1,0,0,1,3,0,0,2,2,1,0,1,1,0,1,1
TimeDial-TimeDial-446,100.0,1,2,1,1,0,0,1,1,0,2,1,1,0,1,1,0,1,1
TimeDial-TimeDial-497,75.0,1,2,1,1,0,3,3,0,2,2,2,1,0,1,1,0,2,1
TimeDial-TimeDial-59,75.0,1,2,1,1,0,0,2,1,0,2,1,1,2,1,1,0,1,1
TimeDial-TimeDial-49,75.0,1,2,1,1,0,1,2,1,0,1,1,1,2,1,1,0,1,2
TimeDial-TimeDial-236,75.0,2,3,1,2,0,3,3,1,0,2,3,1,4,2,2,0,2,2
TimeDial-TimeDial-253,100.0,1,2,1,1,0,0,2,1,0,1,1,1,0,1,1,0,2,0
TimeDial-TimeDial-22,75.0,2,2,1,1,2,3,2,0,0,2,2,2,2,1,1,0,1,1
TimeDial-TimeDial-314,75.0,2,2,1,1,0,0,2,1,3,2,1,1,0,1,1,0,2,1
TimeDial-TimeDial-161,75.0,1,1,1,1,1,3,2,1,0,2,1,1,2,1,1,0,1,1
TimeDial-TimeDial-192,75.0,2,2,1,1,0,3,3,0,3,2,1,1,2,1,1,0,2,2
TimeDial-TimeDial-414,75.0,1,2,1,0,0,1,3,1,0,2,1,2,0,1,1,0,2,1
TimeDial-TimeDial-344,75.0,2,2,1,1,0,4,4,1,3,2,2,1,0,1,2,0,1,3
TimeDial-TimeDial-150,75.0,2,2,1,1,0,2,3,0,0,2,1,1,0,1,1,0,2,1
TimeDial-TimeDial-131,75.0,3,2,1,1,0,2,3,1,1,2,1,1,3,1,1,0,2,1
TimeDial-TimeDial-100,75.0,1,1,1,1,0,1,3,1,3,2,2,1,0,1,1,0,2,1
TimeDial-TimeDial-331,75.0,1,2,1,0,0,1,2,1,1,2,1,1,1,1,1,0,1,2
TimeDial-TimeDial-215,75.0,1,2,1,1,0,0,2,1,0,2,1,1,1,1,1,0,2,1
TimeDial-TimeDial-467,75.0,2,2,1,1,3,3,2,0,0,2,2,1,2,1,1,0,2,1
TimeDial-TimeDial-72,75.0,3,2,1,2,0,3,3,0,1,2,2,1,2,1,1,0,1,2
TimeDial-TimeDial-107,75.0,1,2,1,0,0,0,2,1,0,2,1,1,1,1,1,0,2,1
TimeDial-TimeDial-271,75.0,2,2,1,0,0,3,2,1,0,2,2,1,0,1,1,0,2,1
TimeDial-TimeDial-349,75.0,1,2,1,1,0,3,2,1,0,2,2,1,0,1,1,0,1,1
TimeDial-TimeDial-436,75.0,2,2,1,1,0,3,3,1,0,2,2,2,3,1,1,0,1,1
