question_id,4o_RA_-1_outcome,4o_RA_-2_outcome,4o_RA_-3_outcome,4o_RA_+1_outcome,4o_RA_+2_outcome,4o_RA_+3_outcome,4o_RA_0_outcome,4o_RA_outcome,ds-r1-llama8_RA_-1_outcome,ds-r1-llama8_RA_-2_outcome,ds-r1-llama8_RA_-3_outcome,ds-r1-llama8_RA_+1_outcome,ds-r1-llama8_RA_+2_outcome,ds-r1-llama8_RA_+3_outcome,ds-r1-llama8_RA_0_outcome,ds-r1-llama8_RA_outcome,ds-r1-llama70_RA_-1_outcome,ds-r1-llama70_RA_-2_outcome,ds-r1-llama70_RA_-3_outcome,ds-r1-llama70_RA_+1_outcome,ds-r1-llama70_RA_+2_outcome,ds-r1-llama70_RA_+3_outcome,ds-r1-llama70_RA_0_outcome,ds-r1-llama70_RA_outcome,ds-r1-qwen32_RA_-1_outcome,ds-r1-qwen32_RA_-2_outcome,ds-r1-qwen32_RA_-3_outcome,ds-r1-qwen32_RA_+1_outcome,ds-r1-qwen32_RA_+2_outcome,ds-r1-qwen32_RA_+3_outcome,ds-r1-qwen32_RA_0_outcome,ds-r1-qwen32_RA_outcome,gemma3_RA_-1_outcome,gemma3_RA_-2_outcome,gemma3_RA_-3_outcome,gemma3_RA_+1_outcome,gemma3_RA_+2_outcome,gemma3_RA_+3_outcome,gemma3_RA_0_outcome,gemma3_RA_outcome,llama32_RA_-1_outcome,llama32_RA_-2_outcome,llama32_RA_-3_outcome,llama32_RA_+1_outcome,llama32_RA_+2_outcome,llama32_RA_+3_outcome,llama32_RA_0_outcome,llama32_RA_outcome,llama33_RA_-1_outcome,llama33_RA_-2_outcome,llama33_RA_-3_outcome,llama33_RA_+1_outcome,llama33_RA_+2_outcome,llama33_RA_+3_outcome,llama33_RA_0_outcome,llama33_RA_outcome,ministral-r_RA_-1_outcome,ministral-r_RA_-2_outcome,ministral-r_RA_-3_outcome,ministral-r_RA_+1_outcome,ministral-r_RA_+2_outcome,ministral-r_RA_+3_outcome,ministral-r_RA_0_outcome,ministral-r_RA_outcome,Nemo_RA_-1_outcome,Nemo_RA_-2_outcome,Nemo_RA_-3_outcome,Nemo_RA_+1_outcome,Nemo_RA_+2_outcome,Nemo_RA_+3_outcome,Nemo_RA_0_outcome,Nemo_RA_outcome,o1_RA_-1_outcome,o1_RA_-2_outcome,o1_RA_-3_outcome,o1_RA_+1_outcome,o1_RA_+2_outcome,o1_RA_+3_outcome,o1_RA_0_outcome,o1_RA_outcome,qwen3-4b-i_RA_-1_outcome,qwen3-4b-i_RA_-2_outcome,qwen3-4b-i_RA_-3_outcome,qwen3-4b-i_RA_+1_outcome,qwen3-4b-i_RA_+2_outcome,qwen3-4b-i_RA_+3_outcome,qwen3-4b-i_RA_0_outcome,qwen3-4b-i_RA_outcome,qwen3-4b-t_RA_-1_outcome,qwen3-4b-t_RA_-2_outcome,qwen3-4b-t_RA_-3_outcome,qwen3-4b-t_RA_+1_outcome,qwen3-4b-t_RA_+2_outcome,qwen3-4b-t_RA_+3_outcome,qwen3-4b-t_RA_0_outcome,qwen3-4b-t_RA_outcome
RA_16,1,0,0,1,1,1,0,0,1,1,0,1,1,1,1,1,1,1,0,1,1,1,1,1,1,1,0,1,1,1,1,1,1,0,0,1,1,1,1,1,0,0,0,1,1,1,0,0,1,0,0,1,1,1,1,1,1,0,0,1,1,1,1,0,1,1,0,1,1,1,1,1,1,0,0,1,1,1,0,0,1,0,0,1,1,1,1,1,0,0,0,0,0,0,0,1
RA_10,1,1,0,1,1,1,0,0,0,1,0,1,1,1,1,0,1,1,0,1,1,1,1,1,1,1,0,1,1,1,1,1,1,0,0,1,1,1,1,1,1,0,0,0,0,0,1,1,1,1,0,1,1,1,1,1,1,0,0,1,0,0,0,1,1,1,0,1,1,0,1,1,1,1,0,1,1,1,0,0,1,1,1,1,1,1,1,1,0,0,0,0,1,1,0,1
RA_11,1,1,0,1,1,1,0,0,1,0,0,1,1,1,1,1,1,1,0,1,1,1,1,1,1,1,0,1,1,1,1,1,1,0,0,1,0,0,1,1,1,0,0,1,1,0,1,1,1,1,0,1,1,1,1,1,1,0,0,1,0,1,1,0,1,1,0,1,1,1,0,1,1,0,0,1,1,0,0,0,1,1,0,1,1,1,1,1,0,0,0,1,0,0,0,1
RA_2,1,1,0,1,1,1,0,0,1,1,0,1,1,1,1,1,1,1,0,1,1,1,1,1,1,1,0,1,1,1,1,1,1,0,0,1,0,1,1,1,1,0,0,1,0,1,1,1,1,1,0,1,1,1,1,1,1,0,0,1,0,1,0,1,1,1,0,1,1,0,1,1,1,1,0,1,1,1,0,0,1,1,1,1,1,1,1,1,0,1,0,1,1,1,0,1
RA_3,1,1,0,1,1,1,0,0,1,1,0,1,1,1,1,0,1,1,0,1,1,1,1,1,0,1,0,0,1,0,1,1,1,0,0,1,1,1,1,1,0,0,0,1,0,0,1,0,1,0,0,1,1,1,1,1,1,0,0,1,1,1,1,1,1,1,0,1,1,1,1,1,1,1,0,0,1,0,0,0,1,1,0,1,1,1,1,1,0,0,0,0,0,1,0,1
RA_58,1,0,0,1,1,1,0,0,1,1,0,1,1,1,1,1,1,0,0,1,1,1,1,1,1,0,0,0,1,1,1,1,1,0,0,1,1,1,1,1,1,1,1,1,1,1,1,1,1,1,0,1,1,1,1,1,1,0,0,1,0,1,1,1,1,0,0,1,1,1,1,1,1,0,0,1,0,0,0,0,1,1,1,1,1,1,1,1,0,0,0,0,0,0,0,1
RA_5,1,0,0,1,1,1,0,0,0,1,0,1,1,1,1,1,1,1,0,1,1,1,0,1,1,1,0,1,1,1,1,0,1,0,0,0,0,1,1,0,0,0,0,0,0,0,0,0,1,0,0,1,1,1,1,1,0,0,0,0,0,1,1,1,1,1,0,1,1,1,1,1,1,0,0,1,0,1,0,0,1,1,1,1,1,1,1,1,1,0,0,0,0,1,0,1
RA_1,1,0,0,1,1,1,0,0,1,1,0,1,1,0,1,1,1,1,0,1,1,1,1,1,1,1,0,1,1,1,0,1,1,0,0,1,1,1,1,1,1,0,0,1,0,0,1,0,1,0,0,1,1,1,1,1,1,0,0,1,1,1,1,1,1,1,0,1,1,1,1,1,1,0,0,1,1,1,0,0,1,0,0,1,1,1,1,1,0,0,0,0,0,0,0,1
RA_51,1,0,0,1,1,1,0,0,1,0,0,1,1,1,0,0,1,0,0,1,1,1,1,0,1,0,0,1,1,1,1,1,1,0,0,1,1,0,1,1,0,0,0,0,0,0,0,0,0,0,0,1,1,1,1,1,0,0,0,0,0,1,0,1,1,0,0,1,1,0,0,1,1,0,0,1,1,1,0,0,1,1,1,1,1,1,1,1,0,0,0,0,0,1,0,1
RA_12,1,0,0,1,1,1,0,0,1,0,0,1,1,1,1,1,1,1,0,1,1,1,1,1,1,1,0,0,1,1,1,1,1,0,0,1,1,0,1,1,0,0,0,0,1,0,1,0,1,1,0,1,1,1,1,1,1,0,0,1,0,1,1,1,1,1,0,1,1,1,1,1,0,0,0,0,1,0,0,0,1,1,0,1,1,1,1,1,1,0,0,0,0,0,0,1
RA_79,1,0,0,1,1,1,0,0,1,0,0,0,0,1,1,0,0,0,0,0,0,0,0,1,1,0,0,0,1,0,1,1,1,0,0,1,1,1,1,0,1,0,0,0,0,0,1,0,1,0,0,1,1,1,1,1,1,0,0,1,1,1,1,0,1,0,0,1,1,0,1,1,0,0,0,1,1,1,0,0,1,1,0,1,1,1,1,1,0,0,0,0,0,1,0,1
RA_17,1,0,0,1,1,1,0,0,1,1,0,1,1,0,1,1,1,1,0,1,1,1,1,1,0,1,0,1,1,0,1,1,1,0,0,1,1,1,1,1,0,0,0,1,1,0,1,0,1,0,0,1,1,1,1,1,1,0,0,1,1,1,1,1,1,1,0,1,1,1,1,1,1,0,0,0,0,0,0,0,1,0,0,1,1,1,1,1,0,1,0,0,0,0,0,0
RA_20,1,0,0,1,1,1,0,0,1,1,0,1,1,1,1,1,1,1,0,1,1,1,1,1,1,1,0,0,1,0,0,1,1,0,0,1,1,1,1,1,0,0,0,0,0,0,0,0,1,0,0,1,1,1,1,1,1,0,0,1,1,1,1,1,1,1,0,1,1,1,0,1,0,0,0,0,0,1,0,0,1,1,0,1,1,1,1,1,0,1,0,0,0,0,0,1
RA_59,1,0,0,1,1,1,0,0,1,0,0,1,1,1,1,1,1,0,0,1,1,1,1,1,1,1,0,1,1,1,1,1,1,0,0,1,1,1,1,1,1,0,0,1,1,0,0,0,1,0,0,1,1,1,1,1,1,0,0,1,1,1,0,1,1,0,0,1,1,1,1,1,1,0,0,0,0,0,0,0,1,1,0,1,1,1,1,1,0,0,0,0,0,0,0,1
RA_27,1,1,0,1,1,1,0,0,1,1,0,1,1,1,1,1,1,1,0,1,1,1,1,1,1,1,0,0,0,1,1,0,1,0,0,1,1,1,1,1,1,0,0,1,0,0,1,0,1,0,0,1,1,1,1,1,1,0,0,1,1,1,1,1,1,1,0,1,1,0,1,1,1,1,0,1,1,1,0,0,1,1,0,1,1,1,1,1,0,0,0,0,0,0,0,1
RA_13,1,1,0,1,1,1,0,0,1,1,0,1,1,1,1,1,1,1,0,1,1,1,1,1,1,1,0,1,1,1,1,1,1,0,0,1,1,0,1,1,1,0,0,0,0,0,1,0,1,0,0,1,1,1,1,1,1,0,0,1,1,1,1,0,1,1,0,1,1,0,0,1,1,0,0,1,1,0,0,0,1,0,0,1,1,1,1,1,0,0,0,0,0,0,0,1
RA_75,1,0,0,1,1,1,0,0,1,0,0,1,1,1,1,1,1,0,0,1,1,1,1,1,1,0,0,1,1,1,1,1,1,0,0,1,1,1,1,1,1,0,0,1,1,1,1,0,1,0,0,1,1,1,1,1,1,0,0,1,1,1,1,0,1,0,0,1,1,1,0,1,0,0,0,1,1,0,0,0,0,0,0,1,1,1,1,1,0,0,0,0,0,0,0,1
RA_38,1,0,0,1,1,1,0,0,1,1,0,1,1,1,1,1,1,1,0,1,1,1,1,1,1,1,0,1,0,0,0,1,1,0,0,1,0,1,1,1,0,0,0,1,1,0,1,0,1,0,0,1,1,1,1,1,1,0,0,1,1,1,1,1,1,1,0,1,1,1,0,1,1,1,0,0,0,1,0,0,1,1,0,1,1,1,1,1,0,1,0,0,0,1,0,1
RA_47,1,0,0,1,1,1,0,0,1,1,0,1,1,1,1,1,1,1,0,1,1,1,1,1,1,1,0,1,1,1,1,1,1,0,0,1,1,1,1,1,1,0,0,1,1,1,1,0,1,0,0,1,1,1,1,1,1,0,0,1,1,1,1,1,1,1,0,1,1,1,1,1,0,1,0,1,1,0,0,0,1,0,0,1,1,1,1,1,0,1,0,0,0,0,0,1
RA_73,1,0,0,1,1,1,0,0,1,1,0,1,1,1,1,1,1,0,0,1,1,1,1,1,1,1,0,1,1,1,1,1,1,0,0,1,1,1,1,1,0,0,0,0,0,0,0,0,1,0,0,1,1,1,1,1,1,0,0,1,1,1,1,1,0,0,0,1,1,1,1,1,1,0,0,0,1,1,0,0,1,1,0,1,1,1,1,1,0,0,0,0,0,1,0,1
RA_45,1,0,0,1,1,1,0,0,1,1,0,1,1,1,1,1,1,1,0,1,1,1,1,1,1,1,0,1,1,1,1,1,1,0,0,1,1,1,1,1,1,0,1,1,1,1,1,1,1,1,0,1,1,1,1,1,1,0,0,1,1,1,1,1,1,1,0,1,1,1,1,1,0,1,0,1,0,1,0,0,1,0,0,1,1,1,1,1,0,1,0,0,0,0,0,1
RA_52,1,0,0,1,1,1,0,0,1,1,0,1,1,1,1,1,1,0,0,1,1,1,1,1,1,0,0,1,1,1,1,1,1,0,0,1,0,0,1,1,1,0,0,1,1,0,1,1,1,0,0,1,1,1,1,1,1,0,0,1,0,1,0,0,1,0,0,1,1,1,0,1,1,0,0,0,1,1,0,0,1,1,1,1,1,1,1,1,0,0,0,1,0,0,0,1
RA_0,1,0,0,1,1,1,0,0,1,1,0,1,1,1,1,1,1,1,0,1,1,1,1,1,1,1,0,1,1,1,1,1,1,0,0,1,1,1,1,1,1,0,0,1,1,1,0,0,1,0,0,1,1,1,1,1,1,0,0,1,0,1,1,1,1,1,0,1,1,0,1,1,1,0,0,1,1,1,0,0,1,1,1,1,1,1,1,1,0,0,0,1,0,1,0,1
RA_33,1,0,0,1,1,1,0,0,1,1,0,1,1,0,1,1,1,1,0,1,1,1,1,1,1,1,0,1,1,1,1,1,1,0,0,1,0,1,1,1,1,0,0,1,1,1,1,1,1,0,0,1,1,1,1,1,1,0,0,1,0,1,1,1,1,1,0,1,1,1,1,1,1,0,0,0,0,0,0,0,1,1,1,1,1,1,1,1,0,0,0,0,0,1,0,1
RA_53,1,1,0,1,1,1,0,0,0,1,0,1,1,1,1,1,1,0,0,1,1,1,1,1,1,0,0,1,1,0,0,1,1,0,0,0,1,0,1,1,0,0,0,0,1,0,1,0,1,1,0,1,1,1,1,1,1,0,0,1,1,1,1,1,1,0,0,1,1,1,1,1,0,0,0,0,1,0,0,0,1,1,0,1,1,1,1,1,0,0,0,0,0,0,0,1
RA_46,1,0,0,1,1,0,0,0,1,1,0,1,1,1,1,1,1,1,0,1,1,0,1,1,1,1,0,1,1,1,0,1,1,0,0,1,1,1,1,1,0,0,0,1,1,1,0,0,1,0,0,1,1,1,1,1,1,0,0,1,1,1,0,1,1,1,0,1,1,1,1,1,0,1,0,1,1,0,0,0,1,0,0,1,1,1,1,1,0,0,0,0,0,0,0,1
RA_66,1,1,0,1,1,1,0,0,1,1,0,1,1,1,1,1,1,0,0,1,1,1,1,1,0,0,0,0,1,0,1,1,1,0,0,1,1,1,1,1,1,0,0,1,1,1,1,0,1,0,0,1,1,1,1,1,1,0,0,1,0,1,1,1,1,0,0,1,1,0,0,1,1,0,0,0,0,1,0,0,1,1,1,1,1,1,1,1,0,0,0,1,1,1,0,1
RA_4,1,0,0,1,1,1,0,0,1,1,0,1,1,1,1,1,1,1,0,1,1,0,1,1,1,1,0,1,1,1,1,1,1,0,0,1,1,0,1,1,1,1,1,0,1,0,1,0,1,0,0,1,1,1,1,1,1,0,0,1,0,1,1,1,1,1,0,1,1,0,1,1,0,1,0,1,0,0,0,0,1,1,0,1,1,1,1,1,0,0,0,0,0,1,0,1
RA_62,1,0,0,1,1,1,0,0,1,0,0,1,1,1,1,1,1,0,0,1,1,1,1,1,1,0,0,0,1,1,1,1,1,0,0,1,1,1,1,1,1,0,0,1,1,1,0,0,1,0,0,1,1,1,1,1,1,0,0,1,1,1,1,1,1,0,0,1,1,1,1,1,1,0,0,0,0,0,0,0,1,0,0,1,1,1,1,1,0,0,0,0,0,0,0,1
RA_41,1,0,0,1,1,1,0,0,1,1,0,1,1,1,1,1,1,1,0,1,1,1,1,1,0,1,0,1,1,1,1,1,1,0,0,1,1,1,1,1,1,0,0,1,1,1,1,1,1,0,0,1,1,1,1,1,1,0,0,1,0,1,1,1,1,1,0,1,1,1,0,1,1,0,0,1,1,0,0,0,1,1,1,1,1,1,1,1,0,0,0,0,0,0,0,1
RA_25,1,1,0,1,1,1,0,0,1,1,0,1,1,1,1,1,1,1,0,1,1,1,1,1,1,1,0,1,1,1,1,1,1,0,0,1,1,1,1,1,1,0,0,1,0,0,1,0,1,1,0,1,1,1,1,1,1,1,0,1,1,1,1,1,1,1,0,1,1,1,0,1,1,1,0,1,1,1,0,0,1,1,0,1,1,1,1,1,0,0,0,1,0,0,0,1
RA_69,1,0,0,1,1,1,0,0,1,1,0,1,1,1,1,1,1,0,0,1,1,1,1,1,1,0,0,1,1,1,0,1,1,0,0,1,1,1,1,1,1,0,0,1,1,0,0,0,1,0,0,1,1,1,1,1,0,0,0,1,1,1,0,0,1,0,0,1,1,1,0,1,0,0,0,1,1,0,0,0,1,0,0,1,1,1,1,1,0,0,0,1,0,0,0,1
RA_55,1,1,0,1,1,1,0,0,1,0,0,1,1,1,1,1,1,0,0,1,1,1,1,1,1,0,0,1,1,0,1,1,0,0,0,1,1,1,1,1,0,0,0,1,1,1,0,1,1,0,0,1,1,1,1,1,1,0,0,1,1,1,1,0,1,0,0,1,1,1,0,1,1,0,0,0,1,1,0,0,1,0,0,1,1,1,1,1,0,0,0,0,0,0,0,1
RA_77,1,1,0,1,1,1,0,0,1,0,0,1,1,0,1,1,1,0,0,1,1,1,1,1,1,1,0,1,1,1,1,1,1,0,0,1,1,1,1,1,1,0,0,0,0,0,1,1,1,0,0,1,1,1,1,1,1,0,0,1,0,1,1,1,1,0,0,1,1,1,1,1,1,0,0,1,1,0,0,0,1,1,1,1,1,1,1,1,0,0,0,0,1,0,0,1
RA_32,1,0,0,1,1,1,0,0,1,1,0,1,1,1,1,1,1,1,0,1,1,1,1,1,1,1,0,1,1,1,1,1,1,0,0,1,1,1,1,1,1,0,0,1,0,0,1,0,1,1,0,1,1,1,1,1,1,1,0,1,1,1,1,0,1,1,0,1,1,1,1,1,1,1,0,1,1,1,0,0,1,1,0,1,1,1,1,1,0,1,0,0,1,0,0,1
RA_74,1,0,0,1,1,1,0,0,1,0,0,1,1,1,1,0,1,0,0,1,1,1,1,0,0,0,0,1,1,0,0,0,1,0,0,1,1,1,1,0,0,0,0,0,0,0,0,0,1,0,0,1,1,1,1,1,0,0,0,0,0,1,1,0,1,0,0,1,1,1,0,0,1,0,0,1,1,0,0,0,1,1,1,1,1,1,1,1,0,0,0,0,0,1,0,0
RA_7,1,0,0,1,1,1,0,0,1,0,0,1,1,0,1,1,1,1,0,1,1,1,1,1,1,1,0,1,1,1,1,1,1,0,0,1,1,1,1,1,1,0,0,1,0,0,1,0,1,0,0,1,1,1,1,1,1,0,0,1,1,1,1,1,1,1,0,1,1,1,0,1,1,1,0,1,1,0,0,0,1,1,0,1,1,1,1,1,0,1,0,0,1,1,0,1
RA_71,1,0,0,1,1,1,0,0,1,0,0,0,1,0,1,1,1,0,0,1,0,1,1,1,0,0,0,1,1,1,0,0,1,0,0,1,1,1,1,1,1,1,1,0,0,0,1,1,1,0,0,1,1,1,1,1,1,0,0,1,1,1,1,0,1,0,0,1,1,0,1,1,1,0,0,1,0,0,0,0,1,1,0,1,1,1,1,1,0,0,0,0,0,1,0,1
RA_28,1,0,0,1,1,1,0,0,1,1,0,1,1,1,1,1,1,1,0,1,1,1,1,1,1,1,0,1,1,1,1,1,1,0,0,1,1,1,1,1,1,0,0,1,1,1,0,0,1,1,0,1,1,1,1,1,1,0,0,1,1,1,1,1,1,1,0,1,1,1,0,1,1,1,0,0,1,0,0,0,1,0,0,1,1,1,1,1,0,0,0,0,0,0,0,1
RA_8,1,1,0,1,1,1,0,0,1,1,0,1,1,0,1,1,1,1,0,1,1,1,1,1,1,1,0,1,1,1,1,1,1,0,0,1,1,1,1,1,1,0,0,1,0,0,1,0,1,1,0,1,1,1,1,1,1,0,0,1,1,1,1,1,1,1,0,1,1,1,1,1,1,1,0,1,1,1,0,0,1,1,0,1,1,1,1,1,0,0,0,0,0,0,0,1
RA_39,1,0,0,1,1,1,0,0,1,1,0,1,1,0,0,1,1,1,0,1,1,1,1,1,1,1,0,1,1,1,0,1,1,0,0,1,0,1,1,0,0,0,0,0,0,0,0,0,1,0,0,0,1,1,1,1,0,0,0,0,1,1,1,0,1,1,0,1,1,0,1,1,1,1,0,1,1,1,0,0,1,1,0,1,1,1,1,1,0,0,0,0,0,1,0,0
RA_15,1,0,0,1,1,1,0,0,0,0,0,1,1,0,1,1,1,0,0,1,1,1,1,1,0,1,0,1,1,1,1,1,1,0,0,1,0,1,1,0,0,0,0,0,0,0,0,0,1,0,0,1,1,1,1,1,0,0,0,0,0,1,1,0,0,1,0,1,1,0,1,1,1,0,0,1,0,0,0,0,1,1,0,1,1,1,1,1,1,1,0,0,1,0,0,1
RA_48,1,0,0,1,1,1,0,0,1,1,0,1,1,1,1,1,1,1,0,1,1,1,1,1,0,1,0,0,1,1,1,0,1,0,0,1,1,1,1,1,1,0,0,1,1,1,1,0,1,1,0,1,1,1,1,1,1,0,0,1,1,1,1,0,1,1,0,1,1,1,0,1,1,1,0,0,1,1,0,0,1,0,0,1,1,1,1,1,0,1,0,0,0,1,0,1
RA_49,1,0,0,1,1,0,0,0,1,1,0,1,1,1,1,1,1,1,0,1,1,1,0,1,1,1,0,1,1,1,1,0,0,0,0,1,1,1,1,1,0,0,0,1,1,0,0,0,1,0,0,1,1,1,1,1,0,0,0,1,1,1,1,1,1,1,0,1,1,1,0,1,1,1,0,1,1,1,0,0,1,0,0,1,1,1,1,1,0,0,0,0,0,0,0,0
RA_26,1,0,0,1,0,0,0,0,1,1,0,1,1,1,1,1,1,0,0,1,1,1,0,1,1,0,0,1,0,1,0,1,1,0,0,1,1,1,1,1,1,0,0,1,1,1,1,1,0,0,0,1,1,1,1,0,0,0,0,1,1,1,0,1,1,1,0,1,1,1,1,1,0,0,0,1,1,1,0,0,1,0,0,1,1,1,1,1,0,0,0,0,0,0,0,1
RA_22,1,0,0,1,1,0,0,0,1,1,0,1,1,0,1,1,1,1,0,1,1,1,1,0,1,1,0,1,1,1,0,1,0,0,0,1,1,1,1,1,0,0,0,0,1,0,0,0,0,0,0,1,1,1,1,1,0,0,0,1,1,1,0,1,1,1,0,1,1,1,1,1,1,0,0,1,1,0,0,0,0,0,0,1,1,1,1,1,0,0,0,0,0,0,0,0
RA_44,1,0,0,1,1,1,0,0,1,1,0,1,1,1,1,1,1,1,0,1,1,1,1,1,1,1,0,1,1,1,1,1,1,0,0,1,1,1,1,1,1,0,0,1,1,1,1,1,1,0,0,1,1,1,1,1,1,0,0,1,1,1,0,0,1,1,0,1,1,1,1,1,0,0,0,1,1,1,0,0,1,0,0,1,1,1,1,1,0,0,0,0,0,0,0,1
RA_96,1,0,0,1,1,1,0,0,1,1,0,1,1,1,1,1,1,0,0,1,1,1,1,1,1,0,0,1,1,0,1,1,1,0,0,1,1,1,1,1,0,0,0,1,1,1,0,0,1,1,0,1,1,1,1,1,1,0,0,1,1,1,0,1,1,0,0,1,1,1,1,1,1,0,0,1,0,1,0,0,1,1,0,1,1,1,1,1,0,0,0,0,0,0,0,1
RA_99,1,0,0,1,1,1,0,0,1,0,0,1,1,1,1,1,1,0,0,1,1,1,1,1,1,0,0,1,1,1,1,1,1,0,0,1,1,1,1,1,0,0,0,0,0,0,1,0,1,0,0,1,1,1,1,1,1,0,0,1,1,1,1,0,1,0,0,1,1,0,1,1,1,0,0,0,1,0,0,0,1,1,0,1,1,1,1,1,1,0,0,0,1,0,0,1
RA_87,1,0,0,1,1,1,0,0,1,1,0,1,1,1,1,1,1,0,0,1,1,1,1,1,1,1,0,1,1,1,1,1,1,0,0,1,1,1,1,1,0,0,0,0,0,0,0,0,1,0,0,1,1,1,1,1,1,0,0,1,1,1,1,1,1,0,0,1,1,1,0,1,1,0,0,1,1,1,0,0,1,1,0,1,1,1,1,1,0,0,0,0,0,0,1,1
RA_116,1,0,0,1,1,1,0,0,1,0,0,1,1,1,1,1,1,0,0,1,1,1,1,1,1,0,0,1,1,1,1,1,1,0,0,1,1,1,1,1,1,0,0,0,0,1,1,1,1,1,0,1,1,1,1,1,0,0,0,1,0,1,0,1,0,0,0,1,1,0,0,1,0,0,0,0,0,1,0,0,1,1,1,1,1,1,1,1,0,0,0,0,1,0,0,1
RA_133,0,0,0,1,1,1,0,0,0,0,0,0,0,1,1,1,1,0,0,1,1,1,1,1,0,0,0,1,1,1,1,1,0,0,0,1,1,1,1,0,0,0,0,0,0,0,0,0,1,0,0,1,1,1,1,0,0,0,0,0,0,1,1,0,0,0,0,1,1,0,1,1,0,0,0,1,0,1,0,0,1,0,1,1,1,1,1,1,0,0,0,0,0,0,1,1
RA_93,1,0,0,1,1,1,0,0,1,0,0,1,1,1,1,1,1,0,0,1,1,1,1,1,1,0,0,0,1,1,1,1,1,0,0,1,1,1,1,1,1,0,0,1,0,0,1,0,1,1,0,1,1,1,1,1,1,0,0,1,1,1,1,0,1,0,0,1,1,0,1,1,1,0,0,1,1,1,0,0,1,1,0,1,1,1,1,1,0,0,0,0,0,0,0,1
RA_88,1,0,0,1,1,1,0,0,1,0,0,1,1,0,1,1,1,0,0,1,1,1,1,1,1,0,0,1,1,0,0,1,1,0,0,0,1,1,1,0,0,0,0,0,0,0,0,0,1,0,0,1,1,1,1,0,0,0,0,0,0,1,0,0,1,0,0,1,1,0,1,1,1,0,0,1,0,1,0,0,1,0,0,1,1,1,1,1,0,0,0,0,0,1,0,0
RA_137,1,0,0,1,1,1,0,0,1,0,0,1,1,1,1,1,0,0,0,1,1,1,1,1,1,0,0,1,1,1,1,1,0,0,0,1,1,1,1,1,1,0,0,1,1,1,1,1,1,0,0,1,1,1,1,1,0,0,0,1,1,1,0,0,0,0,0,1,1,1,1,1,0,0,0,1,1,0,0,0,0,0,0,1,1,1,1,1,0,0,0,1,1,0,1,1
RA_102,1,0,0,1,1,1,0,0,0,0,0,1,1,1,1,1,1,0,0,1,1,1,1,1,1,0,0,1,1,1,1,1,0,0,0,1,1,1,1,0,1,0,0,1,1,1,1,0,1,0,0,1,1,1,1,1,0,0,0,1,1,1,1,0,1,0,0,1,1,1,0,1,0,0,0,1,1,0,0,0,0,0,0,1,1,1,1,1,0,0,0,0,1,0,0,1
RA_101,0,0,0,1,1,1,0,0,1,0,0,1,1,1,1,1,0,0,0,1,1,1,1,1,1,0,0,1,1,1,1,1,0,0,0,1,1,1,1,0,1,0,0,1,1,1,1,1,1,0,0,1,1,1,1,1,0,0,0,1,1,1,0,0,1,0,0,1,1,1,1,1,0,0,0,1,0,0,0,0,0,0,0,1,1,1,1,1,1,0,0,0,0,0,0,1
RA_122,0,0,0,1,1,1,0,0,1,0,0,1,1,1,0,1,0,0,0,1,1,1,1,1,1,0,0,0,1,1,1,1,0,0,0,1,1,1,1,1,1,0,0,1,1,1,0,0,1,0,0,1,1,1,1,1,1,0,0,1,1,1,1,1,0,0,0,1,1,1,1,1,0,0,0,1,1,1,0,0,1,1,0,1,1,1,1,1,0,0,0,0,0,0,0,1
RA_120,1,0,0,1,1,1,0,0,0,0,0,1,1,1,1,1,0,0,0,1,1,0,1,1,0,0,0,0,1,1,1,1,1,0,0,1,1,1,1,1,0,0,0,1,1,1,0,0,1,0,0,1,1,1,1,1,0,0,0,1,1,1,0,0,0,0,0,1,1,1,1,1,0,0,0,0,1,1,0,0,1,0,0,1,1,1,1,1,0,0,0,0,1,0,0,1
RA_121,0,0,0,1,1,1,0,0,0,0,0,1,1,1,1,0,0,0,0,0,1,1,1,0,0,0,0,0,1,0,1,0,0,0,0,1,1,1,1,0,1,0,0,1,1,1,1,0,0,0,0,1,1,1,0,1,0,0,0,1,1,1,0,0,0,0,0,1,1,1,1,1,0,0,0,1,1,0,0,0,0,0,0,1,1,1,1,0,0,0,0,0,0,0,0,0
RA_109,0,0,0,1,1,1,0,0,1,0,0,1,1,1,1,1,1,0,0,1,1,1,1,1,0,0,0,1,1,1,1,1,1,0,0,1,1,1,1,1,0,0,0,0,0,0,0,0,1,0,0,1,1,1,1,1,0,0,0,1,1,1,0,1,0,0,0,1,1,1,0,1,0,0,0,1,1,1,0,0,1,0,0,1,1,1,1,1,0,0,0,0,0,0,0,1
RA_119,0,0,0,1,1,1,0,0,1,0,0,1,1,1,1,1,1,0,0,0,1,0,1,1,0,0,0,0,1,0,1,1,0,0,0,1,1,1,1,1,1,0,0,1,1,1,1,1,0,0,0,1,1,1,1,1,0,0,0,1,1,1,1,0,1,0,0,1,1,1,0,1,0,0,0,1,1,1,0,0,0,0,0,1,1,1,1,0,0,0,0,0,0,0,1,1
RA_117,1,0,0,1,1,1,0,0,1,1,0,1,0,1,1,1,1,0,0,1,1,1,1,1,1,0,0,1,1,1,1,1,1,0,0,1,1,1,1,1,1,0,0,1,1,1,0,1,1,0,0,1,1,1,1,1,1,0,0,1,1,1,1,0,1,0,0,1,1,1,0,1,0,0,0,1,1,0,0,0,1,1,0,1,1,1,1,1,0,0,0,0,1,0,0,1
RA_108,0,0,0,1,1,1,0,0,1,1,0,1,1,1,1,1,0,0,0,1,1,1,1,1,0,0,0,1,1,1,1,1,1,0,0,1,1,1,1,1,0,0,0,0,0,0,0,0,1,0,0,1,1,1,1,1,0,0,0,1,1,1,1,1,0,0,0,1,1,1,1,1,0,0,0,0,1,0,0,0,1,0,0,1,1,1,1,1,0,0,0,0,0,0,0,1
RA_143,1,0,0,1,1,1,0,0,1,1,0,1,0,1,1,1,1,0,0,1,1,1,1,1,0,0,0,1,1,0,0,1,0,0,0,1,1,1,1,1,0,0,0,1,1,1,0,0,1,0,0,1,1,1,1,1,1,0,0,1,1,1,1,0,1,0,0,1,1,1,1,1,0,0,0,0,0,0,0,0,1,0,0,1,1,1,1,1,1,0,0,0,0,0,0,0
RA_158,0,0,0,1,1,1,0,0,0,0,0,1,1,0,1,1,1,0,0,1,1,1,1,1,1,0,0,1,1,1,1,1,0,0,0,1,1,1,1,1,1,0,0,1,0,0,1,0,1,0,0,1,1,1,1,1,1,0,0,1,1,1,1,1,0,0,0,1,1,1,0,1,0,0,0,1,1,0,0,0,1,1,0,1,1,1,1,1,0,0,0,0,1,1,0,1
RA_159,0,0,0,1,1,1,0,0,0,0,0,1,1,1,1,1,0,0,0,1,1,0,1,1,0,0,0,1,1,1,1,1,1,0,0,1,0,1,1,1,1,0,0,1,1,0,1,1,1,1,0,1,1,1,1,1,1,0,0,1,0,1,0,0,0,0,0,1,1,1,1,1,0,0,0,1,1,0,0,0,1,0,0,1,1,1,1,1,0,0,0,0,1,0,0,1
RA_188,1,0,0,1,1,1,0,0,0,0,0,1,1,1,1,1,1,0,0,1,1,1,1,1,0,0,0,0,1,1,1,1,0,0,0,1,1,1,1,1,1,0,0,1,0,0,1,0,1,0,0,1,1,1,1,1,0,0,0,1,1,1,1,0,0,0,0,1,1,1,1,1,0,0,0,1,1,1,0,0,1,1,0,1,1,1,1,1,0,0,0,0,1,0,0,1
RA_189,1,1,1,0,0,0,0,0,1,1,1,1,0,0,1,1,1,1,1,0,0,0,1,0,1,1,1,1,0,0,1,0,1,1,1,0,0,0,1,1,1,1,1,0,0,0,1,1,1,1,1,0,0,0,1,1,1,1,1,0,0,0,0,1,1,1,1,0,0,0,0,1,1,1,1,0,0,0,0,0,0,1,1,1,0,0,1,1,0,0,0,0,0,0,0,1
RA_182,0,0,0,1,1,1,0,0,0,0,0,1,1,1,1,0,0,0,0,1,1,0,1,1,0,0,0,1,1,1,1,1,0,0,0,1,1,1,1,1,1,0,0,1,1,1,1,1,0,0,0,1,1,1,1,0,0,0,0,1,1,1,0,1,0,0,0,1,1,1,0,1,0,0,0,1,1,0,0,0,1,0,0,1,1,1,1,0,0,0,0,0,0,0,0,0
RA_200,1,0,1,1,0,0,0,0,1,0,1,1,0,0,0,0,0,0,1,0,0,0,0,1,0,0,1,1,0,0,1,0,1,1,1,0,0,0,1,0,0,1,1,0,0,0,0,1,1,1,1,0,0,0,1,1,1,1,1,0,0,0,1,0,1,1,1,0,0,0,1,1,1,0,1,0,0,0,0,0,1,1,1,0,0,0,0,0,0,0,0,0,0,0,0,0
RA_191,1,1,1,0,0,0,0,0,1,1,1,0,0,0,1,1,1,1,1,0,0,0,1,1,1,0,1,0,0,0,1,1,1,1,1,0,0,0,1,1,1,1,1,0,0,0,1,1,1,1,1,1,0,0,1,1,1,1,1,0,0,0,0,1,1,1,1,0,0,0,1,1,1,0,0,0,0,0,0,0,1,1,1,0,0,0,1,0,0,0,0,0,0,0,0,0
RA_164,1,1,1,0,0,0,0,0,1,1,1,0,0,0,1,1,1,1,1,0,0,0,1,0,1,0,1,0,0,0,1,1,1,1,1,0,0,0,1,1,1,1,1,0,0,0,1,1,1,1,1,1,0,0,1,1,0,1,1,0,0,0,1,1,1,1,1,0,0,0,0,1,0,0,0,0,0,0,0,0,1,1,1,1,0,0,1,1,0,0,0,0,0,0,0,1
RA_85,1,1,0,1,1,1,0,0,1,0,0,1,0,1,1,1,1,0,0,0,1,1,0,1,1,0,0,1,0,0,0,0,1,0,0,1,1,1,1,0,1,0,0,0,0,0,1,0,1,0,0,1,1,1,1,1,1,0,0,1,1,1,1,0,1,0,0,1,1,0,1,1,0,0,0,0,1,0,0,0,1,1,0,1,1,1,1,1,0,0,0,0,0,1,0,1
RA_97,1,0,0,1,1,1,0,0,1,0,0,1,1,1,0,0,1,0,0,1,1,1,1,0,1,1,0,1,1,1,1,1,1,0,0,1,1,0,1,0,0,0,0,0,0,0,0,0,1,0,0,1,1,1,1,1,0,0,0,0,0,1,0,1,1,0,0,1,1,0,1,1,0,0,0,1,1,0,0,0,1,1,0,1,1,1,1,1,0,0,0,1,0,1,0,1
RA_147,0,0,0,1,1,0,0,0,1,1,0,1,1,0,1,1,0,0,0,1,1,1,1,1,0,0,0,1,1,1,1,1,1,0,0,1,1,1,1,1,1,0,0,1,1,0,0,0,1,0,0,1,1,1,1,1,1,0,0,1,1,1,0,0,0,0,0,1,1,1,1,1,0,0,0,1,1,0,0,0,1,0,0,1,1,1,1,1,0,0,0,0,0,0,0,1
RA_127,1,0,0,1,1,1,0,0,1,0,0,1,1,1,1,1,0,0,0,1,1,1,1,1,0,0,0,1,1,1,1,1,0,0,0,1,1,1,1,0,1,1,1,1,1,1,1,1,1,0,0,1,1,1,1,1,1,0,0,1,1,1,0,0,0,0,0,1,1,1,0,1,0,0,0,0,0,1,0,0,1,0,0,1,1,1,1,1,1,0,0,0,0,0,0,1
RA_128,1,0,0,1,1,1,0,0,0,0,0,1,1,1,1,0,0,0,0,1,0,1,1,0,0,0,0,0,0,0,0,0,0,0,0,1,1,1,1,1,1,0,0,1,1,1,1,1,0,0,0,1,1,1,1,1,0,0,0,1,1,1,1,0,0,0,0,1,1,1,0,1,0,0,0,0,0,1,0,0,0,0,0,1,1,1,1,0,0,0,0,0,0,0,0,1
RA_132,1,0,0,1,1,1,0,0,1,0,0,1,1,0,1,1,1,0,0,1,1,1,1,1,1,1,0,1,1,1,1,1,0,0,0,1,0,1,1,1,1,0,1,0,0,0,1,1,1,0,0,1,1,1,1,1,1,0,0,1,0,0,0,1,1,0,0,1,1,0,1,1,0,0,0,0,1,1,0,0,1,1,1,1,1,1,1,1,0,0,0,1,1,1,0,1
RA_126,0,0,0,1,1,1,0,0,1,0,0,0,0,1,1,1,1,0,0,1,1,1,1,1,1,0,0,1,1,1,1,1,1,0,0,1,1,1,1,1,1,0,0,1,1,1,1,0,1,0,0,1,1,1,1,1,0,0,0,1,0,0,1,0,0,0,0,1,1,0,1,1,0,0,0,1,1,0,0,0,1,0,1,1,1,1,1,1,0,0,0,0,0,1,0,0
RA_156,0,0,0,1,1,1,0,0,1,0,0,1,1,1,1,1,0,0,0,1,1,1,1,1,1,0,0,1,1,0,1,1,0,0,0,1,1,1,1,0,1,0,0,1,1,1,0,0,1,0,0,1,1,1,1,1,0,0,0,1,1,1,1,0,0,0,0,1,1,1,0,1,0,0,0,0,1,1,0,0,1,0,0,1,1,1,1,1,0,0,0,0,0,1,0,1
RA_154,0,0,0,1,1,1,0,0,0,0,0,1,1,0,1,1,0,0,0,1,1,1,1,1,0,0,0,1,1,1,1,1,0,0,0,1,1,1,1,1,0,0,0,0,1,1,0,0,1,0,0,1,1,1,1,1,0,0,0,1,1,1,0,0,0,0,0,1,1,1,0,1,0,0,0,0,0,1,0,0,1,0,0,1,1,1,1,1,0,0,0,0,1,1,0,1
RA_140,1,0,0,1,0,0,0,0,0,1,0,1,1,1,1,0,1,0,0,0,0,1,0,0,0,0,0,1,1,0,1,1,0,0,0,1,1,1,1,0,1,0,0,1,1,1,1,1,0,0,0,1,1,1,1,0,0,0,0,1,1,1,0,0,1,0,0,1,1,1,1,1,0,0,0,1,1,0,0,0,0,0,0,1,1,1,1,0,0,0,0,0,0,0,0,0
RA_165,1,0,0,1,1,1,0,0,0,1,0,1,1,0,1,1,0,0,0,0,1,1,0,1,0,0,0,0,1,1,0,1,0,0,0,1,1,1,1,0,1,0,0,0,0,0,1,0,1,0,0,1,1,1,1,1,1,0,0,1,1,1,1,0,0,0,0,1,1,0,1,1,0,0,0,1,1,0,0,0,1,1,0,1,1,1,0,1,0,0,0,0,0,1,0,0
RA_171,1,1,1,0,0,0,0,0,1,1,1,1,0,0,1,1,1,1,1,0,0,0,1,1,0,0,1,0,0,0,1,1,1,1,1,0,0,0,0,1,0,1,1,0,0,0,1,0,1,1,1,0,0,0,1,1,1,1,1,0,0,0,1,1,1,1,1,0,0,0,1,1,1,0,0,0,0,0,0,0,1,1,1,1,0,0,1,1,1,0,0,0,0,0,0,0
RA_91,1,1,0,1,1,1,0,0,1,0,0,1,0,0,1,1,1,0,0,1,1,1,1,1,1,0,0,1,0,1,1,1,1,0,0,1,1,1,1,1,1,0,0,0,0,0,1,0,1,1,0,1,1,1,1,1,1,0,0,1,1,1,1,1,1,0,0,1,1,1,0,1,1,0,0,1,0,0,0,0,1,1,0,1,1,1,1,1,1,0,0,0,1,0,0,1
RA_163,1,1,1,0,0,0,0,0,1,1,1,0,0,0,1,1,1,1,1,0,0,0,1,0,1,1,1,0,0,0,1,1,1,1,1,0,0,0,1,1,0,1,1,0,0,0,1,0,1,1,1,1,0,0,1,1,1,1,1,1,0,0,0,1,1,1,1,0,0,0,1,1,1,1,0,0,0,0,0,0,1,1,1,1,0,0,1,1,0,0,0,0,0,0,0,1
RA_170,1,0,0,1,1,1,0,0,0,0,0,1,1,1,1,1,0,0,0,1,1,1,1,1,0,0,0,1,1,1,0,1,0,0,0,1,1,1,1,1,0,0,0,1,1,0,0,0,1,0,0,1,1,1,1,1,0,0,0,1,1,1,0,1,0,0,0,1,1,1,1,1,0,0,0,0,0,0,0,0,1,0,0,1,1,1,1,1,0,0,0,0,0,0,0,1
RA_190,1,1,1,0,0,0,0,0,0,1,1,0,0,0,1,0,1,1,1,0,0,0,1,0,1,1,1,0,0,0,0,0,1,1,1,0,0,0,1,1,0,1,0,0,0,0,0,0,0,1,1,0,0,0,1,0,1,1,1,0,0,0,1,1,1,1,1,0,0,0,0,1,0,1,0,0,0,0,0,0,1,0,0,1,0,0,1,1,0,0,1,0,0,0,0,0
RA_203,1,1,1,0,0,0,0,0,1,1,1,1,0,0,1,1,1,1,1,1,0,0,1,0,0,0,1,0,0,0,1,1,1,1,1,0,0,0,1,1,0,1,0,0,0,0,0,0,0,1,1,1,0,0,0,0,1,1,1,1,0,0,0,0,1,1,1,0,0,0,1,1,1,1,1,0,0,0,0,0,1,0,0,1,0,0,1,1,0,0,0,0,0,0,0,0
RA_250,1,1,1,1,0,0,0,0,0,1,0,0,0,0,0,0,0,0,0,0,0,0,0,0,1,0,0,0,0,0,0,1,1,1,1,1,0,0,1,1,0,0,0,0,0,0,0,0,1,1,1,0,0,0,1,0,1,1,1,0,0,0,0,1,1,1,1,1,0,0,1,1,1,0,0,1,0,0,0,0,1,1,1,0,0,0,1,1,0,0,1,0,0,0,0,0
RA_241,1,1,1,0,0,0,0,0,1,1,1,1,0,0,1,1,1,1,1,0,0,0,1,1,1,0,1,1,0,0,1,1,1,1,1,1,0,0,1,1,0,1,1,0,0,0,0,1,1,1,1,1,0,0,1,0,1,1,1,1,0,0,0,1,1,1,1,0,0,0,1,1,1,1,0,0,0,0,0,0,1,1,1,1,0,0,1,1,0,1,0,1,0,0,0,1
RA_244,1,1,1,0,0,0,0,0,1,1,1,1,0,0,1,1,1,1,1,0,0,0,1,1,0,1,1,0,0,0,1,1,1,1,1,0,0,0,1,1,1,1,1,0,0,0,1,1,1,1,1,1,0,0,1,1,1,1,1,1,0,0,1,1,1,1,1,0,0,0,1,1,1,1,0,0,0,0,0,0,1,1,1,1,0,0,1,1,1,0,0,0,0,0,0,0
RA_248,1,1,1,1,0,0,0,0,1,0,1,0,0,0,1,0,1,0,1,0,0,0,1,1,1,1,1,0,0,0,1,1,1,1,1,0,0,0,1,1,1,1,1,0,0,0,1,1,1,1,1,1,0,0,1,1,1,1,1,1,0,0,1,1,1,1,1,0,0,0,1,1,1,1,1,0,0,0,0,0,1,1,1,1,0,0,1,1,0,0,1,0,0,0,0,0
RA_215,1,1,1,1,0,0,0,0,1,1,1,0,0,0,1,1,1,1,1,0,0,0,1,1,1,1,1,1,0,0,1,1,1,1,1,0,0,0,1,1,0,1,1,0,0,0,1,1,1,1,1,1,0,0,1,1,1,1,1,0,0,0,1,1,1,1,1,0,0,0,0,1,1,1,1,0,0,0,0,0,1,1,1,1,0,0,1,1,0,0,0,0,0,0,0,1
RA_224,1,1,1,1,0,0,0,0,1,1,1,0,0,0,1,0,1,1,1,0,0,0,1,0,0,1,1,0,0,0,1,1,1,1,1,0,0,0,1,1,1,1,0,0,0,0,1,0,1,1,1,1,0,0,1,1,1,1,1,1,0,0,1,1,1,1,1,0,0,0,0,1,1,1,1,0,0,0,0,0,1,1,1,1,0,0,1,1,0,0,0,0,0,0,0,1
RA_221,0,1,1,0,0,0,0,0,1,1,1,1,0,0,1,1,0,1,0,0,0,0,1,0,1,1,0,0,0,0,0,0,1,1,1,0,0,0,1,0,0,0,1,0,0,0,0,0,0,1,1,0,0,0,0,0,1,1,1,0,0,0,1,0,1,1,1,0,0,0,1,1,1,0,1,0,0,0,0,0,0,1,1,0,0,0,1,0,1,1,0,0,0,0,0,0
RA_180,1,1,1,0,0,0,0,0,0,1,1,0,0,0,1,1,1,1,1,0,0,0,1,1,0,1,1,0,0,0,1,1,1,1,0,0,0,0,1,1,1,1,0,0,0,0,0,0,1,1,1,0,0,0,1,1,1,1,1,0,0,0,0,1,1,1,1,0,0,0,0,1,0,1,1,0,0,0,0,0,1,1,1,1,0,0,1,1,0,1,1,0,0,0,0,0
RA_184,0,0,0,1,1,1,0,0,1,0,0,1,1,1,1,1,0,0,0,0,1,1,0,0,0,0,0,0,0,0,1,1,0,0,0,1,1,1,1,0,1,0,0,1,1,1,1,1,0,0,0,1,1,1,1,0,0,0,0,1,1,1,0,0,0,0,0,1,1,1,1,1,0,0,0,0,1,1,0,0,0,0,0,1,1,1,1,0,0,0,0,0,0,0,0,1
RA_276,1,1,1,1,0,0,0,0,1,1,1,1,0,0,1,1,1,1,1,1,0,0,1,1,1,1,1,1,0,0,1,1,1,1,1,0,0,0,1,1,1,1,1,0,0,0,0,0,1,1,1,1,0,0,1,1,0,1,1,1,0,0,1,1,1,1,1,1,0,0,1,1,0,0,0,1,0,0,0,0,1,1,1,1,1,0,1,1,0,0,0,0,0,0,0,1
RA_199,0,0,0,1,1,1,0,0,0,0,0,1,1,0,1,1,0,0,0,1,1,1,1,1,0,0,0,1,1,1,0,1,0,0,0,1,1,1,1,1,0,0,0,1,1,1,0,1,1,0,0,1,1,1,1,1,0,0,0,1,1,1,0,0,0,0,0,1,1,1,1,1,0,0,0,1,1,0,0,0,0,0,0,1,1,1,1,1,0,0,0,0,1,1,0,1
RA_202,1,1,1,0,0,0,0,0,1,1,1,0,0,0,1,0,1,1,0,0,0,0,1,1,0,0,0,1,0,0,1,1,1,1,1,0,0,0,1,1,1,1,0,0,0,0,1,1,1,1,1,1,0,0,1,1,1,1,1,1,0,0,1,1,1,1,1,0,0,0,1,1,0,1,1,0,0,0,0,0,1,1,1,1,0,0,1,1,0,0,0,0,0,0,0,1
RA_195,1,1,1,0,0,0,0,0,1,1,1,0,0,0,1,0,1,1,1,0,0,0,1,1,1,0,1,0,0,0,1,1,1,1,1,0,0,0,1,1,1,1,1,0,0,0,0,0,0,1,1,1,0,0,1,0,1,1,1,0,0,0,0,1,1,1,1,0,0,0,1,1,1,0,1,0,0,0,0,0,1,1,1,1,0,0,1,1,0,0,1,1,0,0,0,1
RA_277,1,1,1,1,0,0,0,0,1,1,1,1,0,0,1,1,1,1,1,1,0,0,1,1,0,1,1,1,0,0,1,1,1,1,1,1,0,0,1,1,1,1,1,0,0,0,1,1,1,1,1,1,0,0,1,1,1,1,1,1,0,0,0,1,1,1,1,1,0,0,1,1,1,1,1,1,0,0,0,0,0,1,1,0,0,0,1,1,0,0,1,1,0,0,0,1
RA_183,1,1,1,0,0,0,0,0,0,1,1,0,0,0,1,1,1,1,1,0,0,0,1,0,0,0,1,0,0,0,1,1,1,1,1,0,0,0,1,1,1,1,0,0,0,0,1,1,1,1,1,0,0,0,1,1,1,1,1,0,0,0,1,1,1,1,1,0,0,0,1,1,1,0,1,0,0,0,0,0,1,1,1,0,0,0,1,1,0,0,0,0,0,0,0,1
RA_201,1,1,1,0,0,0,0,0,0,1,1,0,0,0,0,1,0,1,0,0,0,0,1,0,1,1,0,0,0,0,0,1,1,1,1,0,0,0,1,0,0,1,1,0,0,0,0,1,0,1,1,0,0,0,0,0,0,1,1,0,0,0,0,1,1,1,0,0,0,0,1,1,1,0,1,0,0,0,0,0,0,0,1,0,0,0,1,0,1,0,0,0,0,0,0,0
RA_204,1,1,1,0,0,0,0,0,1,1,1,1,0,0,1,1,1,1,1,0,0,0,1,0,0,1,1,1,0,0,1,1,1,1,1,0,0,0,1,1,1,1,0,0,0,0,1,0,1,1,1,0,0,0,1,1,1,1,1,1,0,0,1,1,1,1,1,0,0,0,1,1,1,1,1,0,0,0,0,0,1,1,1,1,0,0,1,1,0,0,0,0,0,0,0,0
RA_207,1,1,1,0,0,0,0,0,1,0,1,0,0,0,1,0,1,1,1,0,0,0,1,0,1,0,1,0,0,0,1,0,1,1,1,0,0,0,1,1,1,1,1,0,0,0,1,0,1,1,1,1,0,0,1,0,1,1,1,1,0,0,1,0,1,1,1,0,0,0,1,1,0,1,0,0,0,0,0,0,0,1,1,0,0,0,1,1,0,1,0,0,0,0,0,1
RA_212,1,1,1,0,0,0,0,0,1,1,1,0,0,0,1,1,1,1,1,0,0,0,1,0,1,1,1,0,0,0,1,1,1,1,1,0,0,0,1,1,1,1,1,0,0,0,1,1,1,1,1,1,0,0,1,1,1,1,1,1,0,0,1,1,1,1,1,0,0,0,1,1,0,1,1,0,0,0,0,0,1,1,1,1,0,0,1,1,0,0,0,0,0,0,0,1
RA_283,1,1,1,1,0,0,0,0,0,1,1,0,0,0,1,1,1,1,1,1,0,0,1,1,0,0,0,0,0,0,0,1,1,1,1,1,0,0,1,1,1,1,1,0,0,0,1,0,1,1,1,1,0,0,1,1,1,1,1,1,0,0,1,1,1,1,1,1,0,0,1,1,1,0,1,1,0,0,0,0,1,1,1,1,0,0,1,1,0,0,0,0,0,0,0,1
RA_287,1,1,1,0,0,0,0,0,0,1,1,1,0,0,1,1,1,1,1,1,0,0,1,0,1,1,1,1,0,0,1,1,1,1,1,1,0,0,1,1,1,1,1,0,0,0,1,1,1,1,1,1,0,0,1,1,1,1,1,1,0,0,1,0,1,1,1,1,0,0,0,1,0,1,1,0,0,0,0,0,0,1,1,1,0,0,1,1,0,0,1,0,0,0,0,1
RA_206,1,1,1,0,0,0,0,0,0,0,1,0,0,0,1,1,0,1,0,0,0,0,1,0,0,1,0,0,0,0,0,0,1,1,1,0,0,0,1,1,0,1,1,0,0,0,0,1,0,1,1,0,0,0,0,0,0,1,1,0,0,0,0,0,1,1,0,0,0,0,1,1,0,1,1,0,0,0,0,0,0,1,1,0,0,0,1,0,0,0,0,0,0,0,0,0
RA_211,1,1,1,1,0,0,0,0,1,0,0,0,0,0,0,0,0,1,0,0,0,0,0,0,0,0,1,1,0,0,0,1,1,1,1,0,0,0,1,1,0,1,0,0,0,0,0,1,1,1,1,0,0,0,1,0,1,1,1,0,0,0,0,1,1,1,1,0,0,0,0,1,1,0,1,0,0,0,0,0,1,1,1,0,0,0,1,1,0,0,0,0,0,0,0,0
RA_291,1,1,1,1,0,0,0,0,1,1,1,1,0,0,1,1,1,1,1,1,0,0,1,1,1,1,1,1,0,0,1,1,1,1,1,1,0,0,1,1,0,1,1,0,0,0,0,0,1,1,1,1,0,0,1,1,1,1,1,1,0,0,0,1,1,1,1,1,0,0,1,1,1,1,1,1,0,0,0,0,1,1,1,0,0,0,1,1,1,1,0,1,0,0,0,0
RA_209,1,1,1,0,0,0,0,0,1,1,1,0,0,0,1,0,0,1,0,0,0,0,1,0,0,1,0,0,0,0,0,0,1,1,1,0,0,0,1,0,0,0,0,0,0,0,0,0,1,1,1,0,0,0,1,0,1,1,1,0,0,0,0,0,1,1,1,0,0,0,1,1,1,0,0,0,0,0,0,0,1,1,1,0,0,0,1,0,1,0,0,1,0,0,0,0
RA_296,1,1,1,1,0,0,0,0,1,1,1,1,0,0,1,0,1,1,0,0,0,0,0,0,0,1,0,0,0,0,1,0,1,1,1,1,0,0,1,0,1,1,0,1,0,0,1,1,0,1,1,0,0,0,0,0,1,1,1,0,0,0,0,0,1,1,1,1,0,0,1,1,1,1,1,1,0,0,0,0,0,1,0,0,0,0,1,0,0,0,0,0,0,0,0,0
RA_249,1,1,1,1,0,0,0,0,1,1,1,1,0,0,0,1,0,1,0,0,0,0,0,0,0,0,1,0,0,0,0,0,1,1,1,1,0,0,1,0,0,1,0,0,0,0,0,0,1,1,1,0,0,0,1,0,1,1,1,0,0,0,1,0,1,1,1,0,0,0,1,1,0,1,1,0,0,0,0,0,1,0,0,1,0,0,1,0,0,0,0,0,0,0,0,0
RA_208,1,1,1,1,0,0,0,0,1,1,1,1,0,0,1,0,1,1,1,0,0,0,1,1,1,1,1,0,0,0,1,1,1,1,1,0,0,0,1,1,0,1,1,0,0,0,0,1,1,1,1,0,0,0,1,1,0,1,1,1,0,0,1,1,1,1,1,1,0,0,1,1,1,1,0,0,0,0,0,0,1,1,1,1,0,0,1,1,0,0,0,0,0,0,1,1
RA_254,1,1,1,1,0,0,0,0,1,1,1,1,0,0,1,1,1,1,1,1,0,0,1,1,1,1,1,1,0,0,1,1,1,1,1,1,0,0,1,1,0,1,1,0,0,0,0,0,1,1,1,1,0,0,1,1,1,1,1,1,0,0,0,1,1,1,1,1,0,0,1,1,1,1,0,0,0,0,0,0,0,0,1,0,0,0,1,1,0,1,0,0,1,0,0,0
RA_226,1,1,1,1,0,0,0,0,1,1,1,0,0,0,1,1,1,1,1,0,0,0,1,1,0,0,0,0,0,0,1,1,1,1,1,0,0,0,1,1,1,1,0,0,0,0,1,0,1,1,1,1,0,0,1,1,1,1,1,0,0,0,1,1,1,1,1,0,0,0,0,1,0,0,1,0,0,0,0,0,1,1,1,1,0,0,1,1,0,0,1,0,0,0,1,1
RA_301,1,1,1,1,0,0,0,0,0,1,1,1,0,0,1,1,1,1,1,1,1,0,1,0,1,1,1,1,1,0,1,1,1,1,1,1,0,0,1,1,1,1,0,0,0,0,1,0,1,1,1,1,0,0,1,1,1,1,1,1,0,0,1,1,1,1,1,1,1,0,0,1,1,1,0,0,1,0,0,0,1,1,1,1,0,0,1,1,0,0,0,0,0,0,0,1
RA_214,1,1,1,0,0,0,0,0,1,1,1,1,0,0,1,1,1,1,1,0,0,0,1,1,0,1,1,0,0,0,0,1,1,1,1,0,0,0,0,1,0,1,0,0,0,0,0,0,0,0,1,1,0,0,1,1,1,1,1,1,0,0,1,0,1,1,1,0,0,0,0,0,1,1,0,0,0,0,0,0,1,1,1,1,0,0,1,1,0,0,0,0,0,0,0,0
RA_303,1,1,1,1,0,0,0,0,1,1,1,1,1,0,1,1,1,1,1,1,1,0,1,1,1,1,1,1,1,0,1,0,1,1,1,1,0,0,1,1,0,1,1,0,0,0,1,0,1,1,1,1,1,0,1,1,1,1,1,1,0,0,1,1,1,1,1,1,1,0,1,1,1,1,1,1,0,0,0,0,1,1,1,1,1,0,1,1,0,0,0,0,0,0,0,0
RA_305,1,1,1,1,0,0,0,0,0,0,1,0,1,0,0,1,0,0,1,1,0,0,1,1,0,1,0,0,0,0,0,0,0,1,1,1,0,0,1,1,0,0,0,0,0,0,0,0,0,1,1,0,0,0,1,0,1,1,1,0,0,0,0,0,1,1,1,1,1,0,1,1,1,0,0,1,0,0,0,0,1,1,1,1,1,0,1,1,0,0,0,0,0,0,0,0
RA_307,1,1,1,1,0,0,0,0,1,1,1,1,0,0,1,0,1,1,1,1,0,0,1,1,1,0,0,1,1,0,0,0,1,1,1,0,0,0,1,1,1,1,1,0,0,0,1,0,1,1,1,1,0,0,1,1,1,1,1,1,0,0,1,1,1,1,1,1,1,0,0,1,1,1,0,1,0,0,0,0,1,1,1,1,0,0,1,1,0,0,0,0,0,0,0,0
RA_308,1,1,1,1,0,0,0,0,1,1,1,1,0,0,1,1,1,1,1,1,1,0,1,1,0,0,1,0,1,0,0,1,1,1,1,0,0,0,1,1,0,1,1,0,0,0,0,1,1,1,1,1,0,0,1,1,1,1,1,1,0,0,0,1,1,1,1,1,1,0,0,1,0,1,0,1,0,0,0,0,1,1,0,1,0,0,1,1,0,0,0,0,0,0,0,1
RA_242,1,1,1,1,0,0,0,0,1,1,1,1,0,0,1,1,1,1,1,0,0,0,1,1,1,1,1,0,0,0,1,0,1,1,1,0,0,0,1,1,0,1,1,0,0,0,1,0,1,1,1,1,0,0,1,1,1,1,1,1,0,0,0,1,1,1,1,0,0,0,1,1,1,1,0,0,0,0,0,0,1,1,1,1,0,0,1,1,0,0,0,1,0,0,0,1
RA_309,0,1,1,1,0,0,0,0,1,1,1,1,1,0,1,1,1,1,1,1,1,0,1,1,1,1,1,1,1,0,1,1,1,1,1,1,0,0,1,1,0,1,0,0,0,0,0,0,1,1,1,1,1,0,1,1,1,1,1,1,0,0,1,1,1,1,1,1,1,0,1,1,1,1,0,0,0,0,0,0,1,1,0,1,0,0,1,1,0,0,0,0,1,0,0,1
RA_313,1,1,1,1,0,0,0,0,0,1,1,1,1,0,1,1,1,1,1,1,1,0,1,1,1,1,1,1,1,0,1,1,0,1,1,1,0,0,1,1,1,1,1,0,0,0,1,1,1,1,1,1,0,0,1,1,1,1,1,1,0,0,0,1,1,1,1,1,1,0,1,1,1,1,1,1,1,0,0,0,1,1,1,1,0,0,1,1,0,0,0,0,0,0,0,1
RA_318,1,1,1,0,0,0,0,0,1,1,1,1,1,0,1,1,1,1,1,1,1,0,1,1,1,1,1,1,1,0,1,1,0,1,1,1,0,0,1,1,0,1,1,0,0,0,0,0,1,1,1,1,0,0,1,1,1,1,1,1,0,0,1,1,1,1,1,1,1,0,1,1,1,1,1,0,1,0,0,0,1,1,0,1,1,0,1,1,0,0,0,1,1,0,0,1
RA_252,1,1,1,0,0,0,0,0,0,1,1,1,1,0,1,1,1,1,1,1,0,0,1,1,0,0,1,1,0,0,0,0,1,1,1,0,0,0,1,1,0,1,0,0,0,0,1,0,1,1,1,1,0,0,1,1,1,1,1,1,0,0,1,1,1,1,1,1,0,0,0,1,1,1,0,1,0,0,0,0,1,1,1,1,0,0,1,1,0,0,0,1,0,0,0,0
RA_302,1,1,1,1,0,0,0,0,0,1,1,1,0,0,1,1,1,1,1,1,0,0,1,1,0,1,1,1,1,0,1,1,1,1,1,1,0,0,1,1,0,1,1,0,0,0,0,1,1,1,1,1,1,0,1,1,1,1,1,1,0,0,0,1,1,1,1,1,1,0,1,1,1,1,1,1,1,0,0,0,1,1,1,0,0,0,1,1,0,0,0,0,0,0,0,1
RA_243,1,1,1,1,0,0,0,0,1,1,1,1,0,0,1,1,1,1,1,0,0,0,1,1,1,1,1,0,0,0,1,1,1,1,1,1,0,0,1,1,0,1,1,0,0,0,0,1,1,1,1,1,0,0,1,0,1,1,1,1,0,0,0,1,1,1,1,0,0,0,1,1,0,1,1,0,0,0,0,0,1,1,1,1,0,0,1,1,0,1,0,1,0,0,0,1
RA_259,1,1,1,0,0,0,0,0,1,1,0,1,0,0,0,0,0,1,0,0,0,0,0,0,0,0,0,0,0,0,0,0,1,1,1,0,0,0,1,0,0,0,0,0,0,0,0,0,0,1,1,0,0,0,1,0,1,1,1,0,0,0,0,0,1,1,1,1,0,0,0,1,0,0,0,0,0,0,0,0,1,0,1,0,0,0,1,0,0,0,1,1,0,0,0,0
RA_263,1,1,1,1,0,0,0,0,0,1,1,1,1,0,0,0,1,0,0,0,0,0,1,0,0,1,0,1,0,0,0,1,1,1,1,0,0,0,1,1,0,1,1,0,0,0,0,1,1,1,1,0,0,0,1,0,1,1,1,0,0,0,1,1,0,1,1,1,0,0,1,1,0,1,0,1,0,0,0,0,1,1,1,0,0,0,1,0,0,0,0,0,0,0,0,0
RA_260,1,1,1,1,0,0,0,0,0,1,1,1,0,0,0,0,0,0,0,0,0,0,0,0,0,0,0,1,0,0,0,0,1,1,1,1,0,0,1,0,1,1,0,1,0,0,1,1,1,1,1,0,0,0,0,0,1,1,1,0,0,0,1,0,1,1,1,1,0,0,1,1,0,0,1,1,0,0,0,0,0,1,1,0,0,0,1,0,0,0,0,0,0,0,0,1
RA_315,1,1,1,0,0,0,0,0,0,0,0,0,0,0,0,1,0,1,0,0,0,0,0,0,0,0,0,0,1,0,1,1,1,1,1,1,0,0,1,1,0,1,0,0,0,0,0,1,0,1,1,0,0,0,0,0,1,1,1,0,0,0,1,1,1,1,1,1,1,0,1,1,0,1,0,0,0,0,0,0,0,1,1,0,0,0,1,0,0,0,0,0,0,0,0,0
RA_331,1,1,1,0,0,0,0,0,0,0,1,0,1,0,1,0,0,0,1,1,0,0,1,1,0,0,0,1,1,0,0,0,1,1,1,1,0,0,1,1,0,1,1,0,0,0,0,1,0,1,1,0,0,0,0,0,0,1,1,0,0,0,0,1,1,1,1,1,1,0,0,1,1,1,1,0,0,0,0,0,0,0,1,0,0,0,1,0,0,0,0,1,0,0,0,1
RA_321,1,1,1,0,0,0,0,0,1,1,1,0,1,0,1,0,1,1,1,1,0,0,1,0,1,1,1,1,0,0,0,0,1,1,1,0,0,0,1,1,0,1,1,0,0,0,0,0,0,1,1,1,0,0,0,0,1,1,1,1,0,0,1,1,1,1,1,1,1,0,1,1,1,1,1,0,1,0,0,0,1,0,1,1,0,0,1,1,0,0,0,0,0,0,0,1
RA_332,1,1,1,1,0,0,0,0,1,1,1,1,0,0,1,0,1,1,1,1,1,0,0,1,1,1,1,1,1,0,1,1,1,1,1,0,0,0,1,1,0,1,1,0,0,0,0,1,1,1,1,1,0,0,1,1,1,1,1,1,0,0,0,0,1,1,1,1,1,0,1,1,1,1,1,0,0,0,0,0,1,1,1,0,0,0,1,1,0,0,0,0,1,0,0,1
RA_334,1,1,1,1,0,0,0,0,1,1,1,1,1,0,1,1,1,1,1,1,0,0,1,0,1,1,0,1,1,0,1,1,1,1,1,1,0,0,1,1,1,1,0,0,0,0,1,0,1,1,1,1,0,0,1,1,1,1,1,1,0,0,1,1,1,1,1,1,1,0,1,1,0,0,0,1,0,0,0,0,1,1,1,1,1,0,1,1,0,0,0,0,0,0,0,1
RA_167,1,1,1,0,0,0,0,0,1,1,1,0,0,0,1,0,1,0,1,0,0,0,1,1,1,1,1,0,0,0,1,0,1,1,1,0,0,0,1,1,1,1,1,0,0,0,1,1,1,1,1,0,0,0,1,1,1,1,1,0,0,0,1,1,1,1,1,0,0,0,1,1,0,1,0,0,0,0,0,0,1,1,1,1,0,0,1,1,1,0,0,0,0,0,0,1
RA_339,1,1,1,0,0,0,0,0,1,1,1,1,1,0,1,0,1,1,1,1,1,0,1,1,0,1,1,1,1,0,1,0,1,1,1,0,0,0,1,1,1,1,1,0,0,0,0,1,1,1,1,1,0,0,1,1,0,1,1,1,0,0,0,1,1,1,1,1,1,0,1,1,1,1,1,0,1,0,0,0,1,1,1,1,0,0,1,1,0,0,0,1,0,0,0,0
RA_343,1,1,1,0,0,0,0,0,1,1,0,0,1,0,1,1,0,0,0,1,0,0,1,0,0,0,0,0,1,0,0,1,1,1,1,1,0,0,1,0,1,1,0,1,0,0,1,1,0,1,1,0,0,0,1,0,1,1,1,0,0,0,1,0,1,1,1,1,1,0,1,1,0,1,1,1,0,0,0,0,1,1,1,0,0,0,1,0,0,1,0,0,0,0,0,0
RA_336,1,1,1,1,0,0,0,0,1,1,1,1,1,0,1,1,1,1,1,1,1,0,1,1,1,1,1,1,1,0,1,1,1,1,1,1,0,0,1,1,0,1,0,0,0,0,1,1,1,1,1,1,0,0,1,1,1,1,1,1,0,0,1,1,1,1,1,1,1,0,0,1,1,1,0,1,1,0,0,0,1,1,1,1,0,0,1,1,0,0,0,0,0,0,0,1
RA_345,1,1,1,1,0,0,0,0,1,1,1,1,1,0,1,0,1,1,1,1,1,0,1,1,1,0,1,1,1,0,1,1,1,1,1,1,0,0,1,1,0,1,1,0,0,0,0,1,1,0,1,1,0,0,1,0,1,1,1,1,0,0,0,0,1,1,1,1,1,0,1,1,1,1,0,1,1,0,0,0,0,0,1,0,0,0,1,1,0,1,1,1,1,0,0,1
RA_344,1,1,1,1,0,0,0,0,1,1,1,0,0,0,1,0,0,0,1,1,1,0,1,0,0,0,0,1,0,0,1,0,1,1,1,0,0,0,1,1,1,1,0,0,0,0,1,0,1,1,1,1,0,0,1,0,1,1,1,1,0,0,1,1,1,1,1,1,1,0,0,1,0,1,0,1,0,0,0,0,1,1,1,1,0,0,1,1,0,0,1,1,1,0,0,1
RA_342,1,1,1,1,0,0,0,0,1,0,1,1,0,0,1,1,0,0,0,0,0,0,0,0,0,0,0,0,0,0,1,0,1,1,1,1,0,0,1,0,1,1,0,1,0,0,1,1,0,1,1,0,0,0,1,0,1,1,1,0,0,0,1,0,1,1,1,1,1,0,1,1,1,0,1,0,1,0,0,0,1,1,1,0,0,0,1,0,0,0,0,0,0,0,0,0
RA_271,1,1,1,1,0,0,0,0,0,0,1,0,0,0,1,0,0,0,0,1,0,0,1,0,1,0,0,0,0,0,0,1,1,1,1,0,0,0,1,1,0,1,1,0,0,0,0,1,1,1,1,0,0,0,1,0,1,1,1,0,0,0,1,1,1,1,1,1,0,0,1,1,1,1,1,1,0,0,0,0,1,1,1,0,0,0,1,1,0,0,0,0,0,0,0,0
RA_273,1,1,1,1,0,0,0,0,0,1,1,1,0,0,1,1,1,1,1,1,0,0,1,1,0,1,1,1,0,0,1,1,1,1,1,1,0,0,1,1,0,1,0,0,0,0,0,0,1,1,1,0,0,0,1,1,1,1,1,1,0,0,1,0,1,1,1,1,0,0,1,1,1,1,1,0,0,0,0,0,1,0,0,1,0,0,1,1,0,1,0,1,0,0,0,1
RA_347,1,1,1,1,0,0,0,0,1,1,1,1,1,0,1,1,1,1,1,1,1,0,1,1,1,1,1,1,1,0,1,1,1,1,1,0,0,0,1,1,0,1,1,0,0,0,1,0,1,1,1,1,1,0,1,1,1,1,1,1,0,0,0,1,1,1,1,1,1,0,1,1,1,1,1,0,0,0,0,0,1,1,1,0,0,0,1,1,0,1,0,0,1,0,0,1
RA_340,1,1,1,1,0,0,0,0,1,1,1,1,0,0,1,0,1,1,1,1,1,0,1,1,1,1,0,1,1,0,1,1,1,1,1,1,0,0,0,1,0,1,1,0,0,0,1,1,1,1,1,1,0,0,1,1,1,1,1,1,0,0,0,1,1,1,1,1,1,0,1,1,1,1,0,1,1,0,0,0,1,1,1,0,0,0,1,1,0,0,0,0,1,0,0,1
RA_264,1,1,1,1,0,0,0,0,1,1,1,1,0,0,1,1,1,1,1,1,0,0,0,1,1,1,1,1,0,0,1,1,1,1,1,0,0,0,1,1,0,0,0,0,0,0,0,0,1,1,1,1,0,0,1,1,1,1,1,1,0,0,1,1,1,1,1,1,0,0,1,1,1,1,1,1,0,0,0,0,1,1,1,1,0,0,1,1,0,1,0,0,0,0,0,1
RA_256,1,1,1,0,0,0,0,0,1,1,1,1,0,0,1,1,1,1,1,1,0,0,1,1,1,0,1,1,0,0,0,1,1,1,1,0,0,0,1,1,0,1,1,0,0,0,0,1,1,1,1,1,0,0,1,0,1,1,1,1,0,0,0,1,1,1,1,1,0,0,1,1,1,1,0,0,0,0,0,0,1,1,1,1,0,0,1,1,0,0,0,1,0,0,0,1
RA_216,1,1,1,0,0,0,0,0,1,1,1,1,0,0,1,1,1,1,1,0,0,0,1,1,1,1,1,0,0,0,0,1,1,1,1,0,0,0,1,1,0,1,0,0,0,0,0,0,1,1,1,0,0,0,1,1,1,1,1,1,0,0,1,1,1,1,1,0,0,0,0,1,1,0,1,0,0,0,0,0,1,0,0,0,0,0,1,1,0,0,0,0,0,0,1,1
RA_266,1,1,1,0,0,0,0,0,0,1,1,0,0,0,0,0,0,0,0,1,0,0,1,1,0,0,0,0,0,0,1,0,1,1,1,1,0,0,1,1,0,1,0,0,0,0,0,1,1,1,1,0,0,0,1,1,1,1,1,0,0,0,0,1,1,1,1,1,0,0,0,1,0,0,1,1,0,0,0,0,1,1,1,1,0,0,1,1,0,0,0,0,0,0,0,0
RA_278,1,1,1,0,0,0,0,0,0,1,1,1,0,0,0,0,0,1,1,1,0,0,1,0,1,1,1,0,0,0,1,1,1,1,1,1,0,0,1,0,0,1,1,0,0,0,0,1,0,1,1,0,0,0,0,0,1,1,1,0,0,0,0,1,1,1,1,1,0,0,1,1,0,1,0,0,0,0,0,0,0,1,1,0,0,0,1,0,1,0,0,0,0,0,0,1
RA_261,1,1,1,1,0,0,0,0,1,1,1,1,0,0,1,0,1,1,1,1,0,0,1,0,1,1,0,0,0,0,0,1,1,1,1,0,0,0,0,1,1,1,0,0,0,0,1,0,1,1,1,1,0,0,1,0,1,1,1,1,0,0,1,1,1,1,1,1,0,0,1,0,0,1,0,0,0,0,0,0,1,1,1,1,0,0,1,1,0,0,0,0,0,0,0,1
RA_267,1,1,1,1,0,0,0,0,0,1,1,1,1,0,1,0,1,1,1,1,0,0,1,1,1,1,1,1,0,0,1,0,1,1,1,0,0,0,1,1,0,1,1,0,0,0,0,1,1,1,1,1,0,0,1,1,1,1,1,1,0,0,1,0,1,1,1,1,0,0,1,1,1,1,1,1,0,0,0,0,1,1,1,1,0,0,1,1,0,0,0,0,0,0,0,0
RA_280,1,1,1,0,0,0,0,0,0,0,0,0,0,0,0,0,0,1,0,0,0,0,1,0,1,0,1,0,0,0,0,1,1,1,1,0,0,0,1,0,0,0,0,0,0,0,0,0,1,1,1,0,0,0,0,0,1,1,1,0,0,0,0,1,1,1,1,1,0,0,1,1,0,1,0,1,0,0,0,0,1,1,1,0,0,0,1,0,0,0,0,0,0,0,0,1
RA_268,1,1,1,1,0,0,0,0,1,1,1,1,0,0,1,0,1,1,1,1,0,0,1,1,1,0,0,1,0,0,0,0,1,1,1,0,0,0,1,1,1,1,1,0,0,0,1,1,1,1,1,1,0,0,1,1,1,1,1,1,0,0,1,1,1,1,1,1,0,0,1,1,1,1,0,0,0,0,0,0,1,1,1,0,0,0,1,1,0,0,0,0,0,0,0,1
RA_237,1,1,1,1,0,0,0,0,1,1,1,0,0,0,1,1,1,1,1,0,0,0,1,1,1,1,1,0,0,0,1,1,1,1,1,0,0,0,1,1,0,1,1,0,0,0,0,1,1,1,1,1,0,0,1,1,1,1,1,1,0,0,1,1,1,1,1,0,0,0,1,1,1,1,0,0,0,0,0,0,1,1,1,1,0,0,1,1,0,0,0,0,0,0,0,1
RA_173,1,1,1,0,0,0,0,0,1,1,1,0,0,0,1,1,1,1,1,0,0,0,1,1,1,1,0,0,0,0,1,0,1,0,1,0,0,0,1,1,0,1,0,0,0,0,0,0,0,1,1,0,0,0,1,0,0,1,1,0,0,0,0,1,1,1,1,0,0,0,1,1,0,1,1,0,0,0,0,0,1,1,0,0,0,0,1,1,0,0,0,0,0,0,0,1
RA_279,1,1,1,1,0,0,0,0,1,1,1,1,1,0,1,1,1,1,1,1,0,0,0,1,1,1,1,0,0,0,1,1,1,1,1,0,0,0,1,1,0,1,1,0,0,0,0,0,1,1,1,1,0,0,1,1,1,1,1,1,0,0,0,1,1,1,1,1,0,0,1,1,1,1,0,1,0,0,0,0,1,1,1,0,0,0,1,1,1,0,1,1,0,0,0,1
RA_272,1,1,1,0,0,0,0,0,1,0,0,0,0,0,0,0,1,0,0,0,0,0,1,1,0,1,0,0,0,0,0,0,1,1,1,1,0,0,1,1,0,1,1,0,0,0,0,1,1,1,1,0,0,0,1,0,1,1,1,0,0,0,1,1,1,1,1,1,0,0,1,1,1,0,1,1,0,0,0,0,1,1,1,0,0,0,1,1,0,1,0,0,0,0,0,0
RA_245,1,1,1,0,0,0,0,0,1,1,1,0,0,0,1,0,1,0,0,0,0,0,1,1,1,1,0,0,0,0,1,1,1,1,1,0,0,0,1,1,1,1,1,0,0,0,1,1,1,1,1,1,0,0,1,1,1,1,1,1,0,0,1,1,1,1,1,0,0,0,1,1,0,0,1,0,0,0,0,0,1,1,1,1,0,0,1,1,1,0,0,0,0,0,0,0
RA_282,1,1,1,1,0,0,0,0,1,1,1,0,0,0,1,1,0,1,1,1,0,0,1,1,1,1,0,1,0,0,1,1,1,1,1,0,0,0,1,1,0,1,1,0,0,0,1,1,1,1,1,1,0,0,1,1,1,1,1,1,0,0,0,1,1,1,1,1,0,0,1,1,1,1,0,0,0,0,0,0,1,1,1,0,0,0,1,1,1,0,1,1,0,0,0,1
RA_220,1,1,1,1,0,0,0,0,1,0,1,1,0,0,1,0,1,0,1,0,0,0,1,0,0,0,1,1,0,0,1,0,1,0,1,0,0,0,1,1,1,1,0,0,0,0,1,0,1,1,1,0,0,0,1,1,1,1,1,1,0,0,1,1,1,1,1,0,0,0,1,1,0,1,0,0,0,0,0,0,1,1,1,1,0,0,1,1,0,0,0,0,0,0,0,1
RA_294,1,1,1,0,0,0,0,0,0,1,1,1,0,0,1,1,1,1,0,0,0,0,0,0,1,0,1,0,0,0,0,0,1,1,1,1,0,0,1,1,0,1,0,0,0,0,0,0,1,1,1,0,0,0,1,0,1,1,1,0,0,0,1,0,1,1,1,1,0,0,0,1,1,1,1,1,0,0,0,0,1,1,1,0,0,0,1,0,0,0,0,1,0,0,0,0
RA_239,1,1,1,1,0,0,0,0,1,1,1,0,0,0,1,1,1,1,1,0,0,0,1,1,1,1,1,0,0,0,1,1,1,1,1,0,0,0,1,1,0,1,0,0,0,0,0,0,1,1,1,0,0,0,1,1,1,1,1,1,0,0,1,1,1,1,1,0,0,0,0,1,1,1,1,0,0,0,0,0,1,1,0,1,0,0,1,1,0,0,0,0,0,0,0,0
RA_177,1,1,1,0,0,0,0,0,1,1,1,0,0,0,1,1,1,1,1,0,0,0,1,1,1,1,0,0,0,0,1,0,1,1,1,0,0,0,1,1,0,1,1,0,0,0,1,0,1,1,1,1,0,0,1,1,1,1,1,0,0,0,1,1,1,1,1,0,0,0,1,1,1,0,0,0,0,0,0,0,1,1,0,1,0,0,0,1,0,0,0,0,0,0,0,0
RA_225,1,1,1,0,0,0,0,0,0,1,1,1,0,0,1,0,1,1,1,0,0,0,1,1,1,0,0,0,0,0,1,1,1,1,0,0,0,0,1,1,1,1,1,0,0,0,0,0,1,1,1,0,0,0,1,1,1,1,1,0,0,0,1,1,1,1,1,0,0,0,1,1,0,1,0,0,0,0,0,0,1,1,1,1,0,0,1,1,0,0,1,0,0,0,0,1
RA_246,1,1,1,1,0,0,0,0,1,1,1,0,0,0,1,1,1,1,1,1,0,0,0,1,1,1,1,1,0,0,1,1,1,1,1,0,0,0,1,1,0,1,1,0,0,0,1,1,1,1,1,1,0,0,1,1,1,1,1,1,0,0,0,1,1,1,1,0,0,0,1,1,1,1,1,0,0,0,0,0,1,1,1,0,0,0,1,1,1,1,0,0,0,0,0,1
RA_295,1,1,1,1,0,0,0,0,1,1,1,0,0,0,0,0,1,1,1,1,0,0,1,0,1,0,1,1,0,0,1,0,1,1,1,0,0,0,1,1,0,1,0,0,0,0,0,0,1,1,1,1,0,0,1,0,1,1,1,1,0,0,1,0,1,1,1,1,0,0,0,0,1,1,0,1,0,0,0,0,1,1,0,1,0,0,1,1,0,0,0,0,0,0,0,1
RA_306,1,1,1,0,0,0,0,0,1,1,1,1,0,0,1,1,1,1,1,1,1,0,1,1,1,1,1,1,1,0,1,1,1,1,1,1,0,0,1,1,0,1,0,0,0,0,0,0,1,1,1,1,0,0,1,1,1,1,1,1,0,0,1,1,1,1,1,1,1,0,1,1,1,1,0,1,0,0,0,0,1,0,0,1,0,0,1,1,0,0,0,0,0,0,0,1
RA_316,1,1,1,0,0,0,0,0,1,1,1,1,1,0,1,1,1,1,1,1,1,0,1,0,0,0,1,1,1,0,0,1,1,1,1,1,0,0,0,1,1,1,1,0,0,0,1,0,1,1,1,1,0,0,1,1,1,1,1,1,0,0,0,1,1,1,1,1,1,0,1,1,1,1,1,1,1,0,0,0,1,1,1,1,0,0,1,1,0,0,0,0,0,0,0,0
RA_297,1,1,1,1,0,0,0,0,1,1,1,1,0,0,1,1,1,1,1,1,0,0,1,1,1,0,1,1,0,0,1,1,1,1,1,1,0,0,1,1,1,1,1,0,0,0,1,0,1,1,1,1,0,0,1,1,1,1,1,1,0,0,1,1,1,1,1,1,0,0,0,1,1,1,0,1,0,0,0,0,0,1,1,1,0,0,1,1,0,0,0,0,0,0,0,1
RA_298,1,1,0,1,0,0,0,0,1,1,1,1,0,0,1,0,1,1,1,1,0,0,1,1,0,1,0,0,0,0,1,1,1,1,1,0,0,0,1,1,1,1,1,0,0,0,1,0,1,1,1,1,0,0,1,1,1,1,1,1,0,0,1,1,1,1,1,1,0,0,0,1,1,1,0,1,0,0,0,0,1,1,1,1,0,0,1,1,0,0,0,1,0,0,0,1
RA_325,1,1,1,1,0,0,0,0,1,1,1,1,1,0,1,0,1,1,1,1,1,0,1,1,1,0,1,1,0,0,1,1,1,1,1,0,0,0,1,1,1,1,0,0,0,0,1,0,1,1,1,1,1,0,1,1,1,1,1,1,0,0,1,1,1,1,1,1,1,0,1,1,0,1,0,0,1,0,0,0,1,1,1,1,0,0,1,1,0,1,0,0,0,0,0,1
RA_304,1,1,1,1,0,0,0,0,1,1,1,1,0,0,1,1,1,1,1,1,1,0,1,0,1,1,1,1,1,0,0,1,1,1,1,1,0,0,1,1,0,1,0,0,0,0,0,0,1,0,1,1,0,0,1,0,1,1,1,1,0,0,1,0,1,1,1,1,1,0,1,1,1,1,0,1,1,0,0,0,1,1,1,1,1,0,1,1,0,0,0,0,0,0,0,1
RA_330,1,1,1,0,0,0,0,0,1,1,1,1,1,0,1,1,1,1,1,1,1,0,1,0,1,0,1,1,1,0,1,0,1,1,1,0,0,0,1,1,1,1,0,0,0,0,1,1,1,1,1,1,0,0,1,1,1,1,1,1,0,0,1,1,1,1,1,1,1,0,1,1,1,0,1,1,0,0,0,0,1,1,1,1,0,0,1,1,0,0,0,0,0,0,0,1
RA_319,1,1,1,1,0,0,0,0,1,1,1,1,1,0,1,1,0,1,0,1,1,0,1,1,0,0,1,1,1,0,0,0,1,1,1,1,0,0,1,1,1,1,1,0,0,0,1,1,1,1,1,1,0,0,1,1,1,1,1,1,0,0,1,1,1,1,1,1,1,0,0,1,0,1,1,1,1,0,0,0,1,1,1,1,0,0,1,1,1,0,1,0,1,0,0,1
RA_322,1,1,1,1,0,0,0,0,1,1,1,1,1,0,1,0,1,1,1,1,1,0,1,0,1,1,1,1,1,0,1,1,1,1,0,0,0,0,1,1,1,1,1,0,0,0,0,0,1,1,1,1,0,0,1,1,1,1,1,1,0,0,1,1,1,1,1,1,1,0,1,1,1,1,1,1,1,0,0,0,1,1,1,1,0,0,1,1,0,0,0,0,0,0,0,1
RA_324,1,1,1,1,0,0,0,0,1,1,1,0,0,0,0,0,1,0,0,0,0,0,1,0,0,0,0,1,1,0,0,0,1,1,1,1,0,0,1,1,0,1,1,0,0,0,0,1,1,1,1,0,0,0,1,1,1,1,1,0,0,0,1,1,1,1,1,1,1,0,0,0,1,1,1,0,0,0,0,0,1,1,1,0,0,0,1,1,0,0,0,0,1,0,0,0
RA_327,1,0,1,1,0,0,0,0,1,1,1,1,1,0,1,1,1,1,1,1,1,0,1,1,1,1,1,1,1,0,1,1,1,1,1,1,0,0,0,1,1,1,1,0,0,0,1,1,1,1,1,1,0,0,1,1,1,1,1,1,0,0,0,1,1,1,1,1,1,0,0,1,1,1,0,1,0,0,0,0,1,1,1,1,1,0,1,1,0,0,0,0,1,0,0,1
RA_234,1,1,1,1,0,0,0,0,1,1,1,0,0,0,1,1,1,1,1,0,0,0,1,1,1,1,0,1,0,0,0,1,1,1,1,0,0,0,1,1,0,1,1,0,0,0,0,1,1,1,1,1,0,0,1,1,1,1,1,1,0,0,1,1,1,1,1,0,0,0,0,1,0,1,0,0,0,0,0,0,1,1,1,0,0,0,1,1,0,1,0,0,0,0,0,0
RA_348,1,1,1,1,0,0,0,0,1,1,1,1,1,0,1,1,1,1,1,1,1,0,1,1,0,1,0,1,1,0,1,1,0,1,1,1,0,0,1,1,0,1,1,0,0,0,0,1,1,1,1,1,1,0,1,1,1,1,1,1,0,0,1,1,1,1,1,1,1,0,1,1,0,1,0,1,1,0,0,0,0,1,1,0,0,0,1,1,1,0,0,1,1,0,0,1
