question_id,propensity_lower,propensity_upper
MCTACO-MCTACO-798,-3,3
MCTACO-MCTACO-443,-3,3
MCTACO-MCTACO-790,-3,3
MCTACO-MCTACO-635,-3,3
MCTACO-MCTACO-267,-3,3
MCTACO-MCTACO-699,-3,3
MCTACO-MCTACO-558,-3,3
MCTACO-MCTACO-212,-3,3
MCTACO-MCTACO-432,-3,3
MCTACO-MCTACO-310,-3,3
MCTACO-MCTACO-519,-3,3
MCTACO-MCTACO-486,-3,3
MCTACO-MCTACO-488,-3,3
MCTACO-MCTACO-287,-3,3
MCTACO-MCTACO-40,-3,3
MCTACO-MCTACO-445,-3,3
MCTACO-MCTACO-706,-3,3
MCTACO-MCTACO-303,-3,3
MCTACO-MCTACO-197,-3,3
MCTACO-MCTACO-588,-3,3
MCTACO-MCTACO-412,-3,3
MCTACO-MCTACO-347,-3,3
MCTACO-MCTACO-832,-3,3
MCTACO-MCTACO-597,-3,3
MCTACO-MCTACO-496,-3,3
MCTACO-MCTACO-236,-3,3
MCTACO-MCTACO-670,-3,3
MCTACO-MCTACO-87,-3,3
MCTACO-MCTACO-291,-3,3
MCTACO-MCTACO-232,-3,3
MCTACO-MCTACO-64,-3,3
MCTACO-MCTACO-848,-3,3
MCTACO-MCTACO-560,-3,3
MCTACO-MCTACO-553,-3,3
MCTACO-MCTACO-334,-3,3
MCTACO-MCTACO-50,-3,3
MCTACO-MCTACO-138,-3,3
MCTACO-MCTACO-847,-3,3
MCTACO-MCTACO-631,-3,3
MCTACO-MCTACO-690,-3,3
MCTACO-MCTACO-665,-3,3
MCTACO-MCTACO-812,-3,3
MCTACO-MCTACO-364,-3,3
MCTACO-MCTACO-78,-3,3
MCTACO-MCTACO-738,-3,3
MCTACO-MCTACO-345,-3,3
MCTACO-MCTACO-623,-3,3
MCTACO-MCTACO-501,-3,3
MCTACO-MCTACO-576,-3,3
MCTACO-MCTACO-747,-3,3
MCTACO-MCTACO-389,-3,3
MCTACO-MCTACO-6,-3,3
MCTACO-MCTACO-98,-3,3
MCTACO-MCTACO-552,-3,3
MCTACO-MCTACO-362,-3,3
MCTACO-MCTACO-711,-3,3
MCTACO-MCTACO-381,-3,3
MCTACO-MCTACO-446,-3,3
MCTACO-MCTACO-293,-3,3
MCTACO-MCTACO-378,-3,3
MCTACO-MCTACO-674,-3,3
MCTACO-MCTACO-495,-3,3
MCTACO-MCTACO-245,-3,3
MCTACO-MCTACO-683,-3,3
MCTACO-MCTACO-835,-3,3
MCTACO-MCTACO-251,-3,3
MCTACO-MCTACO-209,-3,3
MCTACO-MCTACO-500,-3,3
MCTACO-MCTACO-3,-3,3
MCTACO-MCTACO-630,-3,3
MCTACO-MCTACO-214,-3,3
MCTACO-MCTACO-810,-3,3
MCTACO-MCTACO-484,-3,3
MCTACO-MCTACO-765,-3,3
MCTACO-MCTACO-440,-3,3
MCTACO-MCTACO-80,-3,3
MCTACO-MCTACO-199,-3,3
MCTACO-MCTACO-638,-3,3
MCTACO-MCTACO-429,-3,3
MCTACO-MCTACO-698,-3,3
MCTACO-MCTACO-56,-3,3
MCTACO-MCTACO-329,-3,3
MCTACO-MCTACO-431,-3,3
MCTACO-MCTACO-418,-3,3
MCTACO-MCTACO-679,-3,3
MCTACO-MCTACO-487,-3,3
MCTACO-MCTACO-808,-3,3
MCTACO-MCTACO-394,-3,3
MCTACO-MCTACO-755,-3,3
MCTACO-MCTACO-651,-3,3
MCTACO-MCTACO-828,-3,3
MCTACO-MCTACO-282,-3,3
MCTACO-MCTACO-333,-3,3
MCTACO-MCTACO-91,-3,3
MCTACO-MCTACO-799,-3,3
MCTACO-MCTACO-406,-3,3
MCTACO-MCTACO-300,-3,3
MCTACO-MCTACO-159,-3,3
MCTACO-MCTACO-132,-3,3
MCTACO-MCTACO-71,-3,3
MCTACO-MCTACO-448,-3,3
MCTACO-MCTACO-83,-3,3
MCTACO-MCTACO-29,-3,3
MCTACO-MCTACO-7,-3,3
MCTACO-MCTACO-591,-3,3
MCTACO-MCTACO-758,-3,3
MCTACO-MCTACO-235,-3,3
MCTACO-MCTACO-598,-3,3
MCTACO-MCTACO-42,-3,3
MCTACO-MCTACO-109,-3,3
MCTACO-MCTACO-514,-3,3
MCTACO-MCTACO-52,-3,3
MCTACO-MCTACO-449,-3,3
MCTACO-MCTACO-781,-3,3
MCTACO-MCTACO-549,-3,3
MCTACO-MCTACO-265,-3,3
MCTACO-MCTACO-657,-3,3
MCTACO-MCTACO-19,-3,3
MCTACO-MCTACO-307,-3,3
MCTACO-MCTACO-62,-3,3
MCTACO-MCTACO-273,-3,3
MCTACO-MCTACO-286,-3,3
MCTACO-MCTACO-498,-3,3
MCTACO-MCTACO-352,-3,3
MCTACO-MCTACO-533,-3,3
MCTACO-MCTACO-358,-3,3
MCTACO-MCTACO-369,-3,3
MCTACO-MCTACO-494,-3,3
MCTACO-MCTACO-527,-3,3
MCTACO-MCTACO-177,-3,3
MCTACO-MCTACO-249,-3,3
MCTACO-MCTACO-550,-3,3
MCTACO-MCTACO-75,-2,3
MCTACO-MCTACO-114,-3,3
MCTACO-MCTACO-452,-3,3
MCTACO-MCTACO-105,-3,3
MCTACO-MCTACO-115,-3,3
MCTACO-MCTACO-363,-3,3
MCTACO-MCTACO-458,-3,3
MCTACO-MCTACO-337,-3,3
MCTACO-MCTACO-782,-3,3
MCTACO-MCTACO-95,-3,3
MCTACO-MCTACO-395,-3,3
MCTACO-MCTACO-168,-3,3
MCTACO-MCTACO-745,-3,3
MCTACO-MCTACO-535,-3,3
MCTACO-MCTACO-779,-2,2
MCTACO-MCTACO-585,-2,3
MCTACO-MCTACO-532,-3,3
MCTACO-MCTACO-850,-3,3
MCTACO-MCTACO-223,-3,3
MCTACO-MCTACO-465,-3,3
MCTACO-MCTACO-737,-3,3
MCTACO-MCTACO-325,-3,3
MCTACO-MCTACO-784,-3,3
MCTACO-MCTACO-23,-3,3
MCTACO-MCTACO-357,-2,3
MCTACO-MCTACO-222,-3,3
MCTACO-MCTACO-341,-3,3
MCTACO-MCTACO-712,-3,3
MCTACO-MCTACO-204,-3,3
MCTACO-MCTACO-238,-3,3
MCTACO-MCTACO-285,-3,3
MCTACO-MCTACO-185,-3,3
MCTACO-MCTACO-154,-3,3
MCTACO-MCTACO-827,-3,3
MCTACO-MCTACO-531,-3,3
MCTACO-MCTACO-278,-3,3
MCTACO-MCTACO-637,-3,3
MCTACO-MCTACO-89,-3,3
MCTACO-MCTACO-118,-3,3
MCTACO-MCTACO-126,-3,3
MCTACO-MCTACO-1,-3,3
MCTACO-MCTACO-396,-3,3
MCTACO-MCTACO-279,-3,3
MCTACO-MCTACO-661,-3,3
MCTACO-MCTACO-539,-3,3
MCTACO-MCTACO-370,-3,3
MCTACO-MCTACO-308,-3,3
MCTACO-MCTACO-311,-3,3
MCTACO-MCTACO-502,-3,3
MCTACO-MCTACO-372,-3,3
MCTACO-MCTACO-713,-3,3
MCTACO-MCTACO-108,-3,3
MCTACO-MCTACO-101,-3,3
MCTACO-MCTACO-444,-3,3
MCTACO-MCTACO-616,-3,3
MCTACO-MCTACO-804,-2,3
MCTACO-MCTACO-58,-3,3
MCTACO-MCTACO-125,-3,3
MCTACO-MCTACO-573,-3,3
MCTACO-MCTACO-447,-3,3
MCTACO-MCTACO-517,-3,3
MCTACO-MCTACO-322,-3,3
MCTACO-MCTACO-354,-3,3
MCTACO-MCTACO-788,-3,3
MCTACO-MCTACO-143,-3,3
MCTACO-MCTACO-471,-3,3
MCTACO-MCTACO-817,-3,3
MCTACO-MCTACO-264,-3,3
MCTACO-MCTACO-693,-3,3
MCTACO-MCTACO-313,-3,3
MCTACO-MCTACO-391,-3,3
MCTACO-MCTACO-13,-3,3
MCTACO-MCTACO-408,-3,3
