question_id,4o_Ex_-1_outcome,4o_Ex_-2_outcome,4o_Ex_-3_outcome,4o_Ex_+1_outcome,4o_Ex_+2_outcome,4o_Ex_+3_outcome,4o_Ex_0_outcome,4o_Ex_outcome,ds-r1-llama8_Ex_-1_outcome,ds-r1-llama8_Ex_-2_outcome,ds-r1-llama8_Ex_-3_outcome,ds-r1-llama8_Ex_+1_outcome,ds-r1-llama8_Ex_+2_outcome,ds-r1-llama8_Ex_+3_outcome,ds-r1-llama8_Ex_0_outcome,ds-r1-llama8_Ex_outcome,ds-r1-llama70_Ex_-1_outcome,ds-r1-llama70_Ex_-2_outcome,ds-r1-llama70_Ex_-3_outcome,ds-r1-llama70_Ex_+1_outcome,ds-r1-llama70_Ex_+2_outcome,ds-r1-llama70_Ex_+3_outcome,ds-r1-llama70_Ex_0_outcome,ds-r1-llama70_Ex_outcome,ds-r1-qwen32_Ex_-1_outcome,ds-r1-qwen32_Ex_-2_outcome,ds-r1-qwen32_Ex_-3_outcome,ds-r1-qwen32_Ex_+1_outcome,ds-r1-qwen32_Ex_+2_outcome,ds-r1-qwen32_Ex_+3_outcome,ds-r1-qwen32_Ex_0_outcome,ds-r1-qwen32_Ex_outcome,gemma3_Ex_-1_outcome,gemma3_Ex_-2_outcome,gemma3_Ex_-3_outcome,gemma3_Ex_+1_outcome,gemma3_Ex_+2_outcome,gemma3_Ex_+3_outcome,gemma3_Ex_0_outcome,gemma3_Ex_outcome,llama32_Ex_-1_outcome,llama32_Ex_-2_outcome,llama32_Ex_-3_outcome,llama32_Ex_+1_outcome,llama32_Ex_+2_outcome,llama32_Ex_+3_outcome,llama32_Ex_0_outcome,llama32_Ex_outcome,llama33_Ex_-1_outcome,llama33_Ex_-2_outcome,llama33_Ex_-3_outcome,llama33_Ex_+1_outcome,llama33_Ex_+2_outcome,llama33_Ex_+3_outcome,llama33_Ex_0_outcome,llama33_Ex_outcome,ministral-r_Ex_-1_outcome,ministral-r_Ex_-2_outcome,ministral-r_Ex_-3_outcome,ministral-r_Ex_+1_outcome,ministral-r_Ex_+2_outcome,ministral-r_Ex_+3_outcome,ministral-r_Ex_0_outcome,ministral-r_Ex_outcome,Nemo_Ex_-1_outcome,Nemo_Ex_-2_outcome,Nemo_Ex_-3_outcome,Nemo_Ex_+1_outcome,Nemo_Ex_+2_outcome,Nemo_Ex_+3_outcome,Nemo_Ex_0_outcome,Nemo_Ex_outcome,o1_Ex_-1_outcome,o1_Ex_-2_outcome,o1_Ex_-3_outcome,o1_Ex_+1_outcome,o1_Ex_+2_outcome,o1_Ex_+3_outcome,o1_Ex_0_outcome,o1_Ex_outcome,qwen3-4b-i_Ex_-1_outcome,qwen3-4b-i_Ex_-2_outcome,qwen3-4b-i_Ex_-3_outcome,qwen3-4b-i_Ex_+1_outcome,qwen3-4b-i_Ex_+2_outcome,qwen3-4b-i_Ex_+3_outcome,qwen3-4b-i_Ex_0_outcome,qwen3-4b-i_Ex_outcome,qwen3-4b-t_Ex_-1_outcome,qwen3-4b-t_Ex_-2_outcome,qwen3-4b-t_Ex_-3_outcome,qwen3-4b-t_Ex_+1_outcome,qwen3-4b-t_Ex_+2_outcome,qwen3-4b-t_Ex_+3_outcome,qwen3-4b-t_Ex_0_outcome,qwen3-4b-t_Ex_outcome
Ex_5,1,0,0,1,1,1,1,1,0,1,0,1,1,1,0,1,1,1,0,0,1,1,1,1,1,1,0,1,1,1,1,1,0,0,0,1,1,1,1,1,0,0,1,1,1,1,1,1,0,0,0,1,1,1,1,1,1,1,0,0,0,1,1,1,1,1,0,1,1,1,1,1,1,0,0,1,1,1,0,0,0,0,0,1,1,1,1,1,0,0,0,0,1,0,1,1
Ex_6,1,0,0,1,1,1,1,1,1,1,0,1,1,1,1,1,1,1,0,1,1,1,1,1,1,1,0,1,1,1,0,1,0,0,0,1,1,1,1,1,1,1,1,1,1,1,1,1,0,0,0,1,1,1,1,1,1,1,0,1,1,1,1,1,1,1,0,1,1,1,1,1,1,0,0,1,1,1,0,0,1,1,0,1,1,1,1,1,1,1,0,1,0,1,0,1
Ex_2,1,0,0,1,1,1,1,1,1,1,1,1,1,1,1,1,1,1,0,1,1,1,1,1,1,1,0,1,1,1,1,1,0,0,0,1,1,1,1,1,0,0,0,1,1,1,1,1,0,0,0,1,1,1,1,1,1,1,0,1,1,1,1,1,1,1,0,1,1,1,1,1,1,0,0,1,1,1,0,0,0,0,0,1,1,1,1,1,1,0,0,0,1,1,1,1
Ex_0,1,0,0,1,1,1,1,1,1,1,0,1,1,1,1,1,1,1,0,0,1,1,0,1,1,1,0,1,1,1,0,1,1,1,0,1,1,1,1,1,1,1,1,1,1,1,1,1,1,0,0,1,1,1,1,1,1,1,0,1,1,1,1,1,1,1,0,1,1,1,1,1,0,0,0,1,1,1,0,0,1,1,0,1,1,1,1,1,1,0,0,1,1,1,1,1
Ex_3,1,0,0,1,1,1,1,1,1,0,0,1,1,1,1,1,1,1,0,1,1,0,1,1,1,1,0,0,1,1,1,1,1,1,0,1,1,1,1,1,1,0,0,1,1,1,1,1,1,0,0,1,1,1,1,1,1,1,0,1,0,1,1,1,1,1,0,1,1,1,1,1,1,1,0,1,1,1,0,0,1,1,1,1,1,1,1,1,1,1,0,1,0,1,1,1
Ex_15,1,0,0,1,1,1,1,1,1,1,0,1,1,1,1,1,1,0,0,1,1,1,1,1,0,0,0,1,1,1,1,1,0,0,0,1,1,1,1,1,1,0,0,1,1,1,1,1,0,0,0,1,1,1,1,1,1,1,0,1,1,1,1,1,1,0,0,1,1,1,1,1,1,0,0,1,1,1,0,0,0,1,0,1,1,1,1,1,0,0,0,1,1,0,1,1
Ex_11,0,0,0,0,1,1,1,1,1,0,0,0,1,1,1,1,0,1,0,1,1,0,1,1,1,0,0,1,1,1,1,1,0,0,0,0,1,1,1,1,0,1,1,1,1,1,1,1,0,0,0,1,1,1,1,1,1,1,0,1,1,1,1,1,0,0,0,0,0,1,1,1,1,0,0,1,1,1,0,0,0,0,0,1,1,1,0,1,0,0,0,0,0,0,0,0
Ex_16,1,0,0,1,1,1,1,1,1,0,0,1,1,1,1,1,1,0,0,1,1,0,1,1,1,1,0,1,1,1,1,1,0,0,0,1,1,1,1,1,1,0,0,1,1,1,1,1,0,0,0,1,1,1,1,1,1,1,0,1,1,1,1,1,1,0,0,0,1,1,1,1,1,0,0,1,1,1,0,0,0,0,0,1,1,1,1,1,0,0,0,1,0,1,1,1
Ex_27,1,1,0,1,0,0,1,1,1,1,1,1,0,0,1,1,1,1,1,1,1,0,1,0,1,1,1,1,1,0,0,1,1,1,0,1,0,0,1,1,1,1,1,1,1,1,1,1,1,1,0,1,0,0,1,1,1,1,1,1,0,0,1,1,1,1,1,1,1,0,1,1,1,1,0,1,0,0,0,0,1,1,1,1,1,0,1,1,1,1,0,1,0,0,0,1
Ex_9,1,0,0,1,1,1,1,1,1,1,1,1,1,1,1,1,1,1,0,1,1,1,1,1,1,1,0,1,1,1,1,1,0,1,0,1,1,1,1,1,1,1,0,1,1,1,1,1,1,0,0,1,1,1,1,1,1,1,0,1,1,1,1,1,1,1,0,1,1,1,1,1,1,0,0,1,1,1,0,0,1,1,0,1,1,1,1,1,1,1,0,1,1,1,1,1
Ex_12,0,0,0,1,1,1,0,0,0,0,0,1,0,1,0,1,0,0,0,1,1,1,0,1,0,0,0,1,1,1,1,0,0,0,0,1,1,1,1,1,0,0,1,1,1,1,1,1,0,0,0,1,1,1,0,1,1,1,0,0,1,1,1,1,0,0,0,0,1,1,0,0,0,0,0,0,1,1,0,0,0,0,0,0,1,1,0,0,0,0,0,0,0,1,0,1
Ex_8,1,0,0,1,1,1,1,1,1,0,0,1,1,1,1,1,1,0,0,1,1,1,1,1,1,1,0,1,1,1,1,1,0,0,0,1,1,1,0,1,0,0,0,1,1,1,1,1,0,0,0,1,1,1,1,1,1,1,0,1,1,1,1,1,1,1,0,1,1,1,1,1,1,0,0,1,1,1,0,0,1,1,0,1,1,1,1,1,1,0,0,1,0,0,0,1
Ex_17,0,0,0,1,1,1,0,0,1,1,0,1,1,1,1,1,0,0,0,1,0,0,0,1,0,0,0,1,1,1,1,1,0,0,0,1,1,1,1,1,0,0,0,1,0,1,0,0,0,0,0,1,1,1,1,1,0,1,0,0,0,1,1,1,0,0,0,0,0,1,0,0,1,0,0,1,1,1,0,0,0,0,0,1,1,1,0,0,0,0,0,1,1,0,0,0
Ex_13,0,0,0,1,1,1,1,1,1,0,0,1,1,1,1,1,1,1,0,1,1,1,1,1,1,0,0,1,1,1,0,1,0,0,0,1,1,1,1,1,0,0,1,1,1,1,1,1,0,0,0,1,1,1,1,1,1,1,0,1,1,1,1,1,1,0,0,1,1,1,1,1,1,0,0,1,1,1,0,0,0,0,0,1,1,1,1,1,0,0,0,0,0,1,1,1
Ex_1,1,0,0,1,1,1,1,1,1,1,0,1,1,1,1,1,1,1,0,1,1,1,1,1,0,1,0,1,1,1,1,1,0,1,0,1,1,1,1,1,1,1,0,1,1,1,1,1,1,0,0,1,1,1,1,1,1,1,0,1,1,1,1,1,1,1,0,1,1,1,1,1,1,1,0,1,1,1,0,0,1,1,0,1,1,1,1,1,1,0,0,1,0,0,0,1
Ex_22,1,1,0,1,0,0,0,1,1,1,1,1,0,0,1,0,1,1,1,1,1,0,1,1,1,1,0,1,1,0,1,1,1,1,0,0,0,0,1,1,1,1,1,1,1,1,1,1,1,1,1,1,0,0,1,1,1,1,1,1,0,0,1,1,1,1,1,1,1,0,1,1,1,1,1,1,0,0,0,0,1,1,1,1,1,0,1,1,0,0,1,1,0,0,1,1
Ex_31,1,1,0,1,1,0,1,1,1,0,1,0,1,0,1,1,1,1,0,1,1,0,1,1,1,1,1,1,1,0,0,1,1,1,0,1,0,0,0,1,1,1,0,1,1,1,1,1,1,1,1,1,0,0,1,1,1,1,1,1,1,0,1,1,1,1,0,1,1,1,1,1,1,1,0,1,1,0,0,0,1,1,1,1,1,1,1,1,0,1,1,1,1,0,1,1
Ex_4,0,0,0,0,1,1,0,0,0,1,0,0,1,1,1,1,0,0,0,0,0,1,0,0,0,0,0,0,1,1,0,0,0,0,0,1,1,1,0,0,0,0,0,0,1,1,0,0,0,0,0,1,1,1,0,1,1,1,0,0,0,1,0,0,0,0,0,0,0,1,0,0,1,0,0,0,1,1,0,0,0,0,0,0,1,1,0,0,0,0,0,0,1,1,0,0
Ex_32,1,1,0,1,0,0,1,1,1,1,1,1,0,1,1,1,1,1,1,1,1,0,1,1,1,1,1,0,1,0,1,1,1,1,0,1,0,0,1,1,1,1,1,1,1,1,1,1,1,1,1,1,1,0,1,1,1,1,1,1,1,0,1,1,1,1,0,1,1,0,1,1,1,1,1,1,1,0,0,0,1,1,1,1,1,1,1,1,0,1,1,1,0,0,0,1
Ex_67,1,1,0,1,0,0,1,1,0,1,0,1,1,0,0,1,0,1,0,1,1,0,1,1,1,1,1,1,1,0,0,1,1,1,0,1,0,0,1,1,1,1,1,1,1,1,1,1,1,1,1,1,0,0,1,1,1,1,1,1,0,0,1,1,1,1,1,1,1,1,1,1,1,1,1,1,0,0,0,0,1,1,1,1,1,0,1,1,1,1,0,1,0,0,0,1
Ex_54,1,1,1,0,0,0,1,1,0,1,0,1,0,0,0,1,0,1,1,0,0,0,1,1,1,0,1,0,0,0,1,1,1,1,1,0,0,0,1,1,1,1,1,1,1,1,1,1,1,1,1,0,0,0,1,1,1,1,1,1,0,0,1,1,1,1,1,0,0,1,1,1,1,1,1,0,0,0,0,0,1,1,1,0,0,0,1,1,0,0,0,0,0,0,0,1
Ex_25,1,1,0,1,0,0,1,1,1,1,1,1,0,0,1,1,1,1,1,1,0,0,1,1,1,1,1,1,0,0,1,1,1,1,0,0,0,0,1,1,1,1,1,1,1,1,1,1,1,1,0,1,0,0,1,1,1,1,1,1,0,0,1,1,1,1,0,1,0,0,1,1,1,1,0,1,0,0,0,0,1,1,1,1,1,0,1,1,0,1,1,1,0,0,1,1
Ex_66,1,1,1,1,1,0,1,1,0,1,1,0,1,0,0,1,0,0,0,0,1,0,1,1,1,0,1,1,0,0,1,1,1,1,1,0,0,0,1,1,1,1,1,1,1,1,1,1,1,1,1,1,1,0,1,1,1,1,1,1,1,0,1,1,1,1,1,1,1,1,1,1,1,1,1,1,0,0,0,0,1,1,1,1,1,0,1,1,0,0,1,0,0,0,1,1
Ex_55,1,1,1,0,0,0,0,1,0,0,1,0,0,0,0,1,1,0,0,0,0,0,1,1,1,1,0,0,0,0,1,1,1,1,1,0,0,0,0,1,1,1,1,0,0,0,0,0,1,1,1,0,0,0,1,1,1,1,1,1,0,0,1,1,1,1,1,1,0,0,1,1,1,1,1,0,0,0,0,0,1,1,1,0,0,0,0,0,1,1,1,0,0,0,1,1
Ex_69,1,1,0,1,0,0,1,1,0,0,1,1,1,0,1,0,1,1,1,0,1,0,1,1,1,1,1,1,0,0,0,1,1,1,1,0,0,0,1,1,1,1,1,1,1,1,1,1,1,1,1,1,0,0,1,1,1,1,1,1,0,0,1,1,1,1,1,1,0,1,1,1,1,1,1,1,0,0,0,0,1,1,1,1,1,0,1,1,1,0,1,0,1,0,0,1
Ex_42,1,0,0,1,1,1,1,1,0,0,0,0,0,0,0,0,1,0,0,1,1,0,1,0,1,0,0,1,0,0,1,1,1,0,0,1,1,1,1,1,1,1,1,1,1,1,1,1,1,0,0,1,1,1,1,1,1,1,0,1,1,1,1,1,1,1,1,1,1,1,1,1,1,0,0,1,1,1,0,0,1,1,1,1,1,1,1,1,0,0,0,0,0,1,0,1
Ex_51,0,0,0,1,1,1,1,1,0,0,0,0,0,0,1,1,0,0,0,0,0,0,0,0,1,0,0,1,0,1,1,1,0,0,0,1,1,1,1,1,1,0,0,1,1,1,1,1,0,0,0,1,1,1,1,1,1,0,0,1,1,1,1,1,1,0,1,1,1,1,1,1,1,0,0,1,1,1,0,0,1,1,0,1,1,1,1,1,1,0,0,0,0,1,0,0
Ex_61,1,1,0,1,0,0,1,1,0,0,0,0,0,0,1,1,1,0,1,0,0,0,1,1,1,0,1,1,0,0,1,1,1,1,0,0,0,0,1,1,1,1,1,1,1,1,1,1,1,1,1,1,0,0,1,1,1,1,1,1,0,0,1,1,1,1,1,1,1,1,1,1,1,0,1,1,0,0,0,0,1,1,1,1,1,1,1,1,0,1,0,1,0,0,1,1
Ex_7,1,0,0,1,1,1,1,1,1,1,0,1,1,1,1,1,1,1,0,1,0,1,1,1,1,1,0,1,1,1,1,1,1,1,0,1,1,1,0,1,1,1,1,1,1,1,1,1,1,0,0,1,1,1,1,1,1,1,0,1,1,1,1,1,1,1,0,1,1,1,1,1,1,0,0,1,1,1,0,0,1,1,0,1,1,1,1,1,0,1,0,1,0,0,0,0
Ex_18,1,1,0,1,0,0,1,1,1,1,1,0,0,0,0,1,1,1,1,1,0,0,1,1,1,1,1,1,0,0,1,1,1,1,0,0,0,0,0,1,1,1,1,1,1,1,1,1,1,1,1,1,0,0,1,1,1,1,1,1,0,0,1,1,1,1,1,1,0,0,1,1,1,1,0,1,0,0,0,0,1,1,1,1,1,0,1,1,1,1,1,0,0,0,1,1
Ex_28,1,1,0,1,0,0,1,1,0,0,0,1,0,0,1,1,1,1,1,1,1,0,1,1,1,1,1,1,0,0,1,1,1,1,0,0,0,0,1,1,1,1,1,1,1,1,1,1,1,1,1,1,0,0,1,1,1,1,1,1,0,0,1,1,1,1,1,1,0,0,1,1,1,1,0,1,0,0,0,0,1,1,1,1,1,0,1,1,0,0,0,0,0,0,1,1
Ex_73,1,0,0,1,1,1,1,1,1,1,0,1,1,1,1,1,1,1,0,0,1,1,1,1,1,0,0,1,1,1,1,1,1,1,0,1,1,1,1,1,1,1,1,1,1,1,1,1,1,1,0,1,1,1,1,1,1,1,0,1,1,1,1,1,1,1,0,1,1,1,1,1,1,1,0,1,1,1,0,0,1,1,1,1,1,1,1,1,1,0,0,1,1,1,1,1
Ex_70,1,1,0,1,0,0,1,1,1,0,1,0,0,0,0,1,1,0,0,1,1,0,1,1,1,1,1,1,0,0,1,1,1,1,0,0,0,0,1,1,1,1,1,1,1,1,1,1,1,1,1,1,0,0,1,1,1,1,1,1,1,0,1,1,1,1,1,1,0,1,1,1,1,1,1,1,0,0,0,0,1,1,1,1,1,0,1,1,0,1,1,0,0,0,1,1
Ex_79,1,0,0,1,1,1,1,1,1,0,0,1,1,1,1,1,1,1,0,1,1,1,1,1,1,1,0,1,0,1,1,1,0,0,0,1,1,1,1,1,0,0,0,1,1,1,1,1,0,0,0,1,1,1,1,1,1,1,0,1,1,1,1,1,1,0,0,1,1,1,1,1,1,0,0,1,1,1,0,0,0,0,0,1,1,1,1,1,0,0,0,1,1,1,0,1
Ex_44,0,0,0,1,1,1,1,1,0,0,0,1,0,0,0,1,1,0,0,1,1,0,1,1,1,0,0,1,1,1,1,0,0,0,0,1,1,1,1,1,1,1,1,1,1,1,1,1,0,0,0,1,1,1,1,1,1,1,0,1,1,1,1,1,1,1,1,1,1,1,1,1,1,0,0,1,1,1,0,0,1,1,0,1,1,1,1,1,0,0,0,1,1,0,0,1
Ex_14,0,0,0,1,1,1,0,0,1,0,0,1,1,1,1,1,0,0,0,1,1,0,1,1,0,0,0,1,1,1,1,1,0,0,0,1,1,1,1,1,0,0,1,1,1,1,1,1,0,0,0,1,1,1,1,1,0,0,0,1,1,1,1,1,0,0,0,0,1,0,0,0,0,0,0,1,1,1,0,0,0,0,0,1,1,1,0,0,0,0,0,0,1,1,0,0
Ex_10,1,0,0,1,1,1,1,1,1,0,0,1,0,1,1,1,1,1,0,1,1,1,0,1,1,1,0,1,0,1,1,1,0,0,0,1,1,1,1,0,0,0,0,1,1,1,1,1,0,0,0,1,1,1,1,1,1,1,0,1,0,1,1,1,0,0,0,0,1,1,0,1,1,0,0,1,1,1,0,0,0,0,0,1,1,1,1,1,0,0,0,1,0,1,1,1
Ex_38,1,0,0,1,1,1,1,1,1,0,1,1,0,0,1,1,0,1,0,0,0,0,1,1,1,1,0,0,1,1,1,0,1,0,0,1,1,1,1,1,1,0,0,1,1,1,1,1,1,0,0,1,1,1,1,1,1,1,0,1,1,1,1,1,1,1,0,1,1,1,1,1,1,0,0,1,1,1,0,0,1,1,1,1,1,1,1,1,1,0,0,1,1,1,1,1
Ex_24,1,1,0,1,0,0,1,1,1,1,1,1,0,0,0,1,1,1,1,1,0,0,1,1,1,1,1,1,1,0,1,1,1,1,0,0,0,0,1,1,1,1,1,1,1,1,1,1,1,1,0,1,0,0,1,1,1,1,1,1,1,0,1,1,1,1,0,1,1,0,1,1,1,1,0,1,0,0,0,0,1,1,1,1,1,0,1,1,1,1,1,0,0,0,0,1
Ex_20,1,1,0,1,0,0,1,1,1,0,1,1,0,0,1,1,0,1,1,1,0,0,1,1,1,0,0,1,0,0,0,0,1,1,0,0,0,0,1,1,1,1,1,1,0,0,1,1,1,1,0,1,0,0,1,1,1,1,1,1,0,0,1,1,1,1,0,1,0,0,1,1,1,1,0,1,0,0,0,0,1,1,1,1,1,0,1,1,1,0,0,1,0,0,1,1
Ex_29,1,1,0,1,0,0,1,1,1,1,1,1,0,0,1,1,1,1,0,1,0,0,1,0,1,1,1,1,0,0,1,1,1,1,0,0,0,0,1,1,1,1,1,1,1,1,1,1,1,1,1,0,0,0,1,1,1,1,1,1,0,0,1,1,1,1,0,1,0,0,1,1,1,1,0,1,0,0,0,0,1,1,1,1,1,0,1,1,1,1,1,1,0,0,1,1
Ex_40,1,0,0,1,1,1,1,1,1,0,0,1,1,0,1,1,1,0,0,0,0,0,0,1,1,1,0,0,0,0,0,1,1,1,0,1,1,1,1,1,1,1,1,1,1,1,1,1,1,0,0,1,1,1,1,1,1,1,0,1,1,1,1,1,1,1,0,1,1,1,1,1,1,0,0,1,1,1,0,0,1,1,1,1,1,1,1,1,1,0,0,1,0,1,1,1
Ex_77,1,0,0,1,1,1,1,1,1,1,0,1,1,1,1,1,1,0,0,1,0,1,1,1,0,1,0,1,1,0,1,1,1,0,0,1,1,1,1,1,1,1,0,1,1,1,1,1,0,0,0,1,1,1,1,1,1,1,0,1,1,1,1,1,1,1,0,1,1,1,1,1,1,0,0,1,1,1,0,0,0,0,0,1,1,1,1,1,1,0,0,1,1,1,1,1
Ex_34,1,1,0,1,0,0,1,1,1,1,1,1,0,0,1,1,1,1,1,1,1,0,1,1,1,1,1,1,1,0,1,1,1,1,0,1,0,0,1,1,1,1,0,1,1,1,1,1,1,1,1,1,0,0,1,1,1,1,1,1,1,0,1,1,1,1,1,1,1,1,1,1,1,1,0,1,1,0,0,0,1,1,1,1,1,0,1,1,1,1,1,1,1,0,1,1
Ex_26,1,1,0,1,0,0,1,1,1,0,0,1,0,0,0,1,1,1,0,1,0,0,1,1,1,1,0,1,1,0,0,1,1,1,0,1,0,0,1,1,1,1,0,1,1,1,1,1,1,1,1,1,0,0,1,1,1,1,1,1,1,0,1,1,1,1,1,1,0,1,1,1,1,1,0,1,0,0,0,0,1,1,1,1,1,0,1,1,1,0,1,1,0,0,1,1
Ex_37,1,0,0,1,1,1,1,0,1,0,1,1,1,1,1,1,1,0,0,1,1,0,1,0,1,1,0,1,1,1,1,1,1,1,0,1,1,1,1,1,1,1,1,1,1,1,1,1,1,0,0,1,1,1,1,1,1,1,0,1,1,1,1,1,1,1,1,1,1,1,1,1,1,0,0,1,1,1,0,0,1,1,1,1,1,1,1,1,1,0,0,1,1,1,1,1
Ex_39,1,0,0,1,1,1,1,0,0,0,0,0,1,0,0,0,0,0,0,0,0,1,1,1,1,1,0,0,1,0,1,1,1,0,0,1,1,1,1,1,1,1,1,1,1,1,1,1,1,0,0,1,1,1,1,1,1,1,0,1,1,1,1,1,1,1,0,1,1,1,1,1,1,0,0,1,1,1,0,0,1,1,1,1,1,1,1,1,1,0,0,1,0,0,0,0
Ex_33,1,1,0,1,1,0,1,1,1,0,1,1,1,0,1,1,1,1,1,1,0,0,1,1,1,1,1,1,0,0,1,1,1,1,0,1,0,0,1,1,1,1,1,1,1,1,1,1,1,1,1,1,1,0,1,1,1,1,1,1,1,0,1,1,1,1,0,1,1,1,1,1,1,1,0,1,1,0,0,0,1,1,1,1,1,1,1,1,1,1,0,0,0,0,1,1
Ex_23,1,1,0,1,0,0,1,1,1,0,1,1,1,0,1,1,1,1,0,1,1,0,1,1,1,1,0,1,1,0,0,1,1,1,0,0,0,0,1,1,1,1,1,1,1,1,1,1,1,1,1,1,0,0,1,1,1,1,1,1,0,0,1,1,1,1,0,1,1,0,1,1,1,1,0,1,0,0,0,0,1,1,1,1,1,0,1,1,1,0,1,1,0,0,1,1
Ex_30,1,1,0,1,1,0,1,1,1,0,1,1,1,0,1,1,1,1,1,1,1,0,1,0,1,1,1,1,1,0,1,1,1,1,0,1,0,0,1,1,1,1,0,1,1,1,1,1,1,1,0,1,1,0,1,1,1,1,1,1,1,0,1,1,1,1,1,1,1,0,1,1,1,1,0,1,1,0,0,0,1,1,1,1,1,1,1,1,1,0,0,0,1,0,0,1
Ex_76,1,0,0,1,1,1,1,1,1,1,0,1,0,1,1,1,1,1,0,0,0,1,1,1,1,0,0,1,1,1,1,1,1,1,0,1,1,1,1,1,1,1,0,1,1,1,1,1,1,0,0,1,1,1,1,1,1,1,0,1,1,1,1,1,1,1,0,1,1,1,1,1,1,0,0,1,1,1,0,0,1,1,1,1,1,1,1,1,1,0,0,1,1,1,1,1
Ex_60,1,1,1,0,0,0,1,1,1,0,1,0,0,0,0,0,1,0,1,1,0,0,1,1,1,0,1,0,0,0,0,0,1,1,1,0,0,0,1,1,1,1,1,1,1,1,1,1,1,1,1,1,0,0,1,1,1,1,1,1,0,0,1,1,1,1,1,1,0,0,1,1,1,0,1,0,0,0,0,0,1,1,1,1,1,0,1,1,0,1,1,0,0,0,0,0
Ex_52,0,0,0,1,1,1,1,1,1,0,0,0,0,0,0,0,1,0,0,0,0,0,1,1,1,0,0,1,1,0,0,1,0,0,0,1,1,1,0,1,1,1,1,1,1,1,1,1,0,0,0,1,1,1,1,1,1,0,0,1,1,1,1,1,1,1,0,1,1,1,1,1,1,0,0,1,1,1,0,0,1,1,1,1,1,1,1,1,1,0,0,1,1,1,1,1
Ex_19,1,1,0,1,0,0,0,1,1,0,1,1,0,0,1,1,1,1,1,1,0,0,1,1,1,1,1,1,0,0,1,1,1,1,0,0,0,0,1,1,1,1,0,1,1,1,1,1,1,1,1,1,0,0,1,1,1,1,1,1,0,0,1,1,1,1,0,1,0,0,1,1,1,1,1,1,0,0,0,0,1,1,1,1,1,0,1,1,0,1,1,1,0,0,1,1
Ex_41,1,0,0,1,1,1,1,1,1,0,0,0,0,0,0,1,1,0,0,0,0,1,0,1,0,0,0,0,1,1,0,1,1,0,0,1,1,1,1,1,1,1,1,1,1,1,1,1,1,0,0,1,1,1,1,1,1,1,0,1,1,1,1,1,1,1,0,1,1,1,1,1,1,0,0,1,1,1,0,0,1,1,1,1,1,1,1,1,1,0,0,1,0,0,1,1
Ex_75,1,0,0,1,1,1,1,1,1,1,0,1,1,1,1,1,1,1,0,1,0,0,1,0,1,1,0,1,1,0,1,1,1,1,0,1,1,1,1,1,1,1,0,1,1,1,1,1,1,0,0,1,1,1,1,1,0,1,0,1,1,1,1,1,1,1,0,1,1,1,1,1,1,0,0,1,1,1,0,0,0,0,0,1,1,1,1,1,0,0,0,1,1,1,1,1
Ex_58,1,1,1,0,0,0,0,0,0,1,1,0,0,0,0,0,0,1,0,0,0,0,0,0,1,1,0,0,0,0,0,0,1,1,1,0,0,0,0,0,1,1,1,0,0,0,0,0,1,1,1,0,0,0,0,0,1,1,1,0,0,0,0,0,1,1,1,0,0,0,0,0,1,1,1,0,0,0,0,0,1,1,1,0,0,0,0,0,0,1,0,0,0,0,0,1
Ex_71,1,1,0,1,0,0,1,1,1,1,1,0,0,0,0,1,1,1,0,1,0,0,1,1,0,1,0,1,0,0,1,1,1,1,0,1,0,0,1,1,1,1,0,0,0,0,0,0,1,1,1,1,0,0,1,1,1,1,1,0,1,0,1,1,1,1,1,1,1,0,1,1,1,1,1,1,0,0,0,0,1,1,1,1,1,0,1,1,1,1,1,1,0,0,1,0
Ex_50,0,0,0,1,1,1,1,1,1,1,0,0,0,0,1,1,0,0,0,0,0,0,0,1,1,0,0,1,1,1,1,1,0,0,0,1,1,1,1,1,1,1,1,1,1,1,1,1,0,0,0,1,1,1,1,1,0,0,0,1,1,1,1,1,1,0,1,1,1,1,1,1,1,0,0,1,1,1,0,0,0,1,0,1,1,1,1,1,0,0,0,0,0,0,0,1
Ex_45,0,0,0,1,1,1,1,1,1,1,1,1,1,0,1,1,0,0,0,1,0,0,1,1,1,1,0,1,1,1,0,1,0,0,0,1,1,1,1,1,1,1,0,1,1,1,1,1,1,0,0,1,1,1,1,1,1,1,0,1,1,1,1,1,1,1,0,1,1,1,1,1,1,0,0,1,1,1,0,0,1,1,1,1,1,1,1,1,0,0,0,1,1,0,1,1
Ex_64,1,1,0,1,0,0,1,1,0,1,1,1,0,0,1,1,0,0,0,1,0,0,0,1,1,1,1,0,0,0,0,1,1,1,1,0,0,0,1,1,1,1,1,1,1,1,1,1,1,1,1,0,0,0,1,1,1,1,1,0,0,0,1,1,1,1,1,1,0,1,1,1,0,1,1,0,0,0,0,0,1,1,1,0,0,0,1,1,1,1,0,1,0,0,1,1
Ex_36,1,0,0,1,1,1,1,1,0,1,1,1,1,1,1,1,0,0,0,1,1,0,0,1,1,1,0,1,1,1,0,0,1,1,0,1,1,1,1,1,1,1,0,1,1,1,1,1,1,0,0,1,1,1,1,1,1,1,0,1,1,1,1,1,1,1,0,1,1,1,1,1,1,0,0,1,1,1,0,0,1,1,1,1,1,1,1,1,0,0,0,0,0,1,1,1
Ex_74,1,0,0,1,1,1,1,1,1,1,0,1,1,1,0,1,1,1,0,1,1,1,1,1,1,1,0,0,1,1,1,1,1,1,0,1,1,1,1,1,0,0,0,1,1,1,1,1,0,0,0,1,1,1,1,1,1,1,0,1,1,1,1,1,1,1,0,1,1,1,1,1,1,1,0,1,1,1,0,0,0,0,0,1,1,1,1,1,1,1,0,1,0,1,1,1
Ex_21,1,1,0,1,0,0,1,1,1,1,1,1,1,1,1,1,0,1,1,0,0,0,1,1,1,1,1,1,0,0,0,1,1,1,0,0,0,0,0,1,1,1,1,1,1,1,1,1,1,1,1,1,0,0,1,1,1,1,1,1,1,0,1,1,1,1,1,1,0,1,1,0,1,1,0,1,0,0,0,0,1,1,1,1,1,0,1,1,0,1,1,1,0,0,1,1
Ex_63,1,1,0,0,0,0,0,0,1,1,0,0,0,0,0,0,0,1,0,0,0,0,0,0,1,0,1,0,0,0,0,0,1,1,0,0,0,0,0,0,0,0,0,0,0,0,0,0,1,1,1,0,0,0,1,1,1,1,1,0,0,0,0,0,1,0,0,0,0,0,0,0,1,1,1,0,0,0,0,0,1,1,1,0,0,0,0,0,1,1,1,0,0,0,0,0
Ex_49,0,0,0,1,1,1,1,1,0,0,0,1,0,0,0,1,1,0,0,1,1,1,0,1,0,0,0,1,1,0,0,1,0,0,0,1,1,1,1,1,1,1,0,1,1,1,1,1,0,0,0,1,1,1,1,1,0,0,0,1,1,1,1,1,1,0,1,1,1,1,1,1,1,0,0,1,1,1,0,0,0,0,0,1,1,1,0,1,0,0,0,0,1,1,0,0
Ex_68,1,1,0,1,1,0,1,1,1,0,1,1,0,0,1,1,0,1,0,0,0,0,1,1,1,1,1,1,0,0,0,0,1,1,1,1,0,0,1,1,1,1,1,0,0,0,0,0,1,1,1,1,1,0,1,1,1,1,1,1,1,0,1,1,1,1,1,1,0,1,1,1,1,1,1,1,0,0,0,0,1,1,1,1,0,0,1,1,1,1,1,1,0,0,1,1
Ex_35,1,1,0,1,1,0,1,1,1,1,1,0,0,0,1,1,1,1,1,1,1,0,1,0,1,1,1,1,1,0,1,1,1,1,0,1,0,0,0,1,1,1,0,1,1,1,1,1,1,1,1,1,1,0,1,1,1,1,1,1,1,0,1,1,1,1,1,1,1,0,1,1,1,0,0,1,0,0,0,0,1,1,1,1,1,1,1,1,1,1,0,0,0,0,1,1
Ex_62,1,1,1,1,0,0,1,1,1,0,0,0,0,0,0,1,0,1,1,0,0,0,1,1,1,1,0,0,0,0,1,1,1,1,1,0,0,0,0,1,1,1,1,1,1,1,1,1,1,1,1,1,0,0,1,1,1,1,1,1,0,0,1,1,1,1,1,1,0,1,1,1,1,1,0,1,0,0,0,0,1,1,1,1,1,0,1,1,0,0,1,0,0,0,1,1
Ex_78,1,0,0,1,1,1,1,1,1,0,0,1,1,1,1,1,1,1,0,0,1,0,1,1,1,1,0,1,1,1,1,1,0,0,0,1,1,1,1,1,1,1,1,1,1,1,1,1,1,0,0,1,1,1,1,1,1,1,0,0,0,1,1,1,1,1,0,1,1,1,1,1,1,0,0,1,1,1,0,0,0,0,0,1,1,1,1,1,1,0,0,1,1,0,0,1
Ex_72,0,0,0,1,1,1,1,1,1,0,0,1,1,1,0,1,1,0,0,1,1,0,1,0,1,0,0,1,1,1,1,1,0,0,0,1,1,1,1,1,1,0,0,1,1,1,1,1,0,0,0,1,1,1,1,1,1,1,0,1,1,1,1,1,1,0,0,1,1,1,1,1,1,0,0,1,1,1,0,0,1,1,0,1,1,1,1,1,0,0,0,0,0,0,1,1
Ex_46,0,0,0,1,1,1,1,1,0,0,0,1,0,0,0,0,0,0,0,0,0,0,0,1,0,0,0,0,1,0,0,1,0,0,0,1,1,1,1,1,1,0,0,1,1,1,1,1,1,0,0,1,1,1,1,1,0,1,0,1,1,1,1,1,1,1,1,1,1,1,1,1,1,0,0,1,1,1,0,0,0,0,1,1,1,1,1,1,0,0,0,1,1,1,1,1
Ex_53,0,0,0,1,1,1,1,1,0,0,0,1,0,1,1,0,0,0,0,0,0,0,0,0,1,0,0,1,0,0,1,1,0,0,0,1,1,1,0,1,1,1,1,1,1,1,1,1,0,0,0,1,1,1,1,1,1,0,0,1,1,1,1,1,1,1,1,1,1,1,1,1,1,0,0,1,1,1,0,0,1,1,1,1,1,1,1,1,1,0,0,1,1,1,1,1
Ex_59,1,1,0,0,0,0,0,0,0,0,1,0,0,0,0,0,0,0,0,0,0,0,0,0,1,1,0,0,0,0,0,0,1,1,1,0,0,0,0,0,0,0,0,0,0,0,0,0,1,1,1,0,0,0,0,0,0,1,1,0,0,0,0,0,0,1,1,0,0,0,0,0,1,1,1,0,0,0,0,0,1,1,1,0,0,0,0,0,1,1,1,0,0,0,0,0
Ex_65,1,1,0,1,0,0,0,0,0,0,1,0,0,0,1,0,1,1,0,0,0,0,1,1,1,0,1,0,0,0,1,1,1,1,1,0,0,0,1,1,1,1,1,0,0,0,1,0,1,1,1,0,0,0,1,1,1,1,1,0,0,0,1,1,1,1,1,1,0,1,1,1,1,0,1,1,0,0,0,0,1,1,1,1,1,0,1,1,1,0,1,0,0,0,1,1
Ex_81,1,0,0,1,1,1,1,1,1,1,0,1,1,1,1,1,1,1,0,1,1,1,1,1,1,1,0,1,1,1,1,1,1,0,0,1,1,1,1,1,1,1,1,1,1,1,1,1,1,0,0,1,1,1,1,1,1,1,0,1,1,1,1,1,1,1,0,1,1,1,1,1,1,0,0,1,1,1,0,0,1,1,0,1,1,1,1,1,0,1,0,1,1,1,1,1
Ex_83,1,0,0,1,1,1,1,1,1,1,1,1,1,0,1,1,1,1,0,0,1,1,1,1,1,1,0,1,1,1,1,1,1,1,0,1,1,1,1,1,1,1,1,1,1,1,1,1,1,0,0,1,1,1,1,1,1,1,0,1,1,1,1,1,1,1,0,1,1,1,1,1,1,0,0,1,1,1,0,0,1,1,1,1,1,1,1,1,1,0,0,0,0,0,1,1
Ex_84,1,0,0,1,1,1,1,0,1,1,0,1,0,1,0,1,1,0,0,0,1,1,0,1,0,0,0,1,1,1,0,1,0,0,0,1,1,1,0,1,1,1,0,1,1,1,1,1,0,0,0,1,1,1,1,1,1,0,0,0,1,1,1,1,1,0,0,1,1,1,1,1,1,0,0,1,1,1,0,0,1,0,0,1,1,1,1,1,0,0,0,1,1,1,1,1
Ex_93,1,1,1,1,0,0,1,1,1,1,1,1,0,0,1,1,1,1,1,0,0,0,1,1,1,0,1,1,0,0,1,1,1,1,0,0,0,0,1,0,1,1,0,0,0,0,0,0,1,1,1,0,0,0,1,1,1,1,1,1,0,0,1,1,1,1,1,1,0,0,1,1,1,1,1,1,0,0,0,0,1,1,1,0,0,0,1,0,1,1,1,1,0,0,1,1
Ex_91,1,1,1,1,0,0,1,0,1,1,1,0,1,0,1,1,0,1,1,1,0,0,1,1,1,1,1,1,0,0,1,1,1,1,0,0,0,0,1,1,1,1,0,0,0,0,0,0,1,1,1,1,0,0,1,1,1,1,1,0,0,0,1,1,1,1,1,1,0,0,1,1,1,1,1,1,0,0,0,0,1,1,1,1,1,0,1,1,1,1,1,1,0,0,1,1
Ex_82,0,0,0,1,1,1,1,1,1,0,0,1,1,0,1,1,1,0,0,1,1,1,1,1,1,0,0,1,0,0,1,1,0,0,0,1,1,1,1,1,1,0,0,1,1,1,1,1,0,0,0,1,1,1,1,1,1,1,0,1,1,1,1,1,1,1,0,1,1,1,1,1,1,0,0,1,1,1,0,0,0,0,0,1,1,1,1,1,0,0,0,1,1,1,1,1
Ex_89,1,0,0,1,1,1,1,1,1,1,0,1,1,1,1,1,1,0,0,1,1,1,1,1,1,0,0,1,1,1,1,1,0,0,0,1,1,1,1,1,1,1,0,1,1,1,1,1,1,0,0,1,1,1,1,1,1,0,0,0,1,1,1,1,1,0,0,1,1,1,1,1,1,0,0,1,1,1,0,0,1,1,1,1,1,1,1,1,1,0,0,1,1,1,1,1
Ex_87,0,0,0,1,1,1,1,0,1,0,0,1,1,1,1,1,1,0,0,0,1,1,1,1,1,1,0,1,1,1,0,1,1,0,0,1,1,1,1,1,1,1,1,1,1,1,1,1,1,0,0,1,1,1,1,1,1,1,0,1,1,1,1,1,1,1,0,1,1,1,1,1,1,0,0,1,1,1,0,0,0,0,0,1,1,1,1,1,0,0,0,1,1,0,1,0
Ex_88,0,0,0,1,1,1,1,0,1,0,0,1,1,1,0,1,1,0,0,1,1,1,1,0,1,0,0,1,1,1,1,1,0,0,0,1,1,1,1,1,1,0,0,1,1,1,1,1,0,0,0,1,1,1,1,1,0,0,0,0,1,1,1,1,0,0,0,1,1,1,1,1,1,0,0,1,1,1,0,0,0,0,0,1,1,1,1,1,0,0,0,1,1,1,0,1
Ex_86,1,0,0,1,1,1,1,1,1,1,0,0,1,1,1,1,1,1,0,1,1,1,1,1,1,1,0,1,1,1,1,1,0,0,0,1,1,1,1,1,1,1,0,1,1,1,1,1,1,0,0,1,1,1,1,1,1,1,0,1,1,1,1,1,1,0,0,1,1,1,1,1,1,0,0,1,1,1,0,0,1,1,0,1,1,1,1,1,0,0,0,1,1,1,1,1
Ex_80,0,0,0,1,1,1,1,0,1,1,0,1,1,0,0,1,1,0,0,1,1,1,1,1,1,0,0,1,1,0,1,1,0,0,0,1,1,1,1,1,0,0,0,1,1,1,0,1,0,0,0,1,1,1,1,1,1,1,0,1,1,1,1,1,0,1,0,1,1,1,1,1,1,0,0,1,1,1,0,0,0,0,0,1,1,1,1,1,0,0,0,1,1,0,1,1
Ex_92,1,1,0,1,0,0,1,1,1,1,1,1,1,0,1,1,1,1,1,1,0,0,1,1,1,1,1,1,0,0,1,1,1,1,0,1,0,0,1,1,1,1,0,1,1,0,1,1,1,1,1,1,0,0,1,1,1,1,1,1,0,0,1,1,1,1,1,1,0,0,1,1,1,0,1,1,0,0,0,0,1,1,1,1,1,0,1,1,1,1,1,1,0,0,1,1
Ex_102,1,1,0,1,0,0,1,1,1,0,0,1,1,0,1,1,1,1,1,1,1,0,1,1,1,1,1,1,1,0,1,1,1,1,0,1,0,0,1,1,1,1,1,1,1,1,1,1,1,1,1,1,0,0,1,1,1,1,1,1,1,0,1,1,1,1,1,1,1,0,1,1,1,1,1,1,0,0,0,0,1,1,1,1,1,1,1,1,1,1,1,1,0,0,0,1
Ex_97,1,1,0,1,0,0,1,0,1,1,0,0,1,0,1,1,0,1,0,1,0,0,1,1,1,1,1,1,0,0,0,1,1,1,0,0,0,0,1,1,1,1,0,0,0,0,0,0,1,1,1,0,0,0,1,1,1,1,1,0,0,0,1,1,1,1,1,1,0,0,1,1,1,1,1,1,0,0,0,0,1,1,1,0,0,0,1,1,1,1,1,1,0,0,1,1
Ex_96,1,1,0,0,0,0,1,1,1,0,1,0,1,0,0,1,1,0,1,1,0,0,1,1,1,1,1,1,0,0,1,1,1,1,1,0,0,0,1,1,1,1,0,1,1,1,1,1,1,1,1,0,0,0,1,1,1,1,1,0,0,0,1,1,1,1,1,1,0,0,1,1,1,1,1,1,0,0,0,0,1,1,1,1,0,0,1,1,1,1,1,1,0,0,1,1
Ex_90,1,1,1,1,0,0,1,1,1,1,1,1,0,0,1,1,1,0,1,1,0,0,1,1,1,1,1,0,0,0,0,1,1,1,0,0,0,0,1,1,1,1,0,0,0,0,0,0,1,1,1,1,0,0,1,1,1,1,1,1,0,0,1,1,1,1,1,1,0,0,1,1,1,1,1,1,0,0,0,0,1,1,1,1,0,0,1,1,1,1,1,1,0,0,1,1
Ex_98,1,1,1,1,1,0,1,1,1,1,1,1,0,0,0,0,0,1,1,1,1,0,1,1,1,1,1,1,1,0,1,1,1,1,1,1,0,0,1,1,1,1,1,1,1,1,1,1,1,1,1,1,0,0,1,1,1,1,1,1,1,0,1,1,1,1,1,1,1,0,1,1,1,1,1,1,0,0,0,0,1,1,1,1,1,0,1,1,1,1,1,1,0,0,1,1
Ex_95,1,1,1,0,0,0,1,1,1,1,1,1,0,0,1,1,1,1,1,1,0,0,1,1,1,1,1,1,0,0,1,1,1,1,0,0,0,0,1,1,1,1,1,1,1,1,1,1,1,1,1,0,0,0,1,1,1,1,1,1,0,0,1,1,1,1,1,1,0,0,1,1,1,1,1,1,0,0,0,0,1,1,1,1,1,0,1,1,0,1,1,1,0,0,1,1
Ex_108,0,0,0,1,1,1,0,1,1,0,0,1,1,1,1,1,1,1,0,1,1,1,1,1,1,0,0,1,1,1,1,1,0,0,0,0,1,1,1,1,1,0,0,1,1,1,0,1,1,0,0,1,1,1,1,1,1,1,0,1,1,1,1,1,1,1,0,1,1,1,1,1,1,0,0,0,1,1,0,0,1,1,1,1,1,1,1,1,0,0,0,0,1,1,1,1
Ex_100,1,1,1,1,0,0,1,1,1,1,1,0,0,0,1,1,1,1,1,1,0,0,1,1,1,1,1,1,0,0,1,1,1,1,1,0,0,0,1,1,1,1,1,1,1,1,1,1,1,1,1,1,0,0,1,1,1,1,1,1,0,0,1,1,1,1,1,1,0,0,1,1,1,1,1,1,0,0,0,0,1,1,1,1,0,0,1,1,1,1,1,1,0,0,1,1
Ex_110,1,0,0,1,1,1,1,1,0,0,0,1,1,0,1,1,1,0,0,0,1,1,1,1,1,1,0,1,1,1,0,1,0,0,0,1,1,1,1,1,1,0,1,1,1,1,1,1,0,0,0,1,1,1,1,1,1,1,0,1,1,1,1,1,0,1,0,1,1,1,1,1,1,0,0,0,1,1,0,0,1,1,1,1,1,1,1,1,0,1,0,1,0,0,1,1
Ex_109,1,0,0,1,1,1,0,1,1,1,1,1,1,1,1,1,1,0,0,0,1,1,1,1,1,1,0,1,1,1,1,1,1,0,0,1,1,1,1,1,1,1,1,1,1,1,1,1,1,0,0,1,1,1,1,1,1,1,0,1,1,1,1,1,1,1,0,1,1,1,1,1,1,1,0,1,1,1,0,0,1,1,1,1,1,1,1,1,1,0,0,1,1,1,1,1
Ex_104,1,1,1,1,1,0,1,1,1,1,1,1,1,0,1,1,0,1,1,0,1,0,1,1,1,1,1,1,1,0,1,0,1,1,1,1,0,0,0,1,1,1,1,1,1,1,1,1,1,1,1,1,0,0,1,1,1,1,1,1,1,0,1,1,1,1,1,1,1,0,1,1,1,1,1,1,1,0,0,0,1,1,1,1,1,0,1,1,1,1,1,1,0,0,1,1
Ex_101,1,1,1,0,0,0,1,1,1,1,0,1,0,0,1,0,1,0,0,1,0,0,1,1,1,1,1,0,0,0,1,1,1,1,0,0,0,0,1,1,1,1,0,0,0,0,0,1,1,1,1,0,0,0,1,1,1,1,1,1,0,0,1,1,1,1,1,0,0,0,1,1,0,1,1,0,0,0,0,0,1,1,1,0,0,0,1,1,1,1,1,0,0,0,1,1
Ex_105,1,1,0,1,0,0,1,1,1,1,1,1,1,0,1,1,1,1,1,1,0,0,1,1,1,1,1,0,0,0,1,1,1,1,0,1,0,0,1,1,1,1,1,1,1,1,1,1,1,1,1,1,0,0,1,1,1,0,1,1,0,0,1,1,1,1,1,1,0,0,1,1,0,1,1,1,0,0,0,0,1,1,1,1,1,0,1,1,1,1,1,1,0,0,1,1
Ex_103,1,1,0,1,1,0,1,1,1,1,1,1,0,0,1,1,1,1,0,0,1,0,1,1,1,1,1,1,1,0,1,0,1,1,0,1,0,0,1,1,0,1,0,0,0,0,0,0,1,1,1,1,0,0,1,1,1,1,1,1,1,0,1,1,1,1,1,1,1,0,1,1,1,1,1,1,0,0,0,0,1,1,1,1,1,0,1,1,1,1,1,1,0,0,1,1
Ex_112,0,0,0,1,1,1,1,1,0,0,0,1,1,1,0,0,0,0,0,0,1,1,0,0,0,0,0,1,1,1,0,1,0,0,0,1,1,1,0,1,0,0,1,1,1,1,1,1,0,0,0,1,1,1,1,1,0,0,0,1,1,1,1,1,0,0,0,1,1,1,0,1,0,0,0,0,1,1,0,0,0,0,0,1,1,1,0,1,0,0,0,0,0,1,0,0
Ex_106,0,0,0,1,1,1,0,0,1,1,1,1,1,1,1,1,0,1,0,1,1,1,1,1,1,1,0,1,1,1,1,1,0,0,0,1,1,1,1,1,0,0,0,1,1,1,1,1,0,0,0,1,1,1,1,1,0,1,0,0,1,1,0,0,1,0,0,0,1,1,0,1,1,0,0,0,1,1,0,0,0,1,0,1,1,1,1,1,0,0,0,0,1,0,0,1
Ex_94,1,1,1,0,0,0,1,1,1,1,1,0,1,0,1,1,0,1,0,0,0,0,0,1,1,1,0,1,0,0,0,1,1,1,1,0,0,0,1,1,1,1,0,0,0,0,1,1,1,1,1,0,0,0,1,1,1,1,1,0,0,0,1,1,1,1,1,0,0,0,1,1,1,1,1,1,0,0,0,0,1,1,1,1,0,0,1,1,1,1,0,1,0,0,1,1
Ex_114,1,0,0,1,1,1,1,1,1,1,1,0,0,0,0,1,0,0,0,1,1,1,1,1,1,1,0,1,1,1,1,1,0,0,0,1,1,1,1,1,1,1,1,1,1,1,1,1,0,0,0,1,1,1,1,1,1,1,0,1,1,1,1,1,1,1,0,1,1,1,1,1,1,0,0,1,1,1,0,0,1,1,1,1,1,1,1,1,0,0,0,1,0,0,0,1
Ex_113,0,0,0,1,1,1,0,0,0,0,0,1,1,1,1,1,0,0,0,1,1,1,1,1,0,0,0,1,1,1,1,1,0,0,0,1,1,1,0,1,0,0,0,1,1,1,0,0,0,0,0,1,1,1,0,1,0,0,0,1,1,1,0,1,0,0,0,0,1,1,0,1,0,0,0,1,1,1,0,0,0,0,0,1,1,1,0,1,0,0,0,0,1,0,0,1
Ex_111,1,0,0,1,1,1,1,1,1,1,1,1,1,1,1,1,1,1,0,1,1,1,1,1,1,1,0,1,1,1,1,1,1,1,0,1,1,1,1,1,1,1,1,1,1,1,1,1,1,0,0,1,1,1,1,1,1,1,0,1,1,1,1,1,1,1,0,1,1,1,1,1,1,0,0,1,1,1,0,0,1,1,1,1,1,1,1,1,0,1,0,0,1,0,0,1
Ex_115,0,0,0,0,1,1,0,0,0,1,0,1,0,0,1,0,0,0,0,0,1,1,1,1,0,0,0,1,1,1,0,1,0,0,0,1,1,1,0,0,0,0,0,0,1,1,0,0,0,0,0,1,1,1,0,1,0,1,0,0,1,1,0,0,0,0,0,0,1,0,0,1,0,0,0,0,1,1,0,0,0,0,0,1,1,1,0,1,0,0,0,0,1,1,0,0
Ex_117,1,0,0,1,1,1,1,1,1,1,1,1,1,1,1,1,1,1,0,1,1,1,1,1,1,1,0,1,1,1,1,1,0,0,0,1,1,1,1,1,1,1,1,1,1,1,1,1,1,0,0,1,1,1,1,1,1,1,0,1,1,1,1,1,1,1,0,1,1,1,1,1,1,0,0,1,1,1,0,0,1,1,1,1,1,1,1,1,1,0,0,1,1,0,1,1
Ex_119,0,0,0,1,1,1,0,1,0,0,0,1,1,1,0,0,0,0,0,0,1,1,1,1,0,0,0,1,1,1,1,1,0,0,0,1,1,1,0,1,1,1,1,1,1,1,1,1,0,0,0,1,1,1,1,1,1,1,0,1,1,1,1,1,0,0,0,0,1,1,1,1,1,0,0,0,1,1,0,0,0,0,0,1,1,1,1,1,0,0,0,0,0,0,0,0
Ex_118,0,0,0,1,1,1,1,1,1,1,1,1,0,1,1,1,0,0,0,1,1,1,0,1,1,0,0,1,1,0,1,1,0,0,0,1,1,1,1,1,0,0,0,1,1,1,1,1,0,0,0,1,1,1,1,1,1,0,0,1,1,1,1,1,0,0,0,0,1,1,1,1,1,0,0,0,1,1,0,0,1,1,0,1,1,1,1,1,0,0,0,0,1,0,0,1
Ex_146,1,0,0,1,1,1,1,1,1,1,1,1,1,1,1,1,1,0,0,1,1,1,1,1,1,1,0,1,1,0,1,1,0,0,0,1,1,1,1,1,1,1,0,1,1,1,1,1,1,0,0,1,1,1,1,1,1,1,0,1,1,1,1,1,1,1,0,1,1,1,1,1,1,0,0,1,1,1,0,0,1,1,1,1,1,1,1,1,1,0,0,1,1,0,1,1
Ex_134,1,1,0,0,0,0,1,1,1,0,1,0,0,0,0,1,1,1,1,1,0,0,1,1,1,1,1,0,0,0,1,1,1,1,0,0,0,0,1,1,1,1,1,1,1,0,1,1,1,1,1,0,0,0,1,1,1,1,1,0,0,0,1,1,1,1,0,1,0,0,1,1,1,1,0,1,0,0,0,0,1,1,1,1,0,0,1,1,1,1,0,1,0,0,1,1
Ex_155,0,0,0,1,1,1,1,1,1,1,0,1,0,0,1,0,1,0,0,0,1,1,0,1,1,0,0,1,1,1,1,1,0,0,0,1,1,1,1,1,1,1,0,1,1,1,1,1,0,0,0,1,1,1,1,1,0,0,0,1,1,1,1,1,1,1,0,1,1,1,1,1,1,0,0,1,1,1,0,0,1,1,1,1,1,1,1,1,0,0,0,0,1,1,1,1
Ex_116,0,0,0,0,1,1,1,1,0,0,0,1,1,1,1,1,0,0,0,0,1,1,1,1,1,1,0,1,1,1,1,1,0,0,0,1,1,1,1,1,1,0,1,1,1,1,1,1,0,0,0,1,1,1,1,1,1,0,0,1,1,1,1,1,0,1,0,0,1,1,0,1,1,0,0,0,1,1,0,0,0,0,0,1,1,1,0,1,0,1,0,0,0,1,1,1
Ex_121,0,0,0,1,1,1,1,1,1,1,0,1,1,1,1,1,1,0,0,0,1,0,1,0,1,1,0,1,1,1,1,1,0,0,0,1,1,1,1,1,1,1,1,1,1,1,1,1,0,0,0,1,1,1,1,1,1,1,0,1,1,1,1,1,1,1,0,1,1,1,1,1,1,0,0,1,1,1,0,0,1,1,1,1,1,1,1,1,1,0,0,1,1,1,0,1
Ex_135,1,1,0,0,0,0,0,1,1,0,0,0,0,0,1,1,1,0,1,0,0,0,1,1,1,1,0,1,1,0,1,1,1,1,0,0,0,0,1,1,1,1,0,0,0,0,1,1,1,1,1,0,0,0,1,1,1,1,1,1,0,0,1,1,1,1,0,1,1,0,1,1,1,1,0,1,0,0,0,0,1,1,1,0,0,0,1,1,1,1,0,1,0,0,1,1
Ex_157,0,0,0,1,1,1,1,1,1,1,1,0,1,1,1,1,1,0,0,0,1,0,0,1,1,0,0,1,1,1,1,1,0,0,0,1,1,1,1,1,1,1,0,1,1,1,1,1,1,0,0,1,1,1,1,1,0,0,0,1,1,1,1,1,1,0,0,1,1,1,1,1,1,0,0,1,1,1,0,0,1,1,0,1,1,1,1,1,0,0,0,1,1,0,1,1
Ex_123,0,0,0,1,1,1,0,1,0,0,0,1,0,1,0,1,0,0,0,1,0,1,1,1,0,0,0,1,1,1,1,1,0,0,0,1,1,1,1,1,1,1,1,1,1,1,1,1,0,0,0,1,1,1,1,1,1,0,0,0,1,1,1,1,0,0,0,1,1,1,1,1,0,0,0,1,1,1,0,0,0,0,0,1,1,1,1,1,0,0,0,0,0,1,0,1
Ex_141,1,1,0,1,0,0,1,1,1,1,1,1,1,0,1,1,1,1,1,1,1,0,1,1,1,1,0,1,1,0,1,1,1,1,0,1,0,0,1,1,1,1,1,1,1,1,1,1,1,1,0,1,1,0,1,1,1,1,1,1,1,0,1,1,1,1,0,1,1,0,1,1,1,1,0,1,0,0,0,0,1,1,1,1,1,1,1,1,1,0,0,0,0,0,1,1
Ex_156,0,0,0,1,1,1,1,1,1,1,0,1,1,1,1,1,1,1,0,1,1,0,1,1,1,1,0,1,1,1,1,1,1,0,0,1,1,1,1,1,1,1,1,1,1,1,1,1,1,0,0,1,1,1,1,1,1,0,0,1,1,1,1,1,1,0,0,1,1,1,1,1,1,0,0,1,1,1,0,0,1,1,0,1,1,1,1,1,0,0,0,0,1,1,1,1
Ex_125,1,1,0,0,0,0,1,1,1,0,1,0,0,0,1,0,1,1,1,1,0,0,1,1,1,1,1,1,0,0,1,1,1,1,0,0,0,0,1,1,1,1,0,1,0,0,1,1,1,1,0,1,0,0,1,1,1,1,0,1,0,0,1,1,1,1,0,1,0,0,1,1,1,1,0,1,0,0,0,0,1,1,1,1,1,0,1,1,1,0,0,1,0,0,1,1
Ex_143,1,0,0,1,1,1,1,1,1,0,0,1,1,1,1,1,1,0,0,1,1,0,1,1,1,1,0,1,1,1,1,1,0,0,0,1,1,1,1,1,1,1,0,1,1,1,1,1,1,0,0,1,1,1,1,1,1,1,0,1,1,1,1,1,1,1,0,1,1,1,1,1,1,0,0,1,1,1,0,0,1,1,0,1,1,1,1,1,1,0,0,0,0,1,0,1
Ex_124,1,0,0,0,0,0,1,1,1,1,0,1,1,1,1,1,1,1,0,1,0,0,1,1,1,1,1,1,1,0,1,1,1,1,0,0,0,0,1,1,1,1,1,1,1,1,1,1,1,1,0,0,0,0,1,1,1,1,0,1,0,0,1,1,1,1,0,1,0,1,1,1,1,0,0,1,0,0,0,0,1,1,1,1,1,0,1,1,1,1,0,1,0,0,1,1
Ex_129,1,1,0,0,0,0,0,1,1,1,1,0,0,0,1,0,0,1,1,0,0,0,1,1,1,1,1,1,0,0,1,1,0,0,0,0,0,0,1,0,1,1,0,0,0,0,1,1,1,1,0,0,0,0,1,1,1,1,0,0,0,0,1,1,1,1,0,1,0,0,1,1,1,1,0,1,0,0,0,0,1,1,1,1,1,0,1,1,1,1,0,1,0,0,1,1
Ex_140,1,1,0,1,0,0,1,1,0,1,1,0,1,0,1,1,1,1,1,1,0,0,1,1,1,1,1,1,1,0,1,1,1,1,0,1,0,0,1,1,1,1,1,1,1,1,1,1,1,1,0,1,0,0,1,1,1,1,1,1,0,0,1,1,1,1,0,1,0,0,1,1,1,1,0,1,0,0,0,0,1,1,1,1,1,0,1,1,1,1,0,1,0,0,1,1
Ex_148,1,0,0,1,1,1,1,1,1,1,1,1,1,1,1,1,0,1,0,1,1,0,1,1,1,1,0,1,1,1,1,1,1,0,0,1,1,1,1,1,1,1,1,1,1,1,1,1,1,0,0,1,1,1,1,1,1,1,0,1,1,1,1,1,1,1,0,1,1,1,1,1,1,0,0,1,1,1,0,0,1,1,1,1,1,1,1,1,1,0,0,0,1,1,1,1
Ex_122,0,0,0,1,1,1,0,1,1,1,0,0,0,0,1,1,0,0,0,0,1,1,1,0,0,0,0,0,0,1,1,1,0,0,0,1,1,1,0,0,1,0,1,1,1,1,0,1,0,0,0,1,1,1,1,1,0,0,0,1,1,1,0,1,0,0,0,0,1,1,0,1,0,0,0,1,1,1,0,0,1,1,1,1,1,1,1,1,0,0,0,1,1,1,0,1
Ex_137,1,1,0,1,0,0,1,1,0,1,1,1,1,0,1,1,1,1,0,1,1,0,1,1,1,1,0,1,1,0,1,1,1,1,0,1,0,0,1,1,1,1,1,1,1,1,1,1,1,1,0,1,0,0,1,1,1,1,1,1,1,0,1,1,1,1,0,1,1,0,1,1,1,1,0,1,0,0,0,0,1,1,1,1,1,1,1,1,1,1,0,0,1,0,1,1
Ex_151,0,0,0,1,1,1,1,1,1,1,0,1,1,1,1,1,1,0,0,1,0,1,0,1,1,0,0,1,1,1,0,1,0,0,0,1,1,1,1,1,0,0,0,1,1,1,0,1,1,0,0,1,1,1,1,1,1,0,0,1,1,1,1,1,1,0,0,1,1,1,1,1,1,0,0,1,1,1,0,0,1,1,1,1,1,1,1,1,1,0,0,1,1,1,0,1
Ex_152,1,0,0,1,1,1,1,1,0,1,0,1,1,1,1,1,1,0,0,1,1,0,1,1,1,1,0,1,1,1,1,1,0,0,0,1,1,1,1,1,1,1,1,1,1,1,1,1,1,0,0,1,1,1,1,1,1,1,0,1,1,1,1,1,1,1,0,1,1,1,1,1,1,0,0,1,1,1,0,0,1,1,0,1,1,1,1,1,0,0,0,0,1,1,1,1
Ex_132,1,1,0,1,0,0,1,1,0,0,1,1,0,0,1,1,1,1,0,1,0,0,0,1,1,1,0,1,1,0,1,1,1,1,0,1,0,0,1,1,1,1,1,1,1,1,1,1,1,1,0,1,0,0,1,1,1,1,1,1,0,0,1,1,1,1,0,1,0,0,1,1,1,1,0,1,0,0,0,0,1,1,1,1,1,0,1,1,1,1,0,1,0,0,1,1
Ex_138,1,0,0,1,0,0,0,1,0,0,1,1,1,0,1,1,1,1,0,1,1,0,1,1,1,1,0,1,1,0,0,1,1,1,0,1,0,0,1,1,1,1,1,1,1,1,1,1,1,1,0,1,0,0,1,1,1,1,0,1,0,0,1,1,1,1,1,1,1,1,1,1,1,1,0,1,0,0,0,0,1,1,1,1,1,0,1,1,1,1,0,1,0,0,1,1
Ex_150,0,0,0,1,1,1,1,1,1,0,0,1,1,0,1,1,1,0,0,0,0,1,1,1,1,1,0,1,1,1,1,0,1,0,0,1,1,1,1,1,1,1,1,1,1,1,1,1,1,0,0,1,1,1,1,1,1,1,0,1,1,1,1,1,1,0,0,1,1,1,1,1,1,0,0,1,1,1,0,0,1,1,0,1,1,1,1,1,0,0,0,0,1,1,1,1
Ex_144,1,0,0,1,1,1,1,1,1,1,1,1,1,1,1,1,1,1,0,0,1,0,1,1,1,1,0,1,1,1,1,1,0,0,0,1,1,1,1,1,1,1,1,1,1,1,1,1,1,0,0,1,1,1,1,1,1,0,0,1,1,1,1,1,1,1,0,1,1,1,1,1,1,0,0,1,1,1,0,0,1,1,0,1,1,1,1,1,0,0,0,1,1,0,1,1
Ex_145,0,0,0,1,1,1,1,1,0,0,0,0,0,0,0,0,0,1,0,0,1,0,1,1,0,0,0,1,1,1,0,1,1,0,0,1,1,1,1,1,1,1,0,1,1,1,1,1,1,0,0,1,1,1,1,1,1,0,0,1,0,1,1,1,0,1,0,1,1,1,1,1,1,0,0,1,1,1,0,0,1,1,0,1,1,1,1,1,0,0,0,1,1,1,0,1
Ex_120,0,0,0,1,1,1,1,1,0,0,0,1,0,1,1,1,0,0,0,1,1,1,0,0,0,0,0,1,1,1,1,1,0,0,0,1,1,1,1,1,1,1,1,1,1,1,1,1,0,0,0,1,1,1,1,1,1,0,0,1,1,1,1,1,0,0,0,1,1,1,1,1,1,0,0,1,1,1,0,0,0,1,0,1,1,1,1,1,0,0,0,0,1,1,1,0
Ex_99,1,1,0,0,0,0,1,1,0,1,1,0,0,0,0,0,1,1,1,0,0,0,0,0,1,1,1,1,0,0,1,0,1,1,0,0,0,0,1,0,1,1,0,0,0,0,0,0,1,1,1,0,0,0,1,1,0,1,1,1,0,0,0,1,1,1,1,1,0,0,1,0,1,1,1,1,0,0,0,0,1,1,1,0,0,0,1,1,1,1,0,0,0,0,1,0
Ex_131,1,1,0,0,0,0,0,1,1,1,1,1,0,0,1,0,0,1,1,1,0,0,1,0,1,1,0,1,0,0,0,1,1,1,0,0,0,0,1,1,1,1,1,1,1,1,1,1,1,1,1,0,0,0,1,1,1,1,1,1,0,0,1,1,1,1,0,1,0,0,1,1,1,0,0,1,0,0,0,0,1,1,1,1,1,1,1,1,1,0,1,1,0,0,1,1
Ex_126,1,1,0,0,0,0,0,1,1,0,0,1,0,0,1,1,0,1,1,1,0,0,1,1,1,1,1,1,0,0,1,1,1,1,0,0,0,0,1,1,1,1,0,1,1,0,1,1,1,1,1,0,0,0,1,1,1,1,1,1,0,0,1,1,1,1,0,1,0,0,1,1,1,1,0,1,0,0,0,0,1,1,1,1,1,0,1,1,1,1,0,1,0,0,1,1
Ex_136,1,1,0,1,0,0,0,1,0,1,1,1,1,0,0,1,0,1,1,1,1,0,0,1,1,1,1,1,1,0,1,1,1,1,0,1,0,0,0,1,1,1,1,1,1,1,1,1,1,1,0,1,0,0,1,1,1,1,1,1,1,0,1,1,1,1,0,1,0,0,1,1,1,1,0,1,0,0,0,0,1,1,1,1,1,0,1,1,1,1,0,0,0,0,0,1
Ex_147,1,0,0,1,1,1,1,1,1,0,1,1,1,0,1,1,0,0,0,1,1,1,1,1,1,1,0,1,1,1,1,1,0,0,0,1,1,1,1,1,1,0,0,1,1,1,1,1,1,0,0,1,1,1,1,1,1,1,0,1,1,1,1,1,1,1,1,1,1,1,1,1,1,0,0,1,1,1,0,0,1,1,0,1,1,1,1,1,1,0,0,1,0,1,1,1
Ex_158,0,0,0,1,1,1,1,1,0,0,1,0,1,1,0,1,0,0,0,1,1,1,0,0,1,0,0,1,1,1,0,0,0,0,0,1,1,1,1,1,1,1,0,1,1,1,1,1,1,0,0,1,1,1,1,1,0,1,0,1,1,1,1,1,1,1,0,1,1,1,1,1,1,0,0,1,1,1,0,0,1,1,1,1,1,1,1,1,0,0,0,1,1,0,0,0
Ex_107,1,0,0,1,1,1,1,1,1,1,0,1,1,1,1,1,1,1,0,1,1,1,1,1,1,1,0,1,1,1,1,0,1,1,0,1,1,1,1,1,1,1,1,1,1,1,1,1,1,0,0,1,1,1,1,1,1,1,0,1,0,1,1,1,1,1,0,1,1,1,1,1,1,0,0,1,1,1,0,0,1,1,1,1,1,1,1,1,1,1,0,1,0,0,1,1
Ex_128,1,1,0,1,0,0,1,1,0,1,0,0,0,0,0,0,1,1,1,0,0,0,1,1,1,1,1,1,0,0,1,1,1,1,0,0,0,0,1,1,1,1,1,1,1,1,1,1,1,1,1,1,0,0,1,1,1,1,0,0,0,0,1,1,1,1,0,1,0,1,1,1,1,1,0,1,0,0,0,0,1,1,1,1,1,0,1,1,1,0,0,1,0,0,1,1
Ex_139,1,1,0,1,0,0,1,1,1,1,1,1,1,1,1,1,1,1,1,1,1,0,1,1,1,1,1,1,1,0,1,1,1,1,0,1,0,0,1,1,1,1,1,1,1,1,1,1,1,1,0,1,0,0,1,1,1,1,1,1,1,0,1,1,1,1,0,1,1,1,1,1,1,1,0,1,0,0,0,0,1,1,1,1,1,1,1,1,0,0,0,0,0,0,0,1
Ex_149,1,0,0,1,1,1,1,1,0,1,1,1,1,0,0,1,1,1,0,0,1,1,1,1,1,1,0,1,1,1,1,0,0,1,0,1,1,1,1,1,1,1,1,1,1,1,1,1,1,0,0,1,1,1,1,1,1,1,0,1,1,1,1,1,1,1,0,1,1,1,1,1,1,0,0,1,1,1,0,0,1,1,1,1,1,1,1,1,0,0,0,0,1,1,1,1
Ex_130,1,1,0,1,0,0,1,1,1,0,0,0,1,0,0,0,1,0,0,1,0,0,1,0,1,1,1,1,1,0,0,1,1,1,0,1,0,0,1,1,1,1,1,1,1,1,1,1,1,1,1,1,0,0,1,1,1,1,1,1,1,0,1,1,1,1,0,1,1,1,1,1,1,1,0,1,0,0,0,0,1,1,1,1,1,1,1,1,1,0,0,1,0,0,1,1
Ex_153,1,0,0,1,1,1,1,1,1,0,0,0,1,1,1,1,1,0,0,1,0,1,1,0,0,1,0,1,1,1,0,1,0,0,0,1,1,1,1,1,1,1,1,1,1,1,1,1,1,0,0,1,1,1,1,1,1,1,0,1,1,1,1,1,1,1,0,1,1,1,1,1,1,0,0,1,1,1,0,0,1,1,1,1,1,1,1,1,1,0,0,1,0,1,1,1
Ex_133,1,1,0,1,0,0,0,1,0,1,1,0,0,1,1,1,1,1,0,1,1,0,1,1,1,1,1,1,1,0,1,1,1,1,0,1,0,0,0,1,1,1,1,1,1,1,1,1,1,1,0,1,0,0,1,1,1,1,0,0,0,0,1,1,1,1,0,1,1,1,1,1,1,1,0,1,0,0,0,0,1,1,1,1,1,1,1,1,0,0,0,1,0,0,1,1
Ex_142,1,0,0,1,1,1,1,0,1,1,1,0,0,0,0,1,0,0,0,1,1,0,1,1,1,1,0,1,1,1,1,1,0,0,0,1,1,1,1,1,1,1,1,1,1,1,1,1,1,0,0,1,1,1,1,1,1,1,0,1,1,1,1,1,1,1,0,1,1,1,1,1,1,0,0,1,1,1,0,0,1,1,0,1,1,1,1,1,1,0,0,0,0,0,1,1
Ex_159,1,0,0,1,1,1,1,1,1,1,1,1,1,1,1,1,1,0,0,0,1,0,1,1,1,1,0,1,1,1,0,1,1,0,0,1,1,1,1,1,1,1,1,1,1,1,1,1,1,0,0,1,1,1,1,1,1,1,0,1,1,1,1,1,1,0,0,1,1,1,1,1,1,0,0,1,1,1,0,0,1,1,0,1,1,1,1,1,0,0,0,1,1,1,0,1
Ex_161,1,1,0,0,0,0,0,0,1,1,1,0,0,0,1,1,1,1,0,0,0,0,1,0,1,1,0,1,0,0,1,1,1,1,0,0,0,0,1,0,1,1,1,1,1,1,1,1,1,1,0,0,0,0,0,0,1,1,0,1,0,0,1,1,1,1,1,1,0,0,1,1,1,1,0,1,0,0,0,0,1,1,1,1,1,0,1,1,1,0,1,0,0,0,1,1
Ex_162,1,1,0,0,0,0,1,1,1,1,1,0,0,0,1,1,1,1,1,1,0,0,0,1,1,1,1,0,0,0,1,1,1,1,0,1,0,0,1,1,1,1,0,1,1,1,1,1,1,1,1,1,0,0,1,1,1,1,1,1,0,0,1,1,1,1,1,1,0,0,1,1,1,1,1,1,0,0,0,0,1,1,1,1,0,0,1,1,1,1,0,1,0,0,0,1
Ex_160,1,1,0,0,0,0,0,0,0,1,0,0,0,1,1,1,1,1,1,0,0,0,0,0,0,1,1,0,0,0,0,0,1,1,0,0,0,0,0,0,0,0,0,0,0,0,0,0,1,1,1,0,0,0,0,0,0,0,1,0,0,0,0,0,0,1,0,0,0,0,0,0,0,1,1,0,0,0,0,0,1,1,1,0,0,0,1,0,1,1,0,0,0,0,1,0
Ex_171,1,1,0,0,0,0,0,0,1,0,0,0,1,0,1,1,0,0,1,0,0,0,0,0,1,1,1,0,0,0,1,1,1,1,0,1,0,0,1,1,0,1,1,0,0,0,0,0,1,1,1,0,0,0,0,0,1,1,1,1,0,0,1,1,1,1,1,0,0,0,0,0,1,1,0,1,0,0,0,0,1,1,1,1,0,0,1,1,1,0,0,1,0,0,0,0
Ex_166,1,1,0,0,0,0,0,0,0,1,0,0,0,0,1,0,1,1,1,1,0,0,1,1,1,1,1,1,0,0,1,1,1,1,0,0,0,0,1,1,1,1,1,1,1,1,1,1,1,1,0,0,0,0,1,0,1,1,1,1,0,0,1,1,1,1,1,1,0,0,1,1,0,1,0,0,0,0,0,0,1,1,1,1,1,1,1,1,0,1,1,1,0,0,1,0
Ex_163,1,1,0,0,0,0,0,0,0,0,1,0,0,0,0,0,1,1,1,0,0,0,0,0,1,1,1,0,0,0,0,0,1,1,0,0,0,0,0,0,0,0,0,0,0,0,0,0,1,1,0,0,0,0,0,0,1,1,1,0,0,0,0,0,0,1,1,0,0,0,0,0,0,1,0,0,0,0,0,0,1,1,1,0,0,0,1,0,1,1,1,0,0,0,0,0
Ex_169,1,1,0,1,0,0,1,0,1,1,1,1,1,0,1,1,1,0,1,1,0,0,0,1,1,0,1,1,0,0,1,1,1,1,0,1,0,0,1,1,1,1,0,0,0,0,0,0,1,1,1,0,0,0,1,1,1,1,1,1,1,0,1,1,1,1,0,1,0,0,1,1,1,1,1,1,0,0,0,0,1,1,1,1,1,0,1,1,1,1,1,1,0,0,1,0
Ex_174,1,1,0,0,0,0,0,0,1,1,1,0,0,0,0,0,1,1,1,1,0,0,1,1,1,1,1,1,0,0,1,1,1,1,0,0,0,0,1,1,1,1,1,1,1,1,1,1,1,1,0,0,0,0,1,0,1,1,1,1,0,0,1,1,1,1,1,1,1,1,1,1,0,1,1,1,0,0,0,0,1,1,1,1,1,1,1,1,0,1,1,0,0,0,1,0
Ex_179,1,0,0,1,1,1,1,1,0,1,0,1,1,1,1,1,0,1,0,1,1,1,1,1,1,1,0,1,1,1,1,1,1,1,0,1,1,1,1,1,1,1,1,1,1,1,1,1,1,0,0,1,1,1,1,1,1,1,0,1,1,1,1,1,1,1,0,1,1,1,1,1,1,0,0,1,1,1,0,0,1,1,1,1,1,1,1,1,1,0,0,1,1,1,1,1
Ex_170,1,1,0,0,0,0,0,0,1,0,1,0,0,1,1,0,1,1,1,1,0,0,1,1,1,1,1,1,0,1,1,1,1,1,0,1,1,1,1,1,1,1,1,1,1,1,1,1,1,1,0,0,0,0,1,1,1,1,1,0,1,0,1,1,1,1,1,1,0,1,1,1,1,1,1,1,0,0,0,0,1,1,1,1,1,1,1,1,0,1,1,0,0,0,0,1
Ex_172,1,1,0,1,0,0,1,0,0,0,0,1,0,0,1,1,1,1,0,1,0,0,1,0,1,1,0,1,0,0,1,1,1,1,0,0,0,0,1,0,1,1,1,1,0,1,1,0,1,1,0,0,0,0,0,0,1,1,1,1,0,0,0,1,1,1,1,1,0,0,1,1,0,1,0,1,0,0,0,0,0,0,1,0,0,0,0,0,1,1,1,0,0,0,1,0
Ex_187,1,0,0,1,1,1,1,1,1,0,0,1,0,1,1,1,1,0,0,1,1,1,1,1,1,1,0,1,1,1,1,1,0,0,0,1,1,1,0,1,1,1,1,1,1,1,1,1,1,0,0,1,1,1,1,1,1,0,0,1,1,1,1,1,1,0,0,1,1,1,1,1,1,0,0,1,1,1,0,0,1,1,1,1,1,1,1,1,0,0,0,0,0,0,0,1
Ex_168,1,1,0,0,0,0,1,1,1,0,1,0,0,1,1,1,1,0,1,1,0,0,1,1,1,1,1,0,0,0,1,1,1,1,0,0,0,0,1,1,1,1,1,1,1,1,1,1,1,1,1,0,0,0,1,1,1,1,1,0,0,0,1,1,1,1,1,1,0,1,1,1,1,1,1,1,0,0,0,0,1,1,1,0,0,0,1,0,1,1,1,0,0,0,1,1
Ex_167,1,1,0,1,0,0,1,1,1,1,1,0,0,1,1,1,1,1,1,1,0,0,1,1,1,1,1,1,0,0,1,0,1,1,0,0,0,0,1,1,1,1,1,1,1,1,1,1,1,1,0,1,0,0,1,1,1,1,1,1,0,0,1,1,1,1,1,1,1,0,1,1,1,1,0,1,0,0,0,0,1,1,1,1,1,1,1,1,1,1,1,0,0,0,0,1
Ex_165,1,1,0,0,0,0,0,0,0,1,1,0,0,0,1,0,1,1,1,0,0,0,0,0,1,1,1,0,0,0,0,0,1,1,0,0,0,0,0,0,0,0,0,0,0,0,0,0,1,1,0,0,0,0,0,0,1,1,1,0,0,0,0,0,0,0,0,0,0,0,0,0,0,1,0,0,0,0,0,0,1,1,1,0,0,0,0,0,1,1,0,0,0,0,1,0
Ex_164,1,1,0,0,0,0,0,0,0,0,1,0,0,0,0,0,1,1,0,0,0,0,0,0,1,1,1,0,0,0,0,0,1,1,0,0,0,0,0,0,1,1,1,0,0,0,1,0,1,1,0,0,0,0,0,0,1,1,0,0,0,0,1,0,1,1,0,0,0,0,0,0,0,1,0,0,0,0,0,0,1,1,1,0,0,0,1,0,0,1,1,0,0,0,0,0
Ex_188,1,0,0,1,1,1,1,1,1,0,0,1,1,1,1,1,1,1,0,0,0,1,1,1,1,1,0,1,1,1,1,0,1,1,0,1,1,1,1,1,1,1,1,1,1,1,1,1,1,0,0,1,1,1,1,1,1,1,0,1,1,1,1,1,1,0,0,1,1,1,1,1,1,0,0,1,1,1,0,0,1,1,1,1,1,1,1,1,1,0,0,1,1,1,1,1
Ex_189,0,0,0,1,1,1,1,1,1,1,0,1,1,1,1,1,1,1,0,1,1,1,1,1,1,1,0,1,1,1,1,1,0,0,0,1,1,1,1,1,1,1,1,1,1,1,1,1,0,0,0,1,1,1,1,1,1,1,0,1,1,1,1,1,0,1,0,1,1,1,1,1,0,0,0,0,1,1,0,0,1,1,1,1,1,1,1,1,1,0,0,1,1,0,1,1
Ex_184,1,0,0,1,1,1,1,1,1,0,1,1,0,1,1,1,1,0,0,1,1,1,1,1,1,1,0,1,1,1,1,1,1,1,0,1,1,1,1,1,1,1,1,1,1,1,1,1,1,0,0,1,1,1,1,1,1,1,0,1,1,1,1,1,1,1,0,1,1,1,1,1,1,0,0,1,1,1,0,0,1,1,1,1,1,1,1,1,1,0,0,1,0,1,0,1
Ex_191,1,0,0,1,1,1,1,1,1,1,1,1,1,1,1,1,1,1,0,1,1,1,1,1,1,1,0,1,0,1,1,0,1,0,0,1,1,1,1,1,1,1,1,1,1,1,1,1,1,0,0,1,1,1,1,1,1,1,0,1,1,1,1,1,1,1,0,1,1,1,1,1,1,0,0,1,1,1,0,0,1,1,1,1,1,1,1,1,1,0,0,0,0,0,1,1
Ex_176,1,1,0,0,0,0,1,1,1,1,1,1,1,1,0,1,1,1,1,1,1,0,1,1,1,1,1,1,1,0,1,1,1,1,0,0,0,0,1,0,1,1,1,1,1,0,1,1,1,1,0,0,0,0,1,0,1,1,1,1,0,0,1,1,1,1,0,1,1,0,1,1,1,1,0,1,0,0,0,0,1,1,1,1,1,0,1,1,1,1,0,1,0,0,1,1
Ex_182,1,0,0,1,1,1,1,1,1,1,0,1,1,1,1,1,1,1,0,1,1,1,1,1,1,1,1,1,1,1,1,1,0,1,0,1,1,1,1,1,1,1,1,1,1,1,1,1,0,0,0,1,1,1,1,1,1,1,0,1,1,1,1,1,0,1,0,1,1,1,1,1,1,0,0,1,1,1,0,0,0,0,0,1,1,1,1,1,0,0,0,1,1,1,0,0
Ex_197,1,1,0,1,0,0,1,1,1,0,0,1,0,0,0,1,1,1,1,1,1,0,1,1,1,1,1,1,1,0,1,1,1,1,0,1,0,0,1,1,1,1,1,1,1,1,1,1,1,1,1,1,0,0,1,1,1,1,1,1,0,0,1,1,1,1,1,1,1,0,1,1,1,1,0,1,0,0,0,0,1,1,1,1,1,0,1,1,1,1,0,0,0,0,1,1
Ex_173,1,1,0,0,0,0,1,0,1,1,1,0,0,1,1,1,1,1,0,1,0,0,0,0,1,1,1,1,0,0,1,1,1,1,0,0,0,0,1,0,1,1,0,0,0,0,0,0,1,1,0,0,0,0,0,0,1,1,0,0,0,0,1,1,1,1,1,1,0,0,1,1,1,1,0,1,0,0,0,0,1,1,1,1,1,0,1,0,0,1,1,0,0,0,1,0
Ex_177,1,1,0,1,0,0,1,1,1,1,0,1,1,0,1,1,1,1,0,1,1,0,1,1,1,1,1,1,1,0,1,1,1,1,0,1,0,1,1,1,1,1,1,1,1,1,1,1,1,1,0,1,0,0,1,1,1,1,1,1,1,0,1,1,1,1,1,1,1,0,1,1,1,1,1,1,0,0,0,0,1,1,1,1,1,1,1,1,1,1,1,1,0,0,0,1
Ex_221,1,0,0,1,1,1,1,1,1,1,1,1,1,1,1,1,1,1,0,1,1,1,1,1,1,1,1,1,1,1,1,1,1,0,0,1,1,1,1,1,1,0,0,1,1,1,1,1,1,0,0,1,1,1,1,1,1,1,0,1,1,1,1,1,1,1,1,1,1,1,1,1,1,0,0,1,1,1,0,0,1,1,0,1,1,1,1,1,1,1,1,1,0,0,1,1
Ex_183,1,0,0,1,1,1,1,1,1,0,1,1,1,1,1,1,1,0,0,1,1,1,1,1,1,1,0,1,1,1,1,1,1,1,0,1,1,1,1,1,1,1,1,1,1,1,1,1,1,0,0,1,1,1,1,1,0,1,0,1,1,1,1,1,1,1,1,1,1,1,1,1,1,0,0,1,1,1,0,0,0,1,1,1,1,1,1,1,1,0,0,1,1,1,0,0
Ex_181,0,0,0,1,1,1,1,1,0,1,0,1,1,1,1,1,1,0,0,1,1,1,1,1,1,1,0,1,1,1,1,1,0,0,0,1,1,1,0,1,1,1,1,1,1,1,1,1,0,0,0,1,1,1,1,1,1,1,0,1,1,1,1,1,1,1,0,1,1,1,1,1,0,0,0,1,1,1,0,0,1,1,1,1,1,1,1,1,1,0,0,1,1,0,1,1
Ex_180,1,0,0,1,1,1,1,1,1,1,0,0,0,1,1,1,1,1,0,0,1,0,0,1,1,1,0,1,1,1,1,1,1,1,0,1,0,1,1,1,1,1,1,1,1,1,1,1,1,0,0,1,1,0,1,1,1,1,0,1,1,1,1,1,1,1,0,1,1,1,1,1,1,0,0,1,1,1,0,0,1,1,1,1,1,1,1,1,1,0,0,1,1,1,1,1
Ex_178,1,0,0,1,1,1,0,1,1,1,0,1,1,1,1,1,1,0,0,0,1,1,1,1,1,1,0,1,1,1,1,1,1,1,0,1,1,1,1,1,1,1,1,1,1,1,1,1,1,0,0,1,1,1,1,1,1,1,0,1,1,1,1,1,1,1,0,1,1,1,1,1,1,0,0,1,1,1,0,0,1,1,1,1,1,1,1,1,1,0,0,1,0,1,1,1
Ex_202,1,1,0,1,0,0,1,1,0,0,1,0,0,0,0,0,1,1,1,1,0,0,1,1,1,1,1,1,0,0,1,1,1,1,0,1,0,0,1,1,1,1,1,1,1,1,1,1,1,1,1,1,0,0,1,1,1,1,1,1,0,0,1,1,1,1,0,1,0,0,1,1,1,1,0,1,0,0,0,0,1,1,1,1,1,0,1,1,1,1,0,0,0,0,0,1
Ex_185,0,0,0,1,1,1,1,1,1,0,0,1,0,0,1,1,1,0,0,0,0,0,0,1,1,1,0,1,1,1,0,1,0,1,0,1,1,1,1,1,1,0,1,1,1,1,1,1,1,0,0,1,1,1,1,1,1,1,0,1,1,1,1,1,1,1,0,1,1,1,1,1,1,0,0,1,1,1,0,0,1,1,1,1,1,1,1,1,1,0,0,1,1,1,1,1
Ex_192,1,0,0,1,1,1,1,1,1,0,0,0,1,1,1,1,1,0,0,1,1,1,1,1,1,1,0,1,1,1,1,1,0,0,0,1,1,1,0,1,1,1,0,1,1,1,1,1,1,0,0,1,1,1,1,1,1,0,0,0,1,1,1,1,1,1,0,1,1,1,1,1,1,0,0,1,1,1,0,0,1,1,1,1,1,1,1,1,1,0,0,1,0,1,1,1
Ex_190,0,0,0,1,1,1,1,1,0,0,0,1,1,0,0,1,0,0,0,1,0,0,0,0,1,0,0,1,1,1,1,1,0,0,0,1,1,1,1,1,0,0,0,1,1,1,0,1,0,0,0,1,1,1,1,1,0,1,0,1,1,1,1,1,0,0,0,1,1,1,1,1,0,0,0,1,1,1,0,0,0,1,1,1,1,1,1,1,0,0,0,1,0,1,1,1
Ex_208,1,1,0,1,1,0,1,1,1,1,0,1,0,0,0,1,1,1,1,1,1,0,0,1,1,1,1,1,0,1,1,1,1,1,0,1,0,0,1,1,1,1,1,1,1,1,1,1,1,1,1,1,1,0,1,1,1,1,1,1,1,0,1,1,1,1,1,1,1,0,1,1,1,1,0,1,1,0,0,0,1,1,1,1,1,1,1,1,0,1,0,1,0,0,1,1
Ex_175,1,1,0,0,1,0,1,1,0,1,0,0,0,0,0,1,1,1,1,0,0,0,0,0,0,1,1,0,1,0,0,0,1,1,0,0,0,0,1,0,0,0,0,0,0,0,0,0,1,1,0,0,0,0,0,0,1,0,1,1,0,0,0,0,1,1,1,1,0,1,1,0,1,1,1,1,0,0,0,0,1,1,1,1,0,0,1,0,1,1,1,0,0,0,1,0
Ex_200,1,1,0,1,0,0,1,1,0,0,1,0,0,0,0,1,0,0,0,0,0,0,0,0,1,1,1,1,0,0,0,1,1,1,0,0,0,0,1,1,1,1,1,1,1,1,1,1,1,1,1,1,0,0,1,1,1,1,1,1,0,0,1,1,1,1,1,1,0,0,1,1,1,1,0,1,0,0,0,0,1,1,1,1,1,0,1,1,1,0,0,0,0,0,1,1
Ex_210,1,1,0,1,0,0,1,1,0,0,0,1,0,0,1,1,1,1,0,1,1,0,0,1,1,1,1,1,1,0,1,1,1,1,0,1,0,0,1,1,1,1,1,1,1,1,1,1,1,1,1,1,0,0,1,1,1,1,1,1,0,0,1,1,1,1,0,1,1,0,1,1,1,1,0,1,0,0,0,0,1,1,1,1,1,0,1,1,1,0,1,1,0,0,1,1
Ex_213,1,1,0,1,0,0,0,1,1,0,0,1,0,1,0,1,1,1,1,1,0,0,1,1,1,1,1,1,0,0,0,1,1,1,1,1,0,0,1,0,1,1,1,0,0,0,1,0,1,1,1,1,0,0,1,1,1,1,1,1,0,0,1,1,1,1,1,1,0,0,1,1,1,1,1,1,0,0,0,0,1,1,1,1,0,0,1,1,1,0,0,1,0,0,1,1
Ex_211,1,1,0,1,0,0,0,1,1,0,1,1,1,0,1,1,1,1,1,1,1,0,1,1,1,1,1,1,1,1,1,1,1,1,0,1,0,0,0,1,1,1,1,1,1,1,1,1,1,1,1,1,0,0,1,1,1,1,1,1,1,0,1,1,1,1,1,1,1,0,1,1,1,1,0,1,0,0,0,0,1,1,1,1,1,1,1,1,1,1,0,1,0,0,1,1
Ex_193,0,0,0,1,1,1,1,1,0,0,0,1,0,0,0,1,1,0,0,1,0,1,0,0,1,1,0,1,1,1,0,1,0,0,0,1,1,1,0,1,0,0,0,1,1,1,0,0,0,0,0,1,1,1,1,1,1,1,0,1,1,1,1,1,0,1,0,1,1,1,1,1,0,0,0,1,1,1,0,0,0,0,1,1,1,1,1,1,0,0,0,1,0,1,0,1
Ex_195,0,0,0,1,1,1,1,1,0,0,0,0,1,1,1,1,0,0,0,0,1,1,1,1,0,1,0,0,1,1,1,1,0,0,0,1,1,1,1,1,1,0,0,1,1,1,1,1,0,0,0,1,1,1,1,1,0,1,0,1,1,1,1,1,0,1,0,0,1,1,1,1,0,0,0,1,1,1,0,0,0,0,0,1,1,1,1,1,0,0,0,1,1,1,1,1
Ex_194,0,0,0,1,1,1,1,1,0,0,0,1,0,1,0,1,1,1,0,1,1,1,1,1,1,1,0,0,1,1,1,1,1,0,0,1,1,1,1,1,1,1,1,1,1,1,1,1,1,0,0,1,1,1,1,1,1,1,0,1,0,1,1,1,1,0,0,0,1,1,1,1,0,0,0,1,1,1,0,0,1,0,0,1,1,1,1,1,0,0,0,0,1,1,1,1
Ex_186,0,0,0,1,1,1,1,1,1,0,0,1,1,1,1,1,1,0,0,1,1,0,1,1,1,1,1,1,1,1,1,1,0,0,0,1,1,1,1,1,1,1,1,1,1,1,1,1,0,0,0,1,1,1,1,1,1,1,0,1,1,1,1,1,0,1,1,0,1,1,1,1,0,0,0,1,1,1,0,0,1,1,1,1,1,1,1,1,0,1,0,1,1,1,1,0
Ex_209,1,1,0,1,0,0,1,1,1,0,1,1,1,0,1,1,1,1,1,1,1,0,1,0,1,1,1,1,1,1,1,1,1,1,0,0,0,0,1,1,1,1,1,1,1,1,1,1,1,1,1,1,0,0,1,1,1,1,1,1,1,0,1,1,1,1,1,1,1,0,1,1,1,1,0,1,0,0,0,0,1,1,1,1,1,0,1,1,1,1,1,1,0,0,1,1
Ex_219,1,0,0,1,1,1,1,1,1,1,1,1,1,1,1,1,1,1,1,1,1,1,1,1,1,1,0,1,1,1,1,1,1,0,0,1,1,1,1,1,1,1,0,1,1,1,1,1,1,1,0,1,1,1,1,1,1,1,0,1,1,1,1,1,1,1,1,1,1,1,1,1,1,0,0,1,1,1,0,0,1,1,1,1,1,1,1,1,1,1,1,1,0,1,1,1
Ex_206,1,1,1,1,0,0,0,1,1,0,1,1,0,0,0,1,0,0,0,1,1,0,0,0,1,1,0,1,1,0,1,0,1,1,1,0,0,0,0,1,1,1,1,1,1,1,1,1,1,1,1,1,0,0,1,1,1,1,1,1,0,0,1,1,1,1,1,1,1,0,1,1,1,1,0,1,0,0,0,0,1,1,1,1,1,0,1,1,1,1,0,1,0,0,1,1
Ex_226,1,0,0,1,1,1,1,1,1,0,0,1,1,1,1,1,1,1,0,1,1,0,1,1,1,1,0,1,1,1,1,1,1,0,0,1,1,1,1,1,1,1,0,1,1,1,1,1,1,0,0,1,1,1,1,1,1,1,0,1,1,1,1,1,1,1,0,1,1,1,1,1,1,0,0,1,1,1,0,0,1,1,1,1,1,1,1,1,1,1,0,0,1,1,1,1
Ex_204,1,1,0,1,0,0,1,1,1,0,0,0,0,0,1,1,0,1,1,1,0,0,1,1,1,1,1,1,0,0,1,1,1,1,0,1,0,0,0,1,1,1,1,1,0,0,1,1,1,1,1,1,0,0,1,1,1,1,1,1,0,0,1,1,1,1,1,1,0,1,1,1,1,1,0,1,0,0,0,0,1,1,1,1,1,0,1,1,1,1,0,1,0,0,1,1
Ex_217,1,0,0,1,1,1,0,1,1,1,1,1,1,1,1,1,1,1,0,1,1,1,1,1,1,1,0,1,1,1,1,1,1,0,0,1,1,1,1,1,1,1,1,1,1,1,1,1,1,0,0,1,1,1,1,1,1,1,0,1,1,1,1,1,1,1,0,1,1,1,1,1,1,0,0,1,1,1,0,0,1,1,1,1,1,1,1,1,1,1,0,1,1,1,1,1
Ex_231,1,0,0,1,1,1,1,1,1,1,0,1,1,1,1,1,1,1,0,1,1,1,1,1,1,1,1,1,1,1,1,1,1,0,0,1,1,1,1,1,1,1,1,1,1,1,1,1,1,0,0,1,1,1,1,1,1,1,0,1,1,1,1,1,1,1,0,1,1,1,1,1,1,0,0,1,1,1,0,0,1,1,1,1,1,1,1,1,1,0,0,1,1,0,0,1
Ex_235,1,1,0,1,0,0,1,1,1,1,1,1,0,0,1,1,1,1,1,1,1,0,1,1,1,1,1,1,1,0,1,1,1,1,0,1,0,0,1,1,1,1,1,1,1,1,1,1,1,1,0,1,0,0,1,1,1,1,1,1,0,0,1,1,1,1,1,1,1,1,1,1,1,1,0,1,0,0,0,0,1,1,1,1,1,1,1,1,1,1,1,1,1,1,1,1
Ex_222,0,0,0,1,1,1,1,1,1,1,0,1,1,1,1,1,1,1,0,1,1,1,1,1,1,1,0,1,1,1,1,1,1,0,0,1,1,1,1,1,1,1,1,1,1,1,1,1,1,0,0,1,1,1,1,1,1,1,0,1,1,1,1,1,1,1,0,1,1,1,1,1,1,0,0,1,1,1,0,0,1,1,1,1,1,1,1,1,1,0,0,1,1,0,1,0
Ex_232,1,1,0,1,0,0,1,1,1,1,1,0,1,1,1,1,1,1,1,1,1,0,1,1,1,1,1,1,1,1,0,1,1,1,0,0,0,0,1,1,1,1,1,1,1,1,1,1,1,1,0,1,0,0,1,1,1,1,1,0,1,0,1,1,1,1,0,1,1,1,1,1,1,1,0,1,0,0,0,0,1,1,1,1,1,1,1,1,1,1,1,1,0,1,0,1
Ex_228,1,0,0,1,1,1,1,1,1,0,1,1,1,1,1,1,1,1,0,1,1,1,1,1,1,1,0,1,1,1,1,1,0,0,0,1,1,1,1,1,1,1,1,1,1,1,1,1,1,0,0,1,1,1,1,1,1,1,0,1,1,1,1,1,1,1,1,1,1,1,1,1,1,0,0,1,1,1,0,0,1,1,1,1,1,1,1,1,1,0,0,1,1,0,1,1
Ex_203,1,1,0,1,0,0,1,1,0,0,0,0,0,0,1,1,1,1,1,0,1,0,1,1,1,1,1,1,1,0,1,1,1,1,0,1,0,0,0,1,1,1,1,1,1,1,1,1,1,1,1,1,0,0,1,1,1,1,1,1,1,0,1,1,1,1,1,1,1,0,1,1,1,1,0,1,0,0,0,0,1,1,1,1,1,1,1,1,0,0,1,1,0,0,1,1
Ex_234,1,1,0,1,0,0,1,1,1,1,1,1,1,1,1,1,1,1,0,1,0,0,1,1,1,0,1,1,1,1,1,1,1,1,0,1,0,0,1,1,1,1,0,1,1,1,1,1,1,1,0,1,0,0,1,1,1,1,1,1,1,0,1,1,1,1,0,1,1,1,1,1,1,1,0,1,0,0,0,0,1,1,1,1,1,1,1,1,1,0,0,1,0,1,0,1
Ex_198,1,1,0,1,0,0,1,1,1,1,0,0,0,0,1,0,0,1,0,0,0,0,0,1,1,1,1,1,1,0,1,0,1,1,0,0,0,0,1,1,1,1,1,1,1,1,1,1,1,1,1,1,0,0,1,1,1,1,1,1,0,0,1,1,1,1,1,1,1,1,1,1,1,1,0,1,0,0,0,0,1,1,1,1,1,0,1,1,1,1,1,1,0,0,1,1
Ex_215,1,0,0,1,1,1,1,1,1,1,1,1,1,1,1,1,1,1,0,1,1,1,1,1,1,1,0,1,1,1,1,1,1,0,0,1,1,1,1,1,1,1,0,1,1,1,1,1,1,0,0,1,1,1,1,1,1,1,0,1,1,1,1,1,1,1,1,1,1,1,1,1,1,0,0,1,1,1,0,0,1,1,1,1,1,1,1,1,1,1,1,1,0,0,1,1
Ex_201,1,1,0,1,0,0,1,1,1,0,1,1,0,0,0,0,0,1,1,0,0,0,0,1,1,1,1,1,1,0,1,1,1,1,0,1,0,0,0,0,1,1,1,1,1,1,1,1,1,1,1,1,0,0,1,1,1,1,1,1,0,0,1,1,1,1,1,1,0,0,1,1,1,1,0,1,0,0,0,0,1,1,1,1,1,1,1,1,0,0,0,0,0,0,0,1
Ex_216,1,0,0,1,1,1,1,1,1,1,1,1,1,1,1,1,1,1,0,1,1,1,1,1,1,1,0,1,1,1,1,1,1,0,0,1,1,1,1,1,1,1,1,1,1,1,1,1,1,0,0,1,1,1,1,1,1,1,0,1,1,1,1,1,1,1,0,1,1,1,1,1,1,0,0,1,1,1,0,0,1,1,1,1,1,1,1,1,0,0,0,1,0,0,0,1
Ex_238,1,1,0,1,0,0,1,1,1,1,1,0,1,1,1,1,1,1,0,1,1,0,1,1,1,1,1,0,1,0,1,1,1,1,0,1,0,0,1,1,1,1,1,1,1,1,1,1,1,1,0,1,0,0,1,1,1,1,1,1,1,0,1,1,1,1,0,1,0,1,1,1,1,1,0,1,0,0,0,0,1,1,1,1,1,1,1,1,1,1,0,0,0,1,1,1
Ex_207,1,1,0,1,0,0,0,1,0,0,0,1,0,1,0,1,1,1,1,1,1,0,1,1,1,1,1,1,1,0,1,1,1,1,0,1,0,0,1,1,1,1,1,1,1,1,1,1,1,1,1,1,0,0,1,1,1,1,1,1,1,0,1,1,1,1,0,1,1,0,1,1,1,1,0,1,0,0,0,0,1,1,1,1,1,1,1,1,1,1,1,1,0,0,1,1
Ex_237,1,0,0,0,0,0,1,1,0,1,1,0,1,1,1,1,1,1,0,1,1,0,1,1,1,1,0,1,1,1,1,1,1,1,0,1,0,0,1,1,1,1,1,1,1,1,1,1,1,1,0,1,0,0,1,1,1,1,0,1,0,0,1,1,1,1,1,1,0,1,1,1,1,1,0,1,0,0,0,0,1,1,1,1,1,1,1,1,1,1,0,1,0,1,1,1
Ex_212,1,1,0,1,0,0,0,1,1,0,1,1,0,0,0,1,1,1,1,1,1,0,1,1,0,1,0,1,1,1,0,0,1,1,0,1,0,0,1,1,1,1,1,1,1,1,1,1,1,1,1,1,1,0,1,1,1,1,1,1,1,0,1,1,1,1,1,1,1,0,1,1,1,1,0,1,0,0,0,0,1,1,1,1,1,0,1,1,1,0,0,0,0,0,0,1
Ex_224,1,0,0,1,1,1,1,1,1,1,1,1,0,1,1,1,1,1,0,1,1,1,1,1,1,1,0,1,1,1,1,1,1,0,0,1,1,1,1,1,1,1,0,1,1,1,1,1,1,0,0,1,1,1,1,1,1,1,0,1,1,1,1,1,1,1,0,1,1,1,1,1,1,0,0,1,1,1,0,0,1,1,1,1,1,1,1,1,1,0,0,1,1,1,1,1
Ex_239,1,1,0,0,0,0,1,1,1,1,1,1,1,0,1,1,1,1,0,1,1,0,1,1,1,1,1,1,0,0,1,1,1,1,0,0,0,0,1,1,1,1,1,1,1,1,1,1,1,1,0,1,0,0,1,1,1,1,1,1,1,0,1,1,1,1,1,1,1,1,1,1,1,1,0,1,0,0,0,0,1,1,1,1,1,1,1,1,1,1,1,1,1,0,1,1
Ex_223,1,0,0,1,1,1,1,1,1,1,0,0,1,1,1,1,1,1,0,1,1,1,1,1,1,1,0,1,1,1,1,1,1,0,0,1,1,1,1,1,1,1,0,1,1,1,1,1,1,1,0,1,1,1,1,1,1,1,0,1,1,1,1,1,1,1,1,1,1,1,1,1,1,0,0,1,1,1,0,0,1,1,1,1,1,1,1,1,1,1,0,1,1,1,1,1
Ex_214,1,0,0,1,1,1,0,1,1,1,1,1,1,1,1,1,1,1,0,1,1,0,1,1,1,1,0,1,1,1,1,1,1,1,0,1,1,1,1,1,1,1,0,1,1,1,1,1,1,0,0,1,1,1,1,1,1,1,0,1,1,1,1,1,1,1,0,1,1,1,1,1,1,0,0,1,1,1,0,0,1,1,1,1,1,1,1,1,1,1,0,1,1,1,1,1
Ex_199,1,1,0,1,0,0,1,1,0,0,0,0,0,0,0,1,1,1,1,1,0,0,1,1,1,1,1,0,1,0,1,1,1,1,0,1,0,0,1,1,1,1,1,1,0,0,1,1,1,1,1,1,0,0,1,1,1,1,1,0,0,0,1,1,1,1,0,1,1,0,1,1,1,1,0,1,0,0,0,0,1,1,1,1,1,1,1,1,0,1,0,1,0,0,1,1
Ex_236,1,1,0,0,0,0,1,1,1,0,1,1,0,0,1,1,1,1,1,1,0,0,1,1,1,1,1,1,0,0,1,1,1,1,0,1,0,0,1,1,1,1,0,0,0,0,1,1,1,1,0,0,0,0,1,1,1,1,1,0,1,0,1,1,1,1,1,1,0,1,1,1,1,1,0,1,0,0,0,0,1,1,1,1,1,0,1,1,1,1,0,1,0,1,1,1
Ex_240,1,1,0,1,0,0,1,1,1,1,1,1,1,0,1,1,1,1,1,1,1,0,1,0,1,1,1,1,1,1,1,1,1,1,0,1,0,0,1,1,1,1,1,1,1,1,1,1,1,1,0,1,0,0,1,1,1,1,1,1,1,0,1,1,1,1,0,1,1,0,1,1,1,1,0,1,0,0,0,0,1,1,1,1,1,0,1,1,1,1,1,1,0,0,1,1
Ex_229,1,0,0,1,1,1,1,1,1,1,1,1,1,0,1,1,1,0,0,1,1,1,1,1,1,0,0,1,1,1,1,1,1,1,0,1,1,1,1,1,1,0,0,1,1,1,1,1,1,0,0,1,1,1,1,1,1,1,0,1,1,1,1,1,1,1,0,1,1,0,1,1,1,0,0,1,1,1,0,0,1,1,1,1,1,1,1,1,1,0,0,1,1,1,1,1
Ex_205,1,1,0,1,0,0,1,1,0,0,1,1,1,0,1,1,1,1,1,1,1,0,1,1,1,1,1,1,1,0,1,1,1,1,0,0,0,0,1,1,1,1,1,1,1,1,1,1,1,1,0,1,0,0,1,1,1,1,1,1,1,0,1,1,1,1,0,1,1,0,1,1,1,1,0,1,0,0,0,0,1,1,1,1,1,0,1,1,1,1,0,1,0,0,1,1
Ex_220,1,0,0,1,1,1,1,1,1,1,0,1,1,1,1,1,1,1,0,1,1,1,1,1,1,1,0,1,1,1,1,1,1,0,0,1,1,1,1,1,1,1,0,1,1,1,1,1,1,0,0,1,1,1,1,1,1,1,0,1,1,1,1,1,1,1,0,1,1,1,1,1,1,0,0,1,1,1,0,0,1,1,1,1,1,1,1,1,1,1,1,1,1,0,1,1
Ex_218,0,0,0,1,1,1,0,1,1,1,1,1,1,1,1,1,1,1,0,1,1,1,1,1,1,0,0,0,1,1,1,1,1,0,0,1,1,1,1,1,1,1,1,1,1,1,1,1,0,0,0,1,1,1,1,1,1,1,0,1,1,1,1,1,1,1,0,1,1,1,1,1,0,0,0,1,1,1,0,0,0,0,0,1,1,1,1,1,1,0,1,1,1,0,1,1
Ex_230,0,0,0,1,1,1,1,1,0,0,0,1,0,1,1,1,1,0,0,1,1,1,1,1,1,0,0,1,1,1,1,1,0,1,0,1,1,1,1,1,1,1,1,1,1,1,1,1,0,0,0,1,1,1,1,1,1,0,0,1,1,1,1,1,1,0,1,1,1,1,1,1,1,0,0,1,1,1,0,0,1,1,1,1,1,1,1,1,0,0,1,1,1,1,1,1
Ex_225,1,0,0,1,1,1,0,1,1,1,1,1,0,1,1,1,1,1,0,1,1,1,1,1,1,1,0,1,1,1,1,1,0,0,0,1,1,1,1,1,1,1,0,1,1,1,1,1,1,0,0,1,1,1,1,1,1,1,0,1,1,1,1,1,1,1,0,1,1,1,1,1,1,0,0,1,1,1,0,0,1,1,1,1,1,1,1,1,1,0,0,1,0,0,1,1
Ex_241,1,1,0,1,0,0,0,1,1,1,1,1,1,0,1,1,1,1,1,1,1,0,1,1,1,1,1,1,1,1,1,1,1,1,0,0,0,0,1,1,1,1,1,1,1,1,1,1,1,1,0,1,0,0,1,1,1,1,1,1,1,0,1,1,1,1,0,1,1,1,1,1,1,1,0,1,0,0,0,0,1,1,1,1,1,0,1,1,1,1,0,1,0,0,0,1
Ex_242,1,1,0,1,0,0,1,1,1,1,1,1,0,1,1,1,0,1,1,1,1,0,1,1,1,1,1,1,1,1,1,1,1,1,0,1,1,0,1,1,1,1,1,1,1,1,1,1,1,1,0,1,0,0,1,1,1,1,1,1,1,0,1,1,1,1,0,1,1,1,1,1,1,1,0,1,0,0,0,0,1,1,1,1,1,1,1,1,1,1,1,1,1,0,1,1
Ex_227,0,0,0,1,1,1,1,1,1,1,1,1,1,1,1,1,1,0,0,1,1,1,1,1,1,1,0,1,1,1,1,1,0,0,0,1,1,1,1,1,1,1,0,1,1,1,1,1,1,0,0,1,1,1,1,1,1,1,0,1,1,1,1,1,1,1,0,1,1,1,1,1,1,0,0,1,1,1,0,0,1,1,1,1,1,1,1,1,1,0,0,1,1,1,1,1
Ex_244,1,1,0,1,0,0,1,1,1,1,0,1,1,1,1,1,1,1,1,1,0,0,1,1,1,1,1,1,0,0,1,1,1,1,0,1,0,0,1,1,1,1,0,1,1,1,1,1,1,1,0,1,0,0,1,1,1,1,1,1,1,0,1,1,1,1,1,1,1,0,1,1,1,1,0,1,0,0,0,0,1,1,1,1,1,0,1,1,1,0,0,1,0,0,0,1
Ex_245,1,1,0,1,0,0,1,1,1,1,1,1,1,1,1,1,1,1,0,1,1,0,1,1,1,1,1,1,1,1,1,1,1,1,0,1,1,0,1,1,1,1,0,1,1,1,1,1,1,1,0,1,0,0,1,1,1,1,1,1,1,0,1,1,1,1,0,1,1,0,1,1,1,1,0,1,0,0,0,0,1,1,1,1,1,1,1,1,1,0,0,1,0,1,1,1
Ex_246,1,1,0,1,0,0,1,1,1,1,1,1,1,1,1,1,1,1,0,1,1,0,1,1,1,1,1,1,1,0,1,1,1,1,0,1,1,0,1,1,1,1,1,1,1,1,1,1,1,1,0,1,0,0,1,1,1,1,0,1,1,0,1,1,1,1,1,1,1,1,1,1,1,1,0,1,0,0,0,0,1,1,1,1,1,0,1,1,1,1,1,1,1,1,1,1
Ex_243,1,1,0,1,0,0,1,1,1,1,1,1,1,0,1,1,1,1,1,1,1,0,1,1,1,1,1,1,0,0,1,1,1,1,0,1,0,0,1,1,1,1,1,1,1,1,1,1,1,1,0,1,0,0,1,1,1,1,1,1,1,0,1,1,1,1,1,1,1,1,1,1,1,1,0,1,0,0,0,0,1,1,1,1,1,1,1,1,1,1,0,1,1,1,1,1
Ex_249,1,1,0,1,0,0,1,1,1,1,1,1,1,0,1,1,1,1,0,1,1,0,1,1,1,1,1,1,0,0,1,1,1,1,0,0,0,0,1,1,1,1,0,0,0,0,1,1,1,1,0,0,0,0,1,1,1,1,1,0,1,0,1,1,1,1,0,1,0,0,1,1,1,1,0,1,0,0,0,0,1,1,1,1,1,0,1,1,1,1,0,1,0,0,1,1
Ex_251,0,0,0,1,1,1,0,1,1,1,0,1,1,1,1,1,1,1,0,1,0,1,1,1,1,1,1,1,1,1,1,1,1,0,0,1,1,1,1,1,1,1,0,1,1,1,1,1,1,0,0,1,1,1,1,1,1,1,0,1,1,1,1,1,1,1,0,1,1,1,1,1,1,0,0,1,1,1,0,0,1,1,1,1,1,1,1,1,1,1,0,1,1,1,0,1
Ex_252,1,0,0,1,1,1,1,1,1,1,0,0,1,1,1,1,1,1,0,1,1,1,1,1,1,1,0,1,1,1,1,1,0,0,0,1,1,1,1,1,1,1,1,1,1,1,1,1,1,0,0,1,1,1,1,1,1,1,0,1,1,1,1,1,1,1,0,1,1,1,1,1,1,0,0,1,1,1,0,0,1,1,1,1,1,1,1,1,1,0,0,1,0,1,0,1
Ex_250,1,0,0,1,1,1,1,1,1,0,0,1,1,1,1,1,1,0,0,1,1,1,1,1,1,0,0,1,1,1,1,1,1,0,0,1,1,1,1,1,0,0,0,0,1,1,0,0,0,0,0,1,1,1,1,1,1,1,0,1,1,1,1,1,0,0,0,1,1,1,1,1,1,0,0,1,1,1,0,0,1,1,0,1,1,1,1,1,1,0,0,1,0,1,0,1
Ex_259,0,0,0,1,1,1,0,1,1,0,0,0,0,1,0,1,0,0,0,1,1,1,1,1,1,0,0,1,1,1,1,1,0,0,0,1,1,1,0,1,1,0,0,1,1,1,1,1,0,0,0,1,1,1,1,1,1,0,0,1,1,1,1,1,1,0,0,1,1,1,1,1,1,0,0,1,1,0,0,0,1,1,0,1,1,1,1,1,1,0,0,1,0,0,1,1
Ex_258,1,0,0,1,1,1,1,1,1,1,0,1,1,1,1,1,1,1,0,1,1,1,1,1,1,0,0,1,1,1,1,1,0,0,0,1,1,1,1,1,1,0,0,1,1,1,0,1,0,0,0,1,1,1,1,1,1,1,0,1,1,1,1,1,1,1,0,1,1,1,1,1,1,0,0,1,1,1,0,0,1,1,0,1,1,1,1,1,1,0,0,1,0,1,1,1
Ex_255,1,0,0,1,1,1,1,1,1,0,0,0,1,0,1,1,1,0,0,1,0,1,0,1,1,1,0,1,1,1,1,1,0,1,0,1,1,1,1,1,1,1,0,1,1,1,1,1,1,0,0,1,1,1,1,1,1,1,0,1,1,1,1,1,1,0,0,1,1,1,1,1,1,0,0,1,1,1,0,0,1,1,1,1,1,1,1,1,1,0,0,1,0,0,1,1
Ex_248,1,1,0,1,0,0,1,1,1,1,0,0,1,0,1,1,0,1,1,1,1,0,1,1,1,1,1,1,1,1,1,1,1,1,0,1,1,0,1,1,1,1,0,1,1,1,1,1,1,1,0,0,0,0,1,1,1,1,0,1,1,0,1,1,1,1,0,1,1,1,1,1,1,1,0,1,1,0,0,0,1,1,1,1,1,1,1,1,1,1,0,1,0,1,1,1
Ex_262,0,0,0,1,1,1,1,1,1,0,0,1,1,1,1,1,1,0,0,1,1,1,1,1,1,0,0,1,1,1,1,1,0,0,0,1,1,1,1,1,1,1,1,1,1,1,1,1,1,0,0,1,1,1,1,1,1,1,0,1,1,1,1,1,1,0,0,1,1,1,1,1,1,0,0,1,1,1,0,0,1,1,0,1,1,1,1,1,0,0,0,1,0,1,0,1
Ex_263,0,0,0,1,1,1,1,1,1,0,0,1,1,1,1,0,0,0,0,1,0,0,1,1,1,0,0,1,1,1,1,1,0,0,0,1,1,1,1,1,1,0,1,1,1,1,1,1,0,0,0,1,1,1,1,1,1,0,0,1,1,1,1,1,1,0,0,1,1,1,1,1,1,0,0,1,1,1,0,0,1,1,0,1,1,1,1,1,1,0,0,1,0,0,0,1
Ex_247,1,0,0,1,0,0,1,1,1,1,1,1,1,0,1,1,1,1,1,1,0,0,1,1,1,1,1,1,1,1,0,1,1,1,0,1,0,0,1,1,1,1,1,1,1,1,1,1,1,1,0,1,0,0,1,1,1,1,1,1,0,0,1,1,1,1,1,1,1,1,1,1,1,1,0,1,0,0,0,0,1,1,1,1,1,0,1,1,1,0,1,1,0,0,1,1
Ex_266,0,0,0,1,1,1,1,0,1,1,0,1,1,0,1,1,1,0,0,1,1,1,1,1,1,0,0,1,1,1,1,1,0,0,0,1,1,1,1,1,1,0,0,1,1,1,1,1,0,0,0,1,1,1,1,1,0,0,0,1,1,1,1,1,1,0,0,1,1,1,1,1,1,0,0,1,1,0,0,0,1,1,0,1,1,1,1,1,0,0,0,1,1,1,1,1
Ex_257,0,0,0,1,1,1,1,1,1,1,0,1,1,1,1,1,1,0,0,1,1,1,1,1,1,0,0,1,1,1,1,1,1,1,0,1,1,1,1,1,1,0,0,1,1,1,1,1,1,0,0,1,1,1,1,1,1,1,0,1,1,1,1,1,1,1,0,1,1,1,1,1,1,0,0,1,1,1,0,0,1,1,1,1,1,1,1,1,1,0,0,1,0,1,0,1
Ex_267,0,0,0,1,1,1,1,1,1,0,0,1,1,1,1,1,0,0,0,1,0,1,1,1,1,1,0,1,1,1,1,1,0,0,0,1,1,1,1,1,1,0,1,1,1,1,1,1,0,0,0,1,1,1,1,1,1,1,0,1,1,1,1,1,1,0,0,1,1,1,1,1,1,0,0,1,1,1,0,0,1,1,0,1,1,1,1,1,1,0,0,0,0,0,1,1
Ex_264,0,0,0,1,1,1,1,1,1,0,0,0,0,1,1,1,0,0,0,1,0,1,1,1,0,0,1,1,0,0,1,1,1,0,0,1,1,1,1,1,1,1,0,1,1,1,1,1,0,0,0,1,1,1,1,1,1,1,0,1,1,1,1,1,1,0,0,1,1,1,1,1,1,0,0,1,1,0,0,0,1,1,1,1,1,1,1,1,1,0,0,1,1,0,0,1
Ex_261,0,0,0,1,1,1,0,1,1,1,0,1,1,1,0,1,1,0,0,1,1,1,1,1,1,0,0,1,1,1,1,1,0,0,0,1,1,1,1,1,1,0,0,1,1,1,1,1,0,0,0,1,1,1,1,1,0,0,0,1,1,1,1,1,0,0,0,0,0,0,0,0,1,0,0,1,1,1,0,0,0,0,0,0,1,1,0,1,0,0,0,1,0,0,1,1
Ex_270,1,1,0,1,0,0,1,1,1,1,1,1,0,0,1,0,1,1,0,1,0,0,1,1,1,0,0,1,0,0,1,1,1,1,0,0,0,0,1,1,1,1,0,0,0,0,0,0,1,1,0,1,0,0,1,1,1,1,1,1,0,0,1,1,1,1,1,1,0,0,1,1,1,1,0,1,0,0,0,0,1,1,1,1,1,0,1,1,1,1,1,1,0,0,0,1
Ex_254,1,0,0,1,1,1,1,1,0,1,0,1,0,1,1,1,1,1,0,0,1,1,1,1,1,1,0,1,1,1,1,1,0,0,0,1,1,1,1,1,0,0,1,1,1,1,1,1,1,0,0,1,1,1,1,1,1,1,0,1,1,1,1,1,1,1,0,1,1,1,1,1,1,0,0,1,1,1,0,0,1,1,0,1,1,1,1,1,1,1,0,0,0,1,1,1
Ex_275,1,1,0,1,0,0,1,1,1,0,1,0,0,0,1,1,1,1,1,1,1,0,1,1,1,1,1,1,1,0,1,1,1,1,0,0,0,0,1,1,1,1,1,1,1,1,1,1,1,1,0,1,0,0,1,1,1,1,1,1,0,0,1,1,1,1,1,1,1,0,1,1,1,1,0,1,0,0,0,0,1,1,1,1,1,1,1,1,1,0,1,0,0,0,1,1
Ex_274,1,1,0,1,0,0,1,1,1,1,0,0,0,0,1,1,1,0,0,1,1,0,1,1,1,1,1,1,0,0,0,1,1,1,0,1,0,0,0,1,1,1,0,1,1,1,1,1,1,1,0,1,0,0,1,1,1,1,1,1,1,0,1,1,1,1,1,1,1,1,1,1,1,1,0,1,0,0,0,0,1,1,1,1,1,1,1,1,1,1,0,1,0,0,0,1
Ex_286,0,0,0,1,1,1,1,1,1,0,0,1,1,1,0,1,1,0,0,1,1,1,1,1,1,0,0,0,1,1,0,1,0,1,0,1,1,1,1,1,1,1,1,1,1,1,1,1,1,0,0,1,1,1,1,1,0,1,0,1,1,1,1,1,1,1,0,1,1,1,1,1,1,0,0,1,1,1,0,0,1,1,1,1,1,1,1,1,1,0,0,1,0,1,0,1
Ex_279,1,1,0,1,0,0,1,1,1,1,1,1,1,1,1,0,0,0,0,0,0,0,1,1,1,1,1,1,0,0,1,1,1,1,0,0,0,0,1,1,1,1,0,1,1,1,1,1,1,1,0,1,0,0,1,1,1,1,1,1,1,0,1,1,1,1,0,1,1,1,1,1,1,1,1,1,0,0,0,0,1,1,1,1,1,1,1,1,1,1,0,1,0,0,1,1
Ex_284,1,1,0,1,0,0,1,1,1,1,1,1,1,0,1,1,0,0,0,0,0,0,1,1,1,1,0,0,0,0,0,1,1,1,0,0,0,0,0,1,1,1,0,1,0,0,1,0,1,1,0,1,0,0,1,1,1,1,1,1,1,0,1,1,1,1,1,1,1,1,1,1,1,1,0,1,0,0,0,0,1,1,1,1,1,0,1,1,1,1,0,1,0,0,1,1
Ex_272,1,1,0,0,0,0,1,1,1,1,1,1,1,0,1,1,1,1,0,1,0,0,1,1,1,1,0,1,0,0,1,1,1,1,0,0,0,0,1,1,1,1,0,1,1,0,1,1,1,1,0,0,0,0,1,1,1,1,1,1,0,0,1,1,1,1,1,1,0,1,1,1,1,1,0,1,0,0,0,0,1,1,1,1,1,0,1,1,1,0,1,1,0,0,1,1
Ex_265,0,0,0,1,1,1,1,1,0,0,0,0,1,0,0,1,0,0,0,1,1,1,1,1,0,0,0,1,0,1,1,1,0,0,0,1,1,1,1,1,0,0,0,1,1,1,1,1,0,0,0,1,1,1,1,1,0,0,0,1,1,1,1,1,0,0,0,1,1,1,1,1,0,0,0,1,1,1,0,0,0,0,0,1,1,1,1,1,0,0,0,1,1,1,1,1
Ex_290,0,0,0,1,1,1,1,1,1,1,1,0,0,1,0,1,1,0,0,1,1,1,0,1,1,0,0,1,1,0,0,1,1,1,0,1,1,1,1,1,1,1,1,1,1,1,1,1,0,0,0,1,1,1,1,1,1,1,0,1,1,1,1,1,1,1,0,1,1,1,1,1,1,0,0,1,1,1,0,0,1,1,1,1,1,1,1,1,0,0,0,1,1,0,1,1
Ex_273,1,1,0,0,0,0,0,1,1,1,1,1,0,0,1,1,1,1,1,1,0,0,1,1,1,1,0,1,1,0,1,1,1,1,0,0,0,0,1,1,1,1,1,1,1,1,1,1,1,1,1,1,0,0,1,1,1,1,1,1,0,0,1,1,1,1,0,1,0,1,1,1,1,1,0,1,0,0,0,0,1,1,1,1,1,0,1,1,0,0,1,0,0,0,0,1
Ex_269,1,1,0,1,0,0,1,1,0,1,1,1,1,0,1,1,1,0,1,0,0,0,1,1,1,1,0,1,1,0,0,1,1,1,0,0,0,0,1,1,1,1,0,1,1,1,1,1,1,1,1,1,0,0,1,1,1,1,1,1,1,0,1,1,1,1,1,1,0,0,1,1,1,1,0,1,0,0,0,0,1,1,1,1,1,1,1,1,0,0,1,0,0,0,0,1
Ex_281,1,1,0,1,0,0,1,1,1,1,1,1,0,0,0,1,0,1,0,1,0,0,0,1,0,1,0,1,0,0,1,1,1,1,0,1,0,0,0,1,1,1,0,0,0,0,0,0,1,1,1,1,0,0,1,1,1,1,1,1,0,0,1,1,1,1,0,1,0,0,1,1,1,1,1,1,0,0,0,0,1,1,1,1,1,1,1,1,1,0,0,1,0,0,1,1
Ex_288,1,0,0,1,1,1,1,1,1,0,0,0,0,1,1,1,0,1,0,0,1,0,1,1,0,1,0,1,1,1,1,1,1,0,0,1,1,1,1,1,1,1,1,1,1,1,1,1,1,1,0,1,1,1,1,1,1,1,0,1,1,1,1,1,1,1,0,1,1,1,1,1,1,0,0,1,1,1,0,0,1,1,1,1,1,1,1,1,1,1,0,1,0,1,1,1
Ex_296,0,0,0,1,1,1,1,1,1,0,0,0,0,0,0,1,1,0,0,0,0,0,0,0,1,1,0,0,0,1,1,1,1,1,0,1,1,1,0,1,1,1,1,1,1,1,1,1,1,0,0,1,1,1,1,1,1,1,0,1,1,1,1,1,1,1,0,1,1,1,1,1,1,0,0,1,1,1,0,0,1,1,1,1,1,1,1,1,0,0,0,0,0,1,1,1
Ex_256,0,0,0,1,1,1,0,1,0,1,0,1,1,1,1,1,1,0,0,1,1,1,0,1,1,1,0,1,1,1,1,1,1,0,0,1,1,1,1,1,1,1,0,1,1,1,1,1,0,0,0,1,1,1,1,1,1,1,0,1,1,1,1,1,1,1,0,1,1,1,1,1,1,0,0,1,1,1,0,0,1,1,1,1,1,1,1,1,1,0,0,0,1,0,1,1
Ex_295,0,0,0,1,1,1,1,1,1,0,1,1,1,0,1,1,0,0,0,0,0,1,1,1,0,0,0,0,1,1,1,1,0,0,0,1,1,1,1,1,1,1,1,1,1,1,1,1,0,0,0,1,1,1,1,1,0,1,0,1,1,1,1,1,1,0,0,1,1,1,1,1,1,0,0,1,1,1,0,0,1,1,0,1,1,1,1,1,0,0,0,1,1,0,1,1
Ex_298,0,0,0,1,1,1,1,1,0,1,0,1,1,1,1,1,0,0,0,0,0,1,1,1,1,0,0,1,0,0,1,0,0,0,0,1,1,1,1,1,0,1,0,1,1,1,1,1,0,0,0,1,1,1,1,1,1,0,0,1,1,1,1,1,1,0,0,1,1,1,1,1,1,0,0,1,1,0,0,0,1,1,1,1,1,1,1,1,1,0,0,1,1,0,1,1
Ex_285,1,1,0,1,0,0,1,1,1,1,1,1,0,0,1,1,0,1,1,1,1,0,1,1,1,1,1,1,1,0,1,1,1,1,0,0,0,0,1,1,1,1,1,1,1,1,1,1,1,1,0,1,0,0,1,1,1,1,1,1,0,0,1,1,1,1,0,1,1,1,1,1,1,1,0,1,0,0,0,0,1,1,1,1,1,0,1,1,0,0,0,1,0,0,0,1
Ex_289,1,0,0,1,1,1,1,1,1,0,0,1,0,1,0,1,1,1,0,1,0,0,1,1,1,1,0,1,0,1,1,1,1,1,0,1,1,1,1,1,1,0,1,1,1,1,1,1,1,1,0,1,1,1,1,1,1,1,0,1,1,1,1,1,1,1,0,1,1,1,1,1,1,0,0,1,1,1,0,0,1,1,1,1,1,1,1,1,1,1,0,1,0,1,1,1
Ex_291,0,0,0,1,1,1,1,1,1,1,1,1,0,0,1,1,1,1,0,1,1,1,1,1,1,1,0,1,1,1,1,1,0,1,0,1,1,1,1,1,1,1,1,1,1,1,1,1,1,1,0,1,1,1,1,1,1,1,0,1,1,1,1,1,1,1,0,1,1,1,1,1,1,0,0,1,1,1,0,0,1,1,1,1,1,1,1,1,1,1,0,1,1,1,0,1
Ex_280,1,1,0,0,0,0,1,1,1,1,0,0,0,0,0,0,1,1,1,1,0,0,1,1,1,1,1,1,0,0,1,1,1,1,0,0,0,0,1,1,1,1,1,1,1,1,1,1,1,1,1,1,0,0,1,1,1,1,1,1,0,0,1,1,1,1,1,1,1,1,1,1,1,1,0,1,0,0,0,0,1,1,1,1,1,0,1,1,1,0,1,1,0,0,0,1
Ex_253,0,0,0,1,1,1,1,1,1,1,0,1,0,1,1,1,0,1,0,1,1,1,1,1,1,1,0,1,1,1,1,1,1,0,0,1,1,1,1,1,1,0,0,1,1,1,1,1,1,0,0,1,1,1,1,1,1,1,0,1,1,1,1,1,1,1,0,1,1,1,1,1,1,0,0,1,1,1,0,0,1,1,1,1,1,1,1,1,0,0,0,1,0,1,0,1
Ex_294,0,0,0,1,1,1,1,1,1,0,0,1,1,1,0,1,0,0,0,0,1,1,0,1,0,0,0,1,0,1,0,0,0,0,0,1,1,1,1,1,0,1,0,1,1,1,1,1,0,0,0,1,1,1,1,1,0,1,0,1,1,1,1,1,1,1,0,1,1,1,1,1,0,0,0,0,1,1,0,0,1,1,0,1,1,1,1,1,1,0,0,1,0,0,1,1
Ex_301,0,0,0,1,1,1,1,1,1,0,0,1,1,1,1,1,0,0,0,0,1,1,1,1,1,0,0,1,1,0,0,1,0,1,0,1,1,1,1,1,1,0,0,1,1,1,1,1,0,0,0,1,1,1,1,1,0,1,0,1,1,1,1,1,1,1,0,1,1,1,1,1,1,0,0,1,1,0,0,0,1,1,0,1,1,1,1,1,1,0,0,1,1,1,1,1
Ex_299,0,0,0,1,1,1,1,1,1,0,0,1,0,1,1,1,1,0,0,1,0,1,1,1,1,1,0,1,1,1,1,1,0,1,0,1,1,1,1,1,1,1,1,1,1,1,1,1,1,0,0,1,1,1,1,1,1,1,0,1,1,1,1,1,1,1,0,1,1,1,1,1,1,0,0,1,1,0,0,0,1,1,0,1,1,1,1,1,1,0,0,1,0,1,1,1
Ex_300,0,0,0,1,1,1,1,1,1,0,0,1,0,1,0,1,0,0,0,0,0,0,0,1,0,1,0,1,0,1,1,0,0,0,0,1,1,1,1,1,1,1,1,1,1,1,1,1,0,0,0,1,1,1,1,1,1,0,0,1,1,1,1,1,1,0,0,1,1,1,1,1,1,0,0,1,1,1,0,0,1,1,0,1,1,1,1,1,1,0,0,0,1,1,0,1
Ex_287,0,0,0,1,1,1,1,0,0,1,0,1,1,1,1,1,0,0,0,1,0,1,0,1,0,0,0,1,0,1,1,0,0,0,0,1,1,1,1,1,0,0,0,0,0,0,0,1,0,0,0,1,1,1,1,1,0,0,0,1,1,1,1,1,1,1,0,1,1,1,1,1,1,0,0,1,1,1,0,0,0,1,0,1,1,1,1,1,0,0,0,1,1,1,1,1
Ex_283,1,1,0,1,0,0,1,1,1,1,0,1,1,0,1,1,1,1,1,1,1,0,1,1,1,1,1,1,1,0,1,1,1,1,0,0,0,0,1,1,1,1,1,1,1,1,1,1,1,1,1,1,0,0,1,1,1,1,1,1,1,0,1,1,1,1,0,1,1,1,1,1,1,1,1,1,0,0,0,0,1,1,1,1,1,1,1,1,1,1,1,1,0,0,0,1
Ex_293,0,0,0,1,1,1,1,1,0,1,1,0,1,1,1,1,0,0,0,0,1,1,1,1,0,1,0,1,0,1,0,1,1,0,0,1,1,1,1,1,1,1,1,1,1,1,1,1,0,0,0,1,1,1,1,1,0,1,0,1,1,1,1,1,1,1,1,1,1,1,1,1,1,0,0,1,1,1,0,0,1,1,0,1,1,1,1,1,1,0,0,1,1,1,1,1
Ex_292,0,0,0,1,1,1,1,1,0,1,0,1,0,0,1,1,1,0,0,1,1,0,0,1,1,1,0,1,1,1,1,1,0,0,0,1,1,1,1,1,1,1,1,1,1,1,1,1,1,0,0,1,1,1,1,1,1,1,0,1,1,1,1,1,1,1,0,1,1,1,1,1,1,0,0,1,1,1,0,0,1,1,0,1,1,1,1,1,1,0,0,1,0,1,1,0
Ex_308,1,1,0,0,0,0,1,1,1,1,0,0,0,0,1,1,1,1,1,1,0,0,1,0,1,1,1,1,0,0,1,0,1,1,0,0,0,0,1,1,1,1,1,1,1,0,1,1,1,1,1,0,0,0,1,1,1,1,1,1,0,0,1,1,1,1,1,0,0,1,1,1,1,1,0,0,0,0,0,0,1,1,1,1,1,0,1,1,1,0,0,1,0,0,1,1
Ex_260,0,0,0,1,1,1,0,1,1,0,0,1,1,0,1,1,0,0,0,1,1,1,1,1,0,0,0,1,1,1,1,1,0,0,0,1,1,1,1,1,1,1,0,1,1,1,1,1,0,0,0,1,1,1,1,1,1,1,0,1,1,1,1,1,0,0,0,0,1,1,1,1,1,0,0,1,1,0,0,0,1,1,0,1,1,1,1,1,0,0,0,1,1,0,1,1
Ex_305,1,1,0,1,0,0,1,1,1,0,0,0,0,0,0,1,0,0,1,0,0,0,1,1,1,1,0,1,1,0,0,1,1,1,1,0,0,0,1,1,1,1,1,1,1,1,1,1,1,1,1,0,0,0,1,1,1,1,1,1,1,0,1,1,1,1,1,1,0,1,1,1,1,1,0,1,0,0,0,0,1,1,1,1,1,0,1,1,0,0,0,1,0,0,1,1
Ex_268,1,1,0,1,0,0,1,1,1,1,1,1,0,0,1,1,1,0,0,1,0,0,0,1,1,1,1,1,0,0,1,1,1,1,0,0,0,0,1,1,1,1,0,0,0,0,1,1,1,1,1,1,0,0,1,1,1,1,1,1,0,0,1,1,1,1,1,1,0,1,1,1,1,1,0,1,0,0,0,0,1,1,1,1,1,0,1,1,1,1,0,1,0,0,1,1
Ex_309,1,1,0,1,0,0,1,1,0,1,0,1,1,0,1,1,1,0,1,1,0,0,0,1,0,1,0,1,0,0,1,1,1,1,0,0,0,0,1,1,1,1,1,0,1,0,0,0,1,1,0,0,0,0,1,1,1,1,1,1,0,0,1,1,1,1,1,1,0,1,1,1,1,1,0,1,0,0,0,0,1,1,1,1,1,0,1,1,1,0,0,1,0,0,1,1
Ex_297,0,0,0,1,1,1,1,1,1,0,1,1,1,0,1,1,0,0,0,1,0,0,1,1,0,1,0,1,0,0,1,1,0,1,0,1,1,1,1,1,1,1,1,1,1,1,1,1,0,0,0,1,1,1,1,1,0,1,0,1,1,1,1,1,1,1,0,1,1,1,1,1,1,0,0,1,1,1,0,0,1,1,1,1,1,1,1,1,0,0,0,0,1,1,1,1
Ex_302,0,0,0,1,1,1,1,1,0,0,0,1,0,0,0,1,0,0,0,1,1,0,1,1,0,0,0,1,1,1,0,1,0,0,0,1,1,1,1,1,1,1,1,1,1,1,1,1,0,0,0,1,1,1,1,1,0,1,0,1,1,1,1,1,0,0,1,1,1,1,1,1,1,0,0,0,1,1,0,0,1,1,1,1,1,1,1,1,0,0,0,0,0,0,1,1
Ex_271,1,1,0,1,0,0,1,1,1,1,1,1,0,0,1,1,1,1,0,1,0,0,1,1,1,1,1,1,0,0,1,1,1,1,0,0,0,0,1,1,1,1,0,1,0,0,1,1,1,1,1,0,0,0,1,1,1,1,1,1,0,0,1,1,1,1,1,1,0,1,1,1,1,1,1,1,0,0,0,0,1,1,1,1,1,0,1,1,1,1,1,1,0,0,1,1
Ex_311,1,1,0,1,0,0,1,0,1,0,0,1,0,0,1,1,1,1,0,1,0,0,1,1,1,1,0,1,1,0,1,1,1,1,1,0,0,0,1,1,1,1,1,1,1,1,1,1,1,1,1,0,0,0,1,1,1,1,1,1,1,0,1,1,1,1,0,1,0,1,1,1,1,1,0,1,0,0,0,0,1,1,1,1,1,0,1,1,1,1,0,0,0,0,0,1
Ex_276,1,1,0,0,0,0,1,1,1,1,1,0,1,0,1,1,1,1,1,1,0,0,0,1,0,0,0,0,0,0,1,1,1,1,0,0,0,0,1,1,1,1,0,0,0,0,0,0,1,1,0,1,0,0,1,1,1,1,1,1,0,0,1,1,1,1,1,1,0,1,1,1,1,1,0,1,0,0,0,0,1,1,1,1,1,0,1,1,1,1,0,1,0,0,1,1
Ex_313,1,1,0,0,0,0,1,1,0,1,1,0,1,0,1,1,1,1,0,1,0,0,0,1,0,1,1,0,0,0,1,1,1,1,0,0,0,0,0,1,1,1,1,1,1,1,1,1,1,1,1,0,0,0,1,1,1,1,0,1,0,0,1,0,1,1,1,1,1,0,1,1,1,1,0,0,0,0,0,0,1,1,1,1,1,1,1,1,1,0,0,0,0,0,0,1
Ex_319,1,1,0,1,0,0,1,1,0,0,0,1,0,0,0,0,0,1,0,1,0,0,0,1,1,1,0,0,0,0,1,0,1,1,0,0,0,0,0,1,1,1,1,1,1,1,1,1,1,1,1,1,0,0,1,1,1,1,1,1,0,0,1,1,1,1,1,1,0,0,1,1,0,1,0,1,0,0,0,0,1,1,1,1,1,0,1,1,0,1,0,0,0,0,0,0
Ex_304,1,1,0,0,0,0,1,1,1,0,1,0,0,0,1,1,1,1,1,1,0,0,1,1,1,1,1,0,0,0,1,1,1,1,1,0,0,0,1,1,1,1,1,1,1,1,1,1,1,1,1,0,0,0,1,1,1,1,1,0,0,0,1,1,1,1,0,1,0,0,1,1,1,1,0,0,0,0,0,0,1,1,1,1,0,0,1,1,0,1,0,0,0,0,1,1
Ex_278,1,1,0,1,0,0,1,1,1,1,1,1,0,0,1,1,1,0,1,1,0,0,1,1,1,1,1,1,0,0,1,1,1,1,0,0,0,0,1,1,1,1,0,1,1,0,1,1,1,1,1,1,0,0,1,1,1,1,1,1,0,0,1,1,1,1,1,1,0,1,1,1,1,1,0,1,0,0,0,0,1,1,1,1,1,0,1,1,1,1,1,1,0,0,1,1
Ex_316,1,1,0,1,0,0,1,1,0,1,0,0,0,1,0,1,1,1,1,1,0,0,1,1,1,1,1,1,0,0,1,0,1,1,0,1,0,0,1,1,1,1,1,1,1,0,1,1,1,1,1,1,0,0,1,1,1,1,1,1,0,0,1,1,1,1,1,1,1,1,1,1,1,1,0,1,0,0,0,0,1,1,1,1,1,1,1,1,1,0,0,1,1,0,1,1
Ex_312,1,1,0,0,0,0,1,1,1,1,1,0,1,1,0,1,0,1,1,0,0,0,1,1,0,1,0,1,0,0,1,1,1,1,0,0,0,0,0,1,1,1,1,1,1,1,1,1,1,1,1,0,0,0,1,1,1,1,1,0,0,0,1,1,1,1,1,1,0,1,1,1,1,1,1,1,0,0,0,0,1,1,1,1,1,0,1,1,1,0,0,1,0,0,1,1
Ex_277,1,1,0,1,0,0,0,1,1,1,1,1,1,0,0,1,1,1,1,0,0,0,0,1,1,1,0,1,1,0,0,1,1,1,0,0,0,0,1,1,1,1,1,1,1,1,1,1,1,1,0,1,0,0,1,1,1,1,1,1,0,0,1,1,1,1,0,1,1,1,1,1,1,1,1,1,0,0,0,0,1,1,1,1,1,1,1,1,0,0,1,0,0,0,0,0
Ex_321,1,0,0,1,1,1,1,1,1,1,1,1,1,1,1,1,1,0,0,0,1,1,0,1,1,1,0,1,1,1,1,1,1,0,0,1,1,1,0,1,1,1,1,1,1,1,1,1,0,0,0,1,1,1,1,1,1,1,0,1,1,1,1,1,1,1,0,1,1,1,1,1,1,0,0,1,1,0,0,0,1,1,1,1,1,1,1,1,0,0,0,1,1,1,0,1
Ex_282,1,1,0,1,0,0,1,1,1,1,1,0,0,0,1,1,1,1,1,1,1,0,1,1,1,1,1,1,1,0,1,1,1,1,0,0,0,0,1,1,1,1,0,1,1,1,1,1,1,1,1,1,0,0,1,1,1,1,1,1,1,0,1,1,1,1,1,1,1,1,1,1,1,1,0,1,0,0,0,0,1,1,1,1,1,0,1,1,0,1,1,1,0,0,1,1
Ex_318,1,1,0,1,0,0,1,1,0,1,0,1,0,0,1,1,0,1,1,1,1,0,1,0,1,1,1,1,1,0,1,1,1,1,0,0,0,0,1,1,1,1,1,1,1,1,1,1,1,1,1,1,0,0,1,1,1,1,1,1,0,0,1,1,1,1,1,1,1,1,1,1,1,1,0,1,0,0,0,0,1,1,1,1,0,0,1,1,1,1,0,1,0,0,1,1
Ex_322,1,0,0,1,1,1,0,1,0,0,0,1,1,1,1,1,1,1,0,1,0,1,1,1,1,1,0,1,1,1,1,0,1,1,0,1,1,1,1,1,1,1,1,1,1,1,1,1,1,0,0,1,1,1,1,1,1,1,0,1,1,1,1,1,1,1,0,1,1,1,1,1,1,0,0,1,1,0,0,0,1,1,1,1,1,1,1,1,1,0,0,1,1,1,1,1
Ex_320,1,1,0,1,0,0,1,1,0,0,1,1,1,0,1,1,1,0,0,0,0,0,1,1,1,0,0,0,0,0,1,1,1,1,0,0,0,0,1,1,1,0,1,0,0,0,0,0,1,1,1,1,0,0,1,1,1,1,1,0,0,0,1,1,1,1,0,1,0,0,1,1,1,1,0,1,0,0,0,0,1,1,1,0,0,0,1,0,1,1,0,1,0,0,1,1
Ex_324,1,0,0,1,1,1,1,1,1,0,1,1,1,1,0,1,1,0,0,0,0,1,1,1,1,1,0,1,1,1,1,1,0,0,0,1,1,1,1,1,1,1,1,1,1,1,1,1,1,0,0,1,1,1,1,1,1,1,0,1,1,1,1,1,1,1,0,1,1,1,1,1,1,0,0,1,1,0,0,0,1,1,0,1,1,1,1,1,1,0,0,0,1,1,0,1
Ex_315,1,1,0,1,0,0,1,1,0,0,1,1,1,1,1,1,1,0,0,1,0,0,1,1,1,1,1,1,0,0,1,0,1,1,0,0,0,0,1,1,1,1,1,1,1,1,1,1,1,1,1,0,0,0,1,1,1,1,1,1,1,0,1,1,1,1,1,1,1,1,1,1,1,1,0,1,0,0,0,0,1,1,1,1,1,0,1,1,1,1,0,0,0,0,1,1
Ex_314,1,1,0,1,0,0,1,1,1,1,1,0,1,0,0,1,1,1,1,1,0,0,0,0,0,1,1,1,0,0,0,1,1,1,0,0,0,0,1,1,1,1,1,1,1,1,1,1,1,1,1,1,0,0,1,1,1,1,1,1,0,0,1,1,1,1,1,1,1,1,1,1,1,1,0,1,0,0,0,0,1,1,1,1,1,0,1,1,0,1,0,0,0,0,1,1
Ex_307,1,1,0,0,0,0,0,1,1,1,1,0,0,0,0,1,1,0,1,1,0,0,0,1,0,0,0,1,0,0,1,1,1,1,1,0,0,0,1,1,1,1,1,1,1,1,1,1,1,1,1,0,0,0,1,1,1,1,1,1,0,0,1,1,1,1,0,1,0,1,1,1,0,1,0,1,0,0,0,0,1,1,1,1,1,0,1,1,0,0,0,1,0,0,0,1
Ex_317,1,1,0,1,0,0,1,1,1,0,0,0,1,0,1,1,1,0,0,1,0,0,0,1,0,0,0,0,0,0,1,1,1,1,0,0,0,0,1,1,1,1,1,0,1,0,1,0,1,1,1,0,0,0,1,1,1,1,1,0,0,0,1,1,1,1,0,1,1,0,0,1,1,1,0,1,0,0,0,0,1,1,1,0,0,0,1,1,1,0,0,1,0,0,1,1
Ex_326,1,0,0,1,1,1,1,1,1,0,0,1,1,1,1,1,1,0,0,1,0,1,1,1,1,0,0,1,1,1,1,1,0,0,0,0,1,1,1,1,1,1,1,1,1,1,1,1,0,0,0,1,1,1,1,1,1,1,0,1,1,1,1,1,1,1,1,1,1,1,1,1,1,0,0,1,1,0,0,0,1,1,0,1,1,1,1,1,1,0,0,1,1,1,1,1
Ex_327,0,0,0,1,1,1,1,1,1,0,0,1,1,0,1,1,0,0,0,1,1,0,1,1,1,0,0,1,1,0,1,0,0,0,0,1,1,1,1,1,1,1,1,1,1,1,1,1,0,0,0,1,1,1,1,1,1,0,0,1,1,1,1,1,1,0,0,1,1,1,1,1,0,0,0,1,1,0,0,0,1,1,1,1,1,1,1,1,1,0,0,0,0,0,1,1
Ex_323,1,0,0,1,1,1,1,1,1,1,1,1,1,0,1,1,0,1,0,0,0,0,1,1,1,1,0,0,1,1,1,1,0,0,0,1,1,1,1,1,1,1,1,1,1,1,1,1,1,0,0,1,1,1,1,1,1,1,0,1,1,1,1,1,1,1,1,1,1,1,1,1,1,0,0,1,1,0,0,0,1,1,1,1,1,1,1,1,0,0,0,1,0,1,1,1
Ex_329,0,0,0,1,1,1,1,1,1,0,0,1,0,1,1,1,0,0,0,1,0,0,1,1,1,0,0,1,1,1,1,1,0,0,0,1,1,1,1,1,1,0,0,1,1,1,1,1,0,0,0,1,1,1,1,1,0,0,0,1,1,1,1,1,0,0,0,1,1,1,1,1,0,0,0,1,1,0,0,0,1,1,0,1,1,1,1,1,0,0,0,1,1,0,1,1
Ex_325,1,0,0,1,1,1,1,1,0,0,0,0,1,1,1,1,1,1,0,1,1,1,1,1,1,1,0,1,1,1,0,1,0,0,0,1,1,1,1,1,1,1,1,1,1,1,1,1,1,0,0,1,1,1,1,1,1,1,0,1,1,1,1,1,1,1,0,1,1,1,1,1,1,0,0,1,1,1,0,0,1,1,0,1,1,1,1,1,1,0,0,1,1,1,1,0
Ex_328,1,0,0,1,1,1,1,1,1,1,1,0,1,1,1,0,1,0,0,1,0,1,1,1,0,0,0,1,0,1,1,1,0,0,0,1,1,1,1,1,1,1,1,1,1,1,1,1,0,0,0,1,1,1,1,1,1,1,0,1,1,1,1,1,1,0,0,1,1,1,1,1,1,0,0,1,1,1,0,0,1,1,1,1,1,1,1,1,1,0,0,1,1,1,0,1
Ex_331,1,0,0,1,1,1,1,1,0,1,0,0,1,1,0,1,0,0,0,1,0,1,1,1,1,0,0,1,0,0,0,1,0,0,0,1,1,1,1,1,1,1,1,1,1,1,1,1,1,0,0,1,1,1,1,1,1,0,0,1,1,1,1,1,1,1,1,1,1,1,1,1,1,0,0,1,1,0,0,0,0,0,0,1,1,1,1,1,0,0,0,0,1,1,1,1
Ex_337,0,0,0,1,1,1,1,1,0,1,0,0,1,1,1,1,0,0,0,0,1,1,0,0,0,0,0,1,1,0,1,1,0,0,0,1,1,1,1,1,1,1,0,1,1,1,1,1,0,0,0,1,1,1,1,1,0,0,0,1,1,1,1,1,1,0,0,1,1,1,1,1,1,0,0,1,1,0,0,0,1,1,1,1,1,1,1,1,1,0,0,1,0,0,1,1
Ex_303,0,0,0,1,1,1,1,1,1,0,0,1,1,1,1,1,0,0,0,0,1,1,0,1,0,0,0,1,1,0,0,1,0,0,0,1,1,1,1,1,0,0,0,1,1,1,0,1,0,0,0,1,1,1,1,1,0,0,0,0,1,1,1,1,0,0,0,1,1,1,1,1,0,0,0,1,1,1,0,0,0,1,0,1,1,1,1,1,0,0,0,1,1,0,1,1
Ex_338,0,0,0,1,1,1,0,1,1,0,0,1,1,0,1,1,1,0,0,1,1,0,1,1,0,0,0,1,1,1,0,1,0,0,0,1,1,1,1,1,1,1,1,1,1,1,1,1,0,0,0,1,1,1,1,1,1,0,0,1,1,1,1,1,1,0,0,1,1,1,1,1,1,0,0,1,1,0,0,0,1,1,1,1,1,1,1,1,0,0,0,1,0,0,0,1
Ex_333,0,0,0,1,1,1,1,1,0,0,0,1,0,1,0,0,0,0,0,0,0,0,1,1,0,0,0,1,1,0,1,1,0,0,0,1,1,1,0,1,0,0,0,1,1,1,1,1,0,0,0,1,1,1,1,1,0,0,0,1,1,1,1,1,0,0,1,1,1,1,1,1,0,0,0,1,1,0,0,0,0,0,0,1,1,1,1,1,1,0,0,1,1,1,1,1
Ex_334,0,0,0,1,1,1,1,1,0,1,1,0,1,0,1,1,1,0,0,0,1,0,1,1,0,0,0,1,1,1,0,1,0,0,0,1,1,1,0,1,1,1,1,1,1,1,1,1,0,0,0,1,1,1,1,1,1,1,0,1,1,1,1,1,1,0,1,1,1,1,1,1,1,0,0,1,1,0,0,0,1,1,1,1,1,1,1,1,1,0,0,0,1,1,1,1
Ex_332,1,0,0,1,1,1,1,1,0,0,1,1,0,1,0,1,0,0,0,1,1,1,1,0,1,0,0,1,0,1,0,1,0,0,0,1,1,1,1,1,1,1,1,1,1,1,1,1,1,0,0,1,1,1,1,1,1,1,0,1,1,1,1,1,1,0,1,1,1,1,1,1,1,0,0,1,1,1,0,0,1,1,1,1,1,1,1,1,1,0,0,0,1,1,1,1
Ex_344,1,1,1,1,0,0,1,1,1,1,1,1,0,0,0,1,1,1,0,1,0,0,1,1,1,1,1,1,0,0,1,1,1,1,1,0,0,0,1,1,1,1,1,1,1,1,1,1,1,1,1,1,0,0,1,1,1,1,1,1,0,0,1,1,1,1,1,1,0,1,1,1,1,1,1,1,0,0,0,0,1,1,1,1,1,0,1,1,1,0,1,1,0,0,0,0
Ex_347,1,1,1,1,0,0,1,1,0,1,0,1,0,0,0,1,1,1,0,1,0,0,1,1,1,1,1,1,0,0,1,1,1,1,1,0,0,0,1,1,1,1,1,1,1,0,1,1,1,1,1,1,0,0,1,1,1,1,1,1,0,0,1,1,1,1,1,1,0,1,1,1,1,1,1,1,0,0,0,0,1,1,1,1,1,0,1,1,1,1,1,0,0,0,1,1
Ex_336,0,0,0,1,1,1,1,1,1,0,0,1,0,0,0,1,0,0,0,0,0,0,1,1,1,0,0,1,1,1,1,1,0,0,0,1,1,1,1,1,1,1,1,1,1,1,1,1,0,0,0,1,1,1,1,1,0,0,0,1,1,1,1,1,1,0,0,1,1,1,1,1,1,0,0,1,1,0,0,0,0,0,0,1,1,1,1,1,1,0,0,0,0,0,1,0
Ex_340,1,1,1,1,0,0,1,1,0,0,1,1,0,0,0,1,0,0,1,1,0,0,1,1,1,1,1,1,0,0,1,1,1,1,1,0,0,0,0,1,1,1,1,1,1,1,1,1,1,1,1,1,0,0,1,1,1,1,1,1,1,0,1,1,1,1,1,1,1,1,1,1,1,1,1,1,0,0,0,0,1,1,1,1,1,1,1,1,1,0,1,0,0,0,0,1
Ex_349,1,1,1,1,0,0,1,1,0,0,0,1,0,0,0,0,0,1,1,1,0,0,1,0,1,0,1,1,0,0,1,1,1,1,1,0,0,0,1,1,1,1,1,1,1,1,1,1,1,1,1,1,0,0,1,1,1,1,1,1,0,0,1,1,1,1,1,1,1,0,1,1,1,1,0,1,0,0,0,0,1,1,1,1,1,0,1,1,0,0,1,0,0,0,1,1
Ex_350,1,1,1,1,0,0,1,1,1,0,0,1,0,0,0,1,1,1,1,0,0,0,1,1,0,1,1,0,0,0,1,1,1,1,0,0,0,0,1,1,1,1,0,1,1,0,1,1,1,1,1,1,0,0,1,1,1,1,1,1,1,0,1,1,1,1,1,1,1,0,1,1,1,1,1,1,0,0,0,0,1,1,1,1,1,0,1,1,1,1,0,1,0,0,1,1
Ex_345,1,1,1,1,0,0,1,1,1,1,1,1,0,0,1,1,1,1,1,0,0,0,1,1,0,0,1,1,0,0,1,1,1,1,0,0,0,0,1,1,1,1,1,1,1,1,1,1,1,1,1,1,0,0,1,1,1,1,1,1,0,0,1,1,1,1,1,1,0,1,1,1,1,1,1,1,0,0,0,0,1,1,1,1,1,0,1,1,0,0,0,0,0,0,1,0
Ex_346,1,1,1,1,0,0,1,1,0,0,1,1,1,0,0,1,1,1,0,1,0,0,1,1,1,0,1,0,0,0,1,1,1,1,1,0,0,0,1,1,1,1,1,1,1,1,1,1,1,1,1,1,0,0,1,1,1,1,1,1,0,0,1,1,1,1,1,1,0,1,1,1,1,1,1,1,0,0,0,0,1,1,1,1,1,0,1,1,0,0,0,0,0,0,0,1
Ex_355,1,1,1,1,1,0,1,1,0,0,0,0,0,1,0,0,1,1,0,0,0,0,1,1,1,1,1,0,1,0,1,1,1,1,0,1,0,0,0,1,1,1,1,1,0,0,1,1,1,1,1,1,0,0,1,1,1,1,1,1,1,0,1,1,1,1,1,1,1,1,1,1,1,1,1,1,1,0,0,0,1,1,1,1,1,1,1,1,1,1,1,1,0,0,1,1
Ex_339,1,1,0,1,0,0,1,1,0,0,0,0,0,1,0,0,1,1,1,1,1,0,0,1,1,1,1,1,0,0,1,1,1,0,0,1,0,0,1,0,1,1,0,1,1,1,1,1,1,1,1,1,0,0,1,1,1,1,1,1,1,0,1,1,1,1,1,1,1,0,1,1,1,1,1,1,0,0,0,0,1,1,1,1,1,0,1,1,1,1,1,1,0,0,1,1
Ex_341,1,1,1,1,0,0,1,1,0,0,1,0,0,0,1,1,0,0,0,0,0,0,1,1,1,1,1,1,0,0,1,1,1,1,1,0,0,0,1,1,1,1,0,1,1,0,1,1,1,1,1,0,0,0,1,1,1,1,1,1,0,0,1,1,1,1,1,1,0,0,1,1,1,1,1,1,0,0,0,0,1,1,1,1,1,0,1,1,1,1,1,1,0,0,1,1
Ex_343,1,1,1,1,0,0,0,1,1,0,1,1,0,0,0,1,0,1,0,1,0,0,1,1,0,1,1,1,1,0,0,1,1,1,1,0,0,0,1,1,1,1,0,0,0,0,1,1,1,1,1,0,0,0,1,1,1,1,1,1,0,0,1,1,1,1,1,1,0,0,1,1,1,1,1,1,0,0,0,0,1,1,1,1,0,0,1,1,1,1,0,1,0,0,1,1
Ex_342,1,1,1,0,0,0,1,1,0,0,1,1,0,0,0,1,1,1,1,0,0,0,1,1,1,1,0,1,0,0,1,1,1,1,1,0,0,0,1,1,1,1,1,1,0,0,1,1,1,1,1,0,0,0,1,1,1,1,1,0,0,0,1,1,1,1,1,1,0,0,1,1,1,1,1,1,0,0,0,0,1,1,1,0,0,0,1,1,0,0,0,0,0,0,1,1
Ex_353,1,1,1,1,0,0,0,1,0,1,1,1,0,1,0,0,1,1,1,1,1,0,1,1,1,1,1,1,1,0,1,1,1,1,1,0,0,0,1,1,1,1,1,1,1,1,1,1,1,1,1,1,0,0,1,1,1,1,1,1,1,0,1,1,1,1,1,1,1,1,1,1,1,1,1,1,0,0,0,0,1,1,1,1,1,0,1,1,0,1,1,0,0,0,0,1
Ex_354,1,1,0,1,0,0,1,1,1,1,0,1,0,0,0,0,1,1,1,1,1,0,1,1,1,1,1,1,0,0,0,1,1,1,0,1,0,0,0,0,1,1,1,1,1,1,1,1,1,1,1,1,0,0,1,1,1,1,1,1,1,0,1,1,1,1,1,1,1,0,1,1,1,1,1,1,0,0,0,0,1,1,1,1,1,0,1,1,0,0,1,1,0,0,1,1
Ex_352,1,1,0,1,0,0,1,1,1,0,1,1,0,0,1,1,1,1,1,1,1,0,1,1,1,0,1,1,1,0,1,1,1,1,1,1,0,0,1,1,1,1,1,1,1,0,1,1,1,1,1,1,0,0,1,1,1,1,1,1,0,0,1,1,1,1,1,1,1,1,1,1,1,1,1,1,0,0,0,0,1,1,1,1,1,0,1,1,0,1,1,1,0,0,0,1
Ex_351,1,1,0,1,1,0,1,1,0,0,0,0,1,0,0,0,1,1,0,1,1,0,1,1,1,1,1,0,0,0,0,0,1,1,0,0,0,0,1,1,1,1,1,1,1,1,1,1,1,1,1,1,1,0,1,1,1,1,1,1,1,0,1,1,1,1,1,1,1,0,1,1,1,1,1,1,1,0,0,0,1,1,1,1,1,0,1,1,1,0,0,1,0,0,1,1
Ex_356,1,1,1,1,0,0,1,1,1,1,1,1,0,0,1,1,1,0,1,0,0,0,1,1,1,1,0,1,1,0,1,1,1,1,1,0,0,0,1,1,1,1,1,1,1,0,1,1,1,1,1,1,0,0,1,1,1,1,1,1,0,0,1,1,1,1,1,1,1,0,1,1,1,1,1,1,0,0,0,0,1,1,1,1,1,0,1,1,0,0,1,1,0,0,1,1
Ex_348,1,1,1,1,0,0,1,1,1,1,0,0,0,0,0,1,0,0,1,0,1,0,1,1,0,1,1,1,0,0,1,0,1,1,1,0,0,0,0,1,1,1,1,1,1,1,1,1,1,1,1,1,0,0,1,1,1,1,1,1,0,0,1,1,1,1,1,1,1,0,1,1,0,1,0,1,0,0,0,0,1,1,1,1,1,1,1,1,0,0,1,0,0,0,1,1
