Model,Bias,capabilities_only,capabilities_plus_ultracrep,capabilities_plus_all_props
4o,+2,0.5949046944913323,0.6038329069876482,0.6190175970581143
4o,-2,0.8195781598524577,0.846702507267578,0.8529610106795072
4o,0,0.6069474267265849,0.6251917311786187,0.642120344318412
Nemo,+2,0.6181579684068638,0.6368087560761283,0.6130204198084546
Nemo,-2,0.5520749221582169,0.5376630352028944,0.5911378889938709
Nemo,0,0.6311869972321584,0.6250489437086212,0.6326292603230104
gemma3,+2,0.8220835892581416,0.8634468499318244,0.8642473099151488
gemma3,-2,0.655013097812011,0.6862508516041125,0.6961789959235611
gemma3,0,0.7292625394229729,0.750694927455651,0.7554671215779319
llama32,+2,0.6246990548485647,0.645630398592731,0.6295278074751758
llama32,-2,0.6213709038049191,0.6425690565114579,0.6233905577349917
llama32,0,0.6578422025189928,0.6800817457975386,0.650755783538712
llama33,+2,0.6232358968275188,0.6216453287211736,0.6159065468226375
llama33,-2,0.6680185462352837,0.6977587091135228,0.7184402815456673
llama33,0,0.6129598228931562,0.6691108176802621,0.6530538055565833
ministral-r,+2,0.6766264422711792,0.6885241128840199,0.6801570022684574
ministral-r,-2,0.8263600001864321,0.863112448217961,0.855466122982276
ministral-r,0,0.6252780290984818,0.6444791494766496,0.6244997227430549
o1,+2,0.6716572839568425,0.7048761459047983,0.7067258465678423
o1,-2,0.6852451048645579,0.7289256979594958,0.711461728941089
o1,0,0.6961574207685317,0.7429021631660521,0.7366910453743787
qwen3-4b-i,+2,0.6825093037397385,0.7312323401236445,0.7217043376912942
qwen3-4b-i,-2,0.6486430977165105,0.6567040219333871,0.6363677371276577
qwen3-4b-i,0,0.6750709652889604,0.679186021649669,0.6747797252845562
qwen3-4b-t,+2,0.7374929394532568,0.7520580915263455,0.7506318707747279
qwen3-4b-t,-2,0.5776947540095221,0.5860376943763883,0.553111584825501
qwen3-4b-t,0,0.7529618207203844,0.7627380661114841,0.7666334401106665
