question_id,AS,AT,CEc,CEe,CL,KNa,KNc,KNf,KNn,KNs,MCr,MCt,MCu,MS,QLl,QLq,SNs,VO
AbstentionBench_5886,0.0,1.0,1.0,1.0,0.0,0.0,1.0,0.0,0.0,0.0,0.0,1.0,0.0,1.0,1.0,0.0,0.0,1.0
AbstentionBench_6319,0.0,1.0,2.0,1.0,1.0,0.0,3.0,0.0,0.0,3.0,1.0,2.0,3.0,3.0,1.0,0.0,0.0,1.0
AbstentionBench_1793,2.0,1.0,1.0,1.0,0.0,3.0,0.0,1.0,2.0,0.0,1.0,1.0,1.0,0.0,1.0,1.0,0.0,1.0
AbstentionBench_1483,1.0,2.0,1.0,1.0,0.0,3.0,0.0,0.0,4.0,0.0,1.0,1.0,0.0,0.0,1.0,0.0,0.0,1.0
AbstentionBench_4556,0.0,1.0,2.0,1.0,0.0,0.0,1.0,0.0,0.0,0.0,0.0,1.0,0.0,1.0,1.0,0.0,0.0,1.0
AbstentionBench_928,0.0,0.0,1.0,1.0,0.0,2.0,0.0,0.0,2.0,0.0,1.0,1.0,0.0,0.0,1.0,0.0,0.0,1.0
AbstentionBench_70,1.0,1.0,1.0,1.0,0.0,2.0,2.0,0.0,0.0,0.0,0.0,0.0,0.0,0.0,0.0,1.0,0.0,1.0
AbstentionBench_896,1.0,1.0,1.0,1.0,0.0,3.0,3.0,0.0,2.0,0.0,1.0,1.0,0.0,0.0,1.0,0.0,0.0,1.0
AbstentionBench_1553,1.0,1.0,1.0,1.0,0.0,2.0,0.0,0.0,0.0,0.0,0.0,1.0,0.0,0.0,1.0,1.0,0.0,0.0
AbstentionBench_4178,3.0,3.0,2.0,1.0,1.0,3.0,4.0,0.0,0.0,0.0,5.0,2.0,3.0,3.0,1.0,0.0,0.0,2.0
AbstentionBench_4410,1.0,3.0,2.0,1.0,1.0,3.0,3.0,0.0,0.0,3.0,1.0,2.0,1.0,2.0,1.0,0.0,0.0,1.0
AbstentionBench_6612,1.0,1.0,2.0,1.0,1.0,0.0,2.0,0.0,0.0,0.0,0.0,2.0,0.0,2.0,1.0,0.0,0.0,1.0
AbstentionBench_4569,1.0,1.0,0.0,1.0,0.0,0.0,0.0,0.0,0.0,0.0,0.0,0.0,1.0,0.0,0.0,0.0,0.0,0.0
AbstentionBench_3128,1.0,3.0,2.0,1.0,0.0,3.0,3.0,0.0,3.0,0.0,1.0,2.0,1.0,0.0,1.0,0.0,1.0,1.0
AbstentionBench_3265,1.0,1.0,1.0,1.0,1.0,3.0,3.0,0.0,3.0,0.0,1.0,2.0,1.0,0.0,1.0,0.0,0.0,1.0
AbstentionBench_3445,1.0,2.0,2.0,1.0,0.0,3.0,3.0,0.0,2.0,0.0,1.0,1.0,0.0,0.0,1.0,0.0,0.0,1.0
AbstentionBench_2265,1.0,2.0,1.0,1.0,0.0,0.0,0.0,1.0,0.0,0.0,1.0,1.0,0.0,0.0,1.0,1.0,0.0,1.0
AbstentionBench_959,1.0,2.0,1.0,1.0,0.0,3.0,0.0,0.0,1.0,0.0,0.0,1.0,0.0,0.0,1.0,0.0,0.0,1.0
AbstentionBench_1227,1.0,1.0,1.0,1.0,0.0,2.0,0.0,1.0,0.0,0.0,0.0,1.0,0.0,0.0,1.0,0.0,0.0,1.0
AbstentionBench_4157,1.0,3.0,2.0,1.0,2.0,3.0,4.0,0.0,0.0,3.0,3.0,2.0,3.0,0.0,0.0,0.0,0.0,2.0
AbstentionBench_96,1.0,3.0,2.0,1.0,0.0,4.0,0.0,0.0,4.0,0.0,3.0,1.0,3.0,0.0,0.0,0.0,0.0,1.0
AbstentionBench_879,1.0,3.0,2.0,1.0,0.0,4.0,3.0,0.0,3.0,0.0,1.0,1.0,2.0,0.0,1.0,0.0,0.0,1.0
AbstentionBench_1616,1.0,2.0,1.0,1.0,0.0,2.0,3.0,0.0,2.0,0.0,1.0,1.0,3.0,0.0,1.0,0.0,1.0,1.0
AbstentionBench_4237,0.0,4.0,2.0,1.0,0.0,0.0,3.0,0.0,0.0,3.0,1.0,2.0,3.0,2.0,1.0,0.0,0.0,1.0
AbstentionBench_1731,2.0,2.0,2.0,1.0,1.0,3.0,0.0,0.0,2.0,0.0,2.0,2.0,3.0,0.0,1.0,0.0,0.0,1.0
AbstentionBench_1794,2.0,3.0,1.0,1.0,0.0,3.0,0.0,1.0,1.0,0.0,0.0,1.0,0.0,0.0,1.0,1.0,0.0,1.0
AbstentionBench_5740,1.0,1.0,2.0,1.0,0.0,0.0,2.0,0.0,0.0,0.0,1.0,1.0,1.0,0.0,1.0,1.0,0.0,1.0
AbstentionBench_1339,1.0,2.0,1.0,1.0,0.0,3.0,2.0,0.0,2.0,0.0,1.0,2.0,0.0,0.0,1.0,0.0,0.0,1.0
AbstentionBench_2300,1.0,1.0,2.0,1.0,0.0,2.0,3.0,0.0,2.0,0.0,1.0,2.0,0.0,0.0,1.0,0.0,0.0,0.0
AbstentionBench_725,1.0,3.0,3.0,1.0,1.0,3.0,4.0,0.0,3.0,0.0,1.0,3.0,3.0,0.0,1.0,0.0,0.0,1.0
AbstentionBench_6334,1.0,1.0,1.0,1.0,0.0,0.0,1.0,0.0,0.0,0.0,1.0,1.0,0.0,0.0,1.0,0.0,0.0,1.0
AbstentionBench_5525,1.0,4.0,2.0,1.0,1.0,0.0,3.0,0.0,0.0,0.0,0.0,2.0,0.0,3.0,1.0,0.0,0.0,1.0
AbstentionBench_6186,1.0,2.0,2.0,1.0,1.0,0.0,4.0,0.0,0.0,0.0,1.0,0.0,3.0,3.0,0.0,0.0,0.0,1.0
AbstentionBench_5346,0.0,1.0,2.0,1.0,0.0,3.0,3.0,0.0,0.0,0.0,1.0,2.0,1.0,4.0,1.0,0.0,0.0,1.0
AbstentionBench_1182,1.0,2.0,1.0,1.0,1.0,3.0,0.0,0.0,2.0,0.0,1.0,1.0,1.0,0.0,1.0,0.0,0.0,1.0
AbstentionBench_3705,1.0,3.0,2.0,1.0,1.0,0.0,3.0,0.0,0.0,0.0,3.0,2.0,3.0,3.0,0.0,0.0,0.0,1.0
AbstentionBench_1346,1.0,2.0,1.0,1.0,0.0,3.0,0.0,1.0,3.0,0.0,1.0,1.0,1.0,0.0,1.0,1.0,0.0,1.0
AbstentionBench_2043,1.0,1.0,1.0,1.0,0.0,3.0,0.0,1.0,2.0,0.0,0.0,1.0,0.0,0.0,1.0,0.0,0.0,1.0
AbstentionBench_3337,1.0,2.0,1.0,1.0,0.0,1.0,0.0,1.0,1.0,0.0,1.0,1.0,0.0,0.0,1.0,1.0,0.0,1.0
AbstentionBench_3792,1.0,2.0,2.0,1.0,2.0,3.0,4.0,0.0,0.0,0.0,2.0,1.0,2.0,3.0,0.0,0.0,0.0,1.0
AbstentionBench_5121,1.0,1.0,2.0,1.0,0.0,0.0,3.0,0.0,0.0,1.0,0.0,1.0,0.0,2.0,1.0,0.0,0.0,1.0
AbstentionBench_40,1.0,3.0,1.0,1.0,0.0,3.0,0.0,0.0,3.0,0.0,1.0,1.0,1.0,1.0,1.0,0.0,0.0,1.0
AbstentionBench_2117,2.0,3.0,2.0,1.0,1.0,3.0,4.0,0.0,3.0,0.0,1.0,2.0,2.0,0.0,1.0,0.0,0.0,1.0
AbstentionBench_3102,1.0,2.0,2.0,1.0,1.0,3.0,3.0,0.0,2.0,0.0,0.0,2.0,1.0,0.0,1.0,0.0,0.0,1.0
AbstentionBench_6206,1.0,1.0,1.0,1.0,0.0,0.0,1.0,0.0,0.0,0.0,1.0,1.0,0.0,0.0,1.0,0.0,0.0,1.0
AbstentionBench_1398,1.0,3.0,2.0,1.0,1.0,3.0,0.0,0.0,3.0,0.0,2.0,2.0,1.0,0.0,2.0,1.0,1.0,1.0
AbstentionBench_4082,1.0,2.0,2.0,1.0,0.0,0.0,3.0,0.0,0.0,3.0,1.0,2.0,1.0,3.0,1.0,0.0,0.0,1.0
AbstentionBench_2907,2.0,3.0,2.0,1.0,0.0,3.0,0.0,1.0,3.0,0.0,1.0,1.0,1.0,0.0,1.0,1.0,0.0,1.0
AbstentionBench_1291,2.0,2.0,2.0,1.0,1.0,3.0,4.0,0.0,3.0,0.0,1.0,2.0,1.0,0.0,1.0,0.0,0.0,1.0
AbstentionBench_2982,1.0,2.0,1.0,1.0,0.0,2.0,2.0,1.0,1.0,0.0,0.0,1.0,1.0,0.0,1.0,1.0,0.0,1.0
AbstentionBench_4990,0.0,3.0,2.0,1.0,0.0,0.0,3.0,0.0,0.0,0.0,0.0,0.0,3.0,2.0,0.0,0.0,0.0,0.0
AbstentionBench_1758,1.0,2.0,2.0,1.0,0.0,3.0,2.0,0.0,2.0,0.0,1.0,2.0,1.0,0.0,1.0,0.0,0.0,1.0
AbstentionBench_3068,1.0,0.0,2.0,1.0,0.0,2.0,1.0,0.0,1.0,0.0,1.0,1.0,0.0,0.0,1.0,0.0,0.0,1.0
AbstentionBench_6133,1.0,3.0,0.0,1.0,0.0,0.0,3.0,0.0,0.0,0.0,3.0,0.0,1.0,3.0,0.0,0.0,0.0,1.0
AbstentionBench_5754,1.0,1.0,2.0,1.0,0.0,0.0,2.0,0.0,0.0,1.0,1.0,2.0,0.0,0.0,1.0,1.0,0.0,1.0
AbstentionBench_5980,1.0,3.0,2.0,1.0,1.0,0.0,3.0,0.0,0.0,0.0,1.0,2.0,1.0,3.0,1.0,1.0,1.0,1.0
AbstentionBench_911,1.0,1.0,1.0,1.0,0.0,2.0,3.0,0.0,2.0,0.0,1.0,1.0,0.0,0.0,1.0,0.0,0.0,1.0
AbstentionBench_3356,1.0,2.0,2.0,1.0,0.0,2.0,0.0,1.0,2.0,0.0,0.0,1.0,0.0,0.0,1.0,1.0,0.0,1.0
AbstentionBench_2286,1.0,2.0,1.0,1.0,0.0,3.0,0.0,0.0,2.0,0.0,1.0,1.0,0.0,0.0,1.0,0.0,0.0,1.0
AbstentionBench_4824,3.0,3.0,2.0,1.0,1.0,0.0,3.0,0.0,0.0,1.0,3.0,3.0,3.0,4.0,0.0,0.0,0.0,1.0
AbstentionBench_273,2.0,2.0,1.0,1.0,0.0,3.0,0.0,0.0,3.0,0.0,1.0,1.0,1.0,0.0,1.0,0.0,0.0,1.0
AbstentionBench_5218,1.0,2.0,2.0,1.0,1.0,0.0,3.0,0.0,0.0,3.0,1.0,1.0,1.0,3.0,1.0,0.0,0.0,1.0
AbstentionBench_4737,1.0,1.0,2.0,1.0,1.0,2.0,3.0,0.0,0.0,2.0,1.0,2.0,1.0,3.0,1.0,0.0,0.0,1.0
AbstentionBench_3929,1.0,2.0,2.0,1.0,1.0,0.0,3.0,0.0,0.0,1.0,0.0,2.0,1.0,3.0,1.0,0.0,0.0,1.0
AbstentionBench_5658,2.0,4.0,3.0,1.0,3.0,0.0,3.0,0.0,0.0,3.0,4.0,2.0,3.0,3.0,0.0,0.0,0.0,1.0
AbstentionBench_1188,1.0,1.0,1.0,1.0,0.0,2.0,2.0,0.0,2.0,0.0,1.0,1.0,0.0,0.0,1.0,0.0,0.0,1.0
AbstentionBench_1710,2.0,3.0,2.0,1.0,1.0,4.0,0.0,2.0,4.0,0.0,1.0,1.0,1.0,0.0,0.0,1.0,0.0,1.0
AbstentionBench_2624,2.0,2.0,2.0,1.0,2.0,3.0,4.0,0.0,3.0,0.0,1.0,2.0,1.0,0.0,1.0,0.0,0.0,1.0
AbstentionBench_2342,2.0,4.0,3.0,1.0,1.0,4.0,0.0,0.0,3.0,0.0,3.0,2.0,3.0,0.0,1.0,0.0,0.0,1.0
AbstentionBench_5869,3.0,3.0,1.0,1.0,0.0,0.0,0.0,0.0,0.0,0.0,0.0,1.0,1.0,0.0,0.0,0.0,0.0,0.0
AbstentionBench_6324,2.0,2.0,3.0,1.0,0.0,0.0,4.0,0.0,0.0,4.0,0.0,1.0,4.0,3.0,0.0,0.0,0.0,1.0
AbstentionBench_144,2.0,2.0,2.0,1.0,1.0,4.0,0.0,0.0,4.0,0.0,1.0,3.0,1.0,0.0,1.0,0.0,0.0,1.0
AbstentionBench_1588,3.0,3.0,3.0,1.0,1.0,4.0,4.0,0.0,3.0,0.0,2.0,2.0,3.0,1.0,2.0,0.0,0.0,1.0
AbstentionBench_2900,2.0,3.0,2.0,1.0,2.0,4.0,0.0,0.0,3.0,0.0,2.0,2.0,1.0,0.0,1.0,1.0,0.0,2.0
AbstentionBench_3673,2.0,3.0,3.0,2.0,2.0,0.0,3.0,0.0,0.0,3.0,3.0,3.0,2.0,3.0,0.0,0.0,0.0,2.0
AbstentionBench_3899,2.0,2.0,3.0,1.0,2.0,0.0,3.0,0.0,0.0,2.0,5.0,2.0,3.0,3.0,0.0,0.0,0.0,1.0
AbstentionBench_6379,1.0,3.0,1.0,1.0,0.0,0.0,2.0,0.0,0.0,0.0,0.0,0.0,2.0,3.0,0.0,0.0,0.0,1.0
AbstentionBench_1253,2.0,3.0,1.0,1.0,0.0,3.0,0.0,0.0,2.0,0.0,2.0,1.0,2.0,0.0,0.0,1.0,0.0,1.0
AbstentionBench_263,3.0,3.0,2.0,1.0,2.0,4.0,0.0,0.0,4.0,0.0,3.0,3.0,1.0,0.0,1.0,0.0,0.0,1.0
AbstentionBench_10202,0.0,0.0,2.0,1.0,0.0,2.0,3.0,2.0,0.0,0.0,1.0,2.0,0.0,0.0,1.0,1.0,0.0,1.0
AbstentionBench_6742,0.0,3.0,3.0,1.0,2.0,0.0,2.0,0.0,0.0,4.0,5.0,3.0,4.0,3.0,0.0,0.0,0.0,1.0
AbstentionBench_9801,0.0,1.0,1.0,2.0,1.0,3.0,1.0,0.0,3.0,0.0,1.0,2.0,0.0,0.0,0.0,0.0,2.0,1.0
AbstentionBench_9792,0.0,3.0,2.0,1.0,2.0,3.0,0.0,0.0,3.0,0.0,2.0,2.0,2.0,0.0,0.0,0.0,1.0,1.0
AbstentionBench_9403,0.0,0.0,1.0,2.0,0.0,3.0,1.0,0.0,2.0,3.0,1.0,2.0,1.0,0.0,0.0,0.0,0.0,1.0
AbstentionBench_9641,0.0,1.0,2.0,2.0,3.0,3.0,2.0,0.0,2.0,0.0,3.0,2.0,1.0,3.0,1.0,0.0,2.0,1.0
AbstentionBench_9845,0.0,0.0,1.0,1.0,0.0,1.0,1.0,0.0,1.0,0.0,0.0,0.0,0.0,0.0,0.0,0.0,0.0,0.0
AbstentionBench_6803,1.0,3.0,3.0,1.0,2.0,0.0,3.0,0.0,0.0,3.0,3.0,3.0,2.0,3.0,0.0,0.0,0.0,1.0
AbstentionBench_6620,0.0,2.0,1.0,1.0,0.0,0.0,2.0,0.0,0.0,0.0,1.0,2.0,0.0,2.0,1.0,0.0,0.0,1.0
AbstentionBench_8771,0.0,3.0,2.0,1.0,0.0,2.0,2.0,0.0,2.0,0.0,2.0,1.0,0.0,0.0,0.0,0.0,0.0,0.0
AbstentionBench_9502,0.0,0.0,1.0,1.0,0.0,1.0,2.0,0.0,1.0,0.0,0.0,1.0,0.0,0.0,0.0,0.0,0.0,0.0
AbstentionBench_9625,0.0,0.0,1.0,1.0,0.0,0.0,3.0,0.0,0.0,2.0,0.0,1.0,0.0,0.0,0.0,0.0,0.0,0.0
AbstentionBench_9279,0.0,0.0,2.0,1.0,0.0,1.0,2.0,0.0,1.0,0.0,0.0,1.0,0.0,0.0,0.0,0.0,0.0,1.0
AbstentionBench_9477,0.0,2.0,1.0,1.0,0.0,0.0,3.0,0.0,0.0,1.0,0.0,1.0,0.0,0.0,1.0,0.0,0.0,0.0
AbstentionBench_6874,1.0,1.0,1.0,1.0,0.0,0.0,3.0,0.0,0.0,0.0,1.0,2.0,0.0,3.0,1.0,0.0,0.0,5.0
AbstentionBench_8288,0.0,2.0,3.0,2.0,2.0,0.0,3.0,0.0,0.0,0.0,0.0,3.0,2.0,2.0,0.0,0.0,0.0,1.0
AbstentionBench_10241,0.0,1.0,1.0,2.0,0.0,0.0,1.0,1.0,0.0,0.0,1.0,2.0,0.0,0.0,1.0,1.0,0.0,1.0
AbstentionBench_11515,0.0,0.0,1.0,1.0,0.0,0.0,1.0,1.0,0.0,0.0,3.0,1.0,1.0,0.0,0.0,1.0,0.0,1.0
AbstentionBench_11286,0.0,1.0,2.0,1.0,0.0,0.0,3.0,1.0,0.0,0.0,1.0,2.0,1.0,0.0,1.0,1.0,0.0,1.0
AbstentionBench_11028,0.0,1.0,2.0,2.0,1.0,0.0,2.0,1.0,0.0,0.0,1.0,2.0,0.0,0.0,1.0,2.0,0.0,1.0
AbstentionBench_10342,0.0,1.0,2.0,2.0,0.0,0.0,2.0,1.0,0.0,0.0,0.0,2.0,1.0,0.0,1.0,2.0,0.0,3.0
AbstentionBench_9570,0.0,0.0,1.0,1.0,0.0,1.0,2.0,0.0,1.0,0.0,0.0,1.0,0.0,0.0,0.0,0.0,0.0,0.0
AbstentionBench_9287,0.0,4.0,2.0,1.0,0.0,1.0,1.0,0.0,1.0,0.0,0.0,1.0,0.0,0.0,0.0,0.0,0.0,0.0
AbstentionBench_10927,0.0,0.0,2.0,1.0,0.0,0.0,1.0,1.0,0.0,0.0,0.0,2.0,1.0,0.0,1.0,2.0,0.0,1.0
AbstentionBench_6802,1.0,2.0,2.0,1.0,1.0,0.0,3.0,0.0,0.0,2.0,1.0,2.0,0.0,3.0,1.0,0.0,0.0,1.0
AbstentionBench_10812,0.0,1.0,2.0,1.0,0.0,0.0,2.0,1.0,0.0,0.0,1.0,1.0,1.0,0.0,1.0,2.0,0.0,1.0
AbstentionBench_9222,0.0,2.0,1.0,1.0,0.0,0.0,1.0,0.0,1.0,0.0,0.0,1.0,0.0,2.0,0.0,0.0,0.0,0.0
AbstentionBench_10038,0.0,4.0,3.0,1.0,0.0,0.0,2.0,0.0,0.0,3.0,0.0,2.0,3.0,3.0,1.0,0.0,0.0,1.0
AbstentionBench_10642,0.0,0.0,1.0,1.0,0.0,0.0,1.0,1.0,0.0,0.0,1.0,1.0,0.0,0.0,1.0,1.0,0.0,1.0
AbstentionBench_8919,0.0,4.0,2.0,2.0,2.0,4.0,3.0,0.0,3.0,0.0,3.0,1.0,0.0,0.0,1.0,0.0,0.0,1.0
AbstentionBench_8363,1.0,1.0,3.0,2.0,3.0,3.0,3.0,0.0,3.0,0.0,4.0,3.0,2.0,0.0,1.0,0.0,3.0,2.0
AbstentionBench_10369,0.0,1.0,2.0,1.0,2.0,0.0,2.0,2.0,0.0,0.0,1.0,2.0,1.0,0.0,1.0,2.0,0.0,1.0
AbstentionBench_11010,1.0,0.0,2.0,1.0,1.0,0.0,2.0,1.0,0.0,0.0,0.0,1.0,0.0,0.0,1.0,2.0,0.0,1.0
AbstentionBench_10484,0.0,0.0,2.0,1.0,0.0,0.0,2.0,1.0,0.0,0.0,0.0,1.0,0.0,0.0,1.0,2.0,0.0,1.0
AbstentionBench_10829,1.0,1.0,2.0,1.0,2.0,0.0,1.0,2.0,0.0,0.0,1.0,2.0,1.0,0.0,2.0,3.0,0.0,1.0
AbstentionBench_11306,1.0,1.0,2.0,2.0,0.0,2.0,2.0,1.0,0.0,0.0,0.0,2.0,1.0,0.0,1.0,2.0,0.0,1.0
AbstentionBench_8193,0.0,5.0,0.0,1.0,2.0,0.0,3.0,0.0,0.0,0.0,4.0,2.0,4.0,0.0,0.0,0.0,0.0,2.0
AbstentionBench_8568,1.0,0.0,2.0,2.0,2.0,3.0,3.0,0.0,3.0,0.0,3.0,3.0,2.0,2.0,0.0,0.0,0.0,2.0
AbstentionBench_10525,1.0,1.0,2.0,1.0,1.0,0.0,3.0,2.0,0.0,0.0,1.0,2.0,1.0,0.0,1.0,2.0,0.0,2.0
AbstentionBench_11189,1.0,0.0,2.0,2.0,0.0,2.0,1.0,2.0,2.0,0.0,0.0,2.0,1.0,0.0,1.0,2.0,0.0,1.0
AbstentionBench_8374,2.0,1.0,2.0,2.0,1.0,2.0,3.0,0.0,2.0,0.0,1.0,2.0,1.0,0.0,1.0,1.0,1.0,2.0
AbstentionBench_9532,1.0,0.0,1.0,1.0,0.0,1.0,2.0,0.0,0.0,0.0,1.0,1.0,0.0,0.0,0.0,0.0,0.0,1.0
AbstentionBench_10476,1.0,0.0,1.0,1.0,0.0,0.0,0.0,1.0,0.0,0.0,1.0,2.0,0.0,0.0,1.0,1.0,0.0,1.0
AbstentionBench_7063,1.0,1.0,3.0,1.0,1.0,3.0,3.0,0.0,0.0,3.0,1.0,2.0,2.0,2.0,1.0,0.0,0.0,1.0
AbstentionBench_7427,3.0,2.0,2.0,1.0,0.0,0.0,3.0,0.0,0.0,0.0,5.0,2.0,1.0,3.0,0.0,0.0,0.0,1.0
AbstentionBench_9767,0.0,2.0,1.0,1.0,0.0,0.0,0.0,0.0,3.0,0.0,0.0,1.0,1.0,0.0,0.0,0.0,0.0,1.0
AbstentionBench_9875,1.0,0.0,1.0,1.0,0.0,1.0,4.0,0.0,0.0,2.0,1.0,1.0,0.0,0.0,0.0,0.0,0.0,1.0
AbstentionBench_10152,1.0,0.0,1.0,1.0,0.0,0.0,1.0,1.0,0.0,0.0,1.0,1.0,0.0,0.0,1.0,1.0,0.0,1.0
AbstentionBench_10427,1.0,1.0,2.0,1.0,0.0,0.0,1.0,2.0,0.0,0.0,1.0,2.0,1.0,0.0,1.0,2.0,0.0,1.0
AbstentionBench_7600,,1.0,,,,0.0,3.0,0.0,1.0,3.0,4.0,3.0,3.0,3.0,2.0,0.0,0.0,4.0
AbstentionBench_7845,2.0,1.0,1.0,1.0,0.0,0.0,0.0,0.0,0.0,0.0,2.0,0.0,1.0,0.0,0.0,0.0,0.0,1.0
AbstentionBench_9146,1.0,3.0,3.0,3.0,2.0,0.0,3.0,0.0,3.0,1.0,3.0,2.0,3.0,0.0,0.0,0.0,0.0,2.0
AbstentionBench_7220,2.0,1.0,2.0,1.0,1.0,0.0,3.0,0.0,0.0,2.0,2.0,2.0,2.0,2.0,2.0,0.0,0.0,1.0
AbstentionBench_8442,1.0,0.0,1.0,1.0,0.0,0.0,0.0,0.0,0.0,3.0,0.0,1.0,1.0,0.0,0.0,0.0,0.0,1.0
AbstentionBench_8206,0.0,5.0,0.0,3.0,3.0,0.0,1.0,0.0,0.0,0.0,5.0,3.0,4.0,3.0,0.0,0.0,0.0,4.0
AbstentionBench_12033,1.0,1.0,1.0,1.0,0.0,2.0,2.0,1.0,0.0,0.0,1.0,2.0,0.0,0.0,1.0,2.0,0.0,1.0
AbstentionBench_10739,1.0,1.0,2.0,1.0,1.0,2.0,2.0,2.0,0.0,0.0,0.0,2.0,1.0,0.0,1.0,2.0,0.0,1.0
AbstentionBench_7284,3.0,2.0,1.0,1.0,0.0,0.0,0.0,0.0,0.0,0.0,5.0,0.0,1.0,2.0,0.0,0.0,0.0,1.0
AbstentionBench_7449,4.0,5.0,1.0,1.0,0.0,0.0,0.0,0.0,0.0,0.0,5.0,4.0,1.0,4.0,0.0,0.0,0.0,1.0
AbstentionBench_8318,0.0,4.0,2.0,3.0,2.0,0.0,2.0,0.0,0.0,0.0,5.0,3.0,4.0,0.0,0.0,0.0,0.0,3.0
AbstentionBench_8021,3.0,2.0,3.0,3.0,3.0,0.0,2.0,0.0,0.0,0.0,3.0,2.0,3.0,3.0,0.0,0.0,0.0,3.0
AbstentionBench_7355,4.0,5.0,4.0,2.0,3.0,4.0,0.0,2.0,3.0,0.0,5.0,3.0,2.0,0.0,3.0,3.0,4.0,5.0
AbstentionBench_8141,3.0,1.0,3.0,3.0,0.0,0.0,3.0,0.0,0.0,3.0,4.0,2.0,4.0,3.0,0.0,0.0,0.0,4.0
AbstentionBench_7974,3.0,1.0,1.0,1.0,0.0,0.0,3.0,0.0,0.0,2.0,2.0,1.0,2.0,0.0,0.0,0.0,0.0,1.0
AbstentionBench_7563,3.0,5.0,4.0,4.0,4.0,0.0,3.0,0.0,3.0,2.0,5.0,4.0,4.0,3.0,2.0,0.0,0.0,4.0
AbstentionBench_6835,0.0,3.0,2.0,1.0,2.0,0.0,3.0,0.0,0.0,3.0,2.0,3.0,3.0,3.0,0.0,0.0,0.0,1.0
AbstentionBench_8153,3.0,2.0,3.0,3.0,4.0,0.0,0.0,4.0,0.0,0.0,4.0,3.0,4.0,0.0,0.0,0.0,0.0,4.0
AbstentionBench_7294,2.0,1.0,1.0,1.0,0.0,0.0,0.0,0.0,0.0,0.0,1.0,1.0,1.0,0.0,0.0,0.0,0.0,1.0
AbstentionBench_9889,1.0,2.0,1.0,1.0,0.0,2.0,4.0,0.0,0.0,0.0,1.0,1.0,1.0,0.0,0.0,0.0,0.0,1.0
AbstentionBench_9103,0.0,2.0,3.0,2.0,1.0,0.0,0.0,0.0,3.0,0.0,3.0,2.0,1.0,0.0,3.0,0.0,2.0,1.0
AbstentionBench_11605,2.0,0.0,1.0,1.0,0.0,0.0,1.0,1.0,0.0,0.0,3.0,1.0,1.0,0.0,1.0,1.0,0.0,0.0
AbstentionBench_8341,3.0,2.0,3.0,2.0,2.0,0.0,4.0,0.0,0.0,3.0,3.0,1.0,0.0,4.0,2.0,0.0,1.0,2.0
AbstentionBench_10017,3.0,0.0,2.0,2.0,0.0,3.0,3.0,0.0,0.0,0.0,1.0,2.0,1.0,2.0,1.0,0.0,0.0,2.0
AbstentionBench_8592,3.0,1.0,3.0,2.0,0.0,4.0,3.0,0.0,4.0,0.0,3.0,1.0,1.0,0.0,0.0,0.0,0.0,2.0
AbstentionBench_11764,2.0,2.0,2.0,1.0,2.0,0.0,2.0,1.0,0.0,0.0,3.0,2.0,3.0,0.0,2.0,1.0,0.0,1.0
AbstentionBench_8394,3.0,1.0,3.0,3.0,0.0,4.0,0.0,4.0,0.0,0.0,4.0,1.0,0.0,4.0,0.0,0.0,0.0,2.0
AbstentionBench_11865,2.0,0.0,1.0,1.0,0.0,0.0,1.0,1.0,0.0,0.0,1.0,1.0,0.0,0.0,0.0,1.0,0.0,1.0
AbstentionBench_11451,2.0,0.0,2.0,1.0,0.0,2.0,2.0,1.0,0.0,0.0,2.0,2.0,0.0,0.0,1.0,2.0,0.0,1.0
AbstentionBench_12037,2.0,1.0,1.0,1.0,0.0,0.0,2.0,2.0,0.0,0.0,3.0,1.0,1.0,0.0,0.0,0.0,0.0,0.0
AbstentionBench_13260,0.0,3.0,2.0,2.0,2.0,4.0,3.0,0.0,3.0,0.0,3.0,3.0,3.0,2.0,2.0,0.0,1.0,2.0
AbstentionBench_12320,0.0,0.0,1.0,1.0,0.0,0.0,1.0,1.0,0.0,0.0,1.0,0.0,0.0,0.0,0.0,0.0,0.0,0.0
AbstentionBench_12301,0.0,0.0,1.0,1.0,0.0,0.0,2.0,1.0,0.0,0.0,0.0,2.0,1.0,0.0,1.0,1.0,0.0,1.0
AbstentionBench_12407,0.0,1.0,2.0,1.0,0.0,2.0,3.0,1.0,0.0,0.0,3.0,2.0,1.0,0.0,1.0,2.0,0.0,1.0
AbstentionBench_13641,0.0,0.0,2.0,1.0,0.0,3.0,3.0,0.0,2.0,1.0,0.0,2.0,3.0,0.0,0.0,0.0,0.0,1.0
AbstentionBench_12310,3.0,3.0,1.0,1.0,0.0,0.0,2.0,1.0,0.0,0.0,0.0,1.0,3.0,0.0,0.0,1.0,0.0,2.0
AbstentionBench_12802,0.0,2.0,3.0,3.0,3.0,4.0,3.0,0.0,0.0,4.0,3.0,4.0,3.0,3.0,3.0,0.0,0.0,3.0
AbstentionBench_13120,0.0,2.0,1.0,1.0,0.0,0.0,4.0,0.0,0.0,0.0,0.0,1.0,4.0,0.0,0.0,0.0,0.0,1.0
AbstentionBench_12885,0.0,3.0,3.0,3.0,3.0,5.0,3.0,0.0,4.0,4.0,4.0,3.0,4.0,4.0,2.0,0.0,0.0,3.0
AbstentionBench_12104,0.0,1.0,1.0,1.0,0.0,0.0,1.0,1.0,0.0,0.0,1.0,1.0,1.0,0.0,0.0,1.0,0.0,0.0
AbstentionBench_12947,0.0,1.0,5.0,1.0,4.0,0.0,4.0,0.0,0.0,4.0,5.0,5.0,4.0,0.0,0.0,0.0,0.0,5.0
AbstentionBench_14145,0.0,2.0,3.0,2.0,3.0,5.0,0.0,0.0,0.0,4.0,4.0,3.0,3.0,5.0,0.0,0.0,0.0,2.0
AbstentionBench_15400,1.0,1.0,1.0,2.0,0.0,4.0,3.0,0.0,2.0,3.0,4.0,2.0,2.0,0.0,0.0,0.0,0.0,2.0
AbstentionBench_15215,0.0,0.0,1.0,1.0,0.0,2.0,0.0,0.0,0.0,0.0,0.0,1.0,0.0,0.0,0.0,0.0,0.0,1.0
AbstentionBench_13035,0.0,1.0,4.0,3.0,4.0,0.0,3.0,0.0,0.0,4.0,5.0,4.0,4.0,3.0,0.0,0.0,0.0,3.0
AbstentionBench_14244,0.0,3.0,4.0,4.0,4.0,0.0,3.0,0.0,0.0,4.0,4.0,4.0,4.0,4.0,3.0,0.0,0.0,3.0
AbstentionBench_14117,0.0,2.0,1.0,1.0,3.0,0.0,3.0,0.0,0.0,0.0,4.0,3.0,5.0,3.0,0.0,0.0,0.0,3.0
AbstentionBench_13082,2.0,1.0,3.0,1.0,2.0,4.0,3.0,1.0,0.0,0.0,2.0,2.0,2.0,0.0,1.0,1.0,2.0,1.0
AbstentionBench_12494,2.0,1.0,2.0,1.0,0.0,0.0,1.0,1.0,0.0,0.0,1.0,1.0,1.0,0.0,1.0,1.0,0.0,1.0
AbstentionBench_14543,1.0,2.0,2.0,1.0,0.0,0.0,0.0,0.0,0.0,3.0,1.0,1.0,1.0,0.0,0.0,0.0,0.0,1.0
AbstentionBench_12972,3.0,2.0,4.0,3.0,3.0,4.0,4.0,0.0,3.0,4.0,4.0,4.0,3.0,5.0,1.0,0.0,0.0,4.0
AbstentionBench_13626,4.0,3.0,2.0,1.0,3.0,4.0,4.0,0.0,0.0,0.0,4.0,3.0,4.0,2.0,0.0,3.0,0.0,3.0
AbstentionBench_12681,2.0,1.0,1.0,1.0,0.0,0.0,2.0,0.0,0.0,0.0,2.0,1.0,0.0,0.0,1.0,0.0,0.0,1.0
AbstentionBench_14729,1.0,1.0,1.0,1.0,0.0,3.0,0.0,0.0,4.0,0.0,0.0,1.0,0.0,0.0,0.0,0.0,0.0,1.0
AbstentionBench_15528,2.0,2.0,3.0,1.0,0.0,0.0,0.0,0.0,0.0,3.0,4.0,1.0,3.0,5.0,3.0,0.0,0.0,2.0
AbstentionBench_13021,3.0,2.0,3.0,1.0,0.0,4.0,4.0,0.0,0.0,0.0,3.0,2.0,2.0,0.0,1.0,0.0,0.0,2.0
AbstentionBench_13512,2.0,1.0,1.0,1.0,0.0,0.0,4.0,0.0,0.0,0.0,2.0,0.0,0.0,0.0,0.0,0.0,0.0,1.0
AbstentionBench_14689,2.0,1.0,2.0,1.0,0.0,2.0,0.0,0.0,3.0,0.0,0.0,1.0,0.0,0.0,0.0,1.0,0.0,1.0
AbstentionBench_14124,2.0,2.0,1.0,1.0,0.0,2.0,3.0,0.0,0.0,0.0,0.0,1.0,1.0,2.0,0.0,0.0,0.0,1.0
AbstentionBench_15277,2.0,2.0,2.0,1.0,0.0,0.0,4.0,0.0,0.0,3.0,2.0,1.0,1.0,0.0,0.0,0.0,0.0,1.0
AbstentionBench_13867,0.0,4.0,5.0,4.0,4.0,5.0,0.0,0.0,0.0,5.0,5.0,4.0,4.0,4.0,0.0,0.0,0.0,4.0
AbstentionBench_15416,0.0,0.0,2.0,1.0,0.0,1.0,3.0,0.0,0.0,0.0,0.0,1.0,2.0,3.0,1.0,0.0,0.0,0.0
AbstentionBench_12354,2.0,1.0,2.0,1.0,0.0,0.0,2.0,1.0,0.0,0.0,1.0,2.0,1.0,0.0,1.0,1.0,0.0,1.0
AbstentionBench_15703,2.0,1.0,2.0,2.0,0.0,0.0,3.0,0.0,0.0,3.0,2.0,2.0,4.0,3.0,0.0,0.0,0.0,2.0
AbstentionBench_12322,3.0,1.0,2.0,1.0,0.0,2.0,2.0,1.0,0.0,0.0,2.0,2.0,3.0,0.0,1.0,2.0,0.0,2.0
AbstentionBench_15758,3.0,3.0,1.0,1.0,0.0,0.0,3.0,0.0,0.0,3.0,1.0,0.0,2.0,0.0,0.0,0.0,0.0,1.0
AbstentionBench_16092,1.0,2.0,3.0,1.0,2.0,4.0,0.0,0.0,4.0,0.0,1.0,3.0,3.0,0.0,2.0,0.0,1.0,2.0
AbstentionBench_16171,2.0,2.0,3.0,1.0,3.0,5.0,0.0,0.0,4.0,0.0,3.0,4.0,3.0,0.0,3.0,0.0,0.0,2.0
AbstentionBench_12304,2.0,0.0,2.0,1.0,0.0,2.0,3.0,1.0,0.0,0.0,,2.0,1.0,0.0,2.0,2.0,0.0,2.0
AbstentionBench_13984,4.0,1.0,3.0,2.0,4.0,0.0,3.0,0.0,0.0,3.0,0.0,3.0,4.0,5.0,0.0,0.0,0.0,1.0
AbstentionBench_12348,3.0,3.0,1.0,1.0,2.0,0.0,0.0,1.0,3.0,0.0,4.0,3.0,3.0,0.0,0.0,2.0,0.0,1.0
AbstentionBench_16736,2.0,1.0,2.0,1.0,1.0,4.0,0.0,0.0,4.0,0.0,1.0,1.0,1.0,0.0,1.0,0.0,0.0,1.0
AbstentionBench_16313,1.0,1.0,2.0,1.0,0.0,4.0,0.0,0.0,5.0,0.0,1.0,2.0,3.0,0.0,1.0,0.0,1.0,1.0
AbstentionBench_17720,1.0,1.0,2.0,1.0,0.0,4.0,4.0,0.0,4.0,0.0,2.0,2.0,3.0,0.0,1.0,0.0,0.0,1.0
AbstentionBench_17672,2.0,2.0,2.0,1.0,1.0,4.0,0.0,0.0,4.0,0.0,1.0,2.0,3.0,0.0,2.0,0.0,0.0,1.0
AbstentionBench_12506,2.0,1.0,2.0,1.0,0.0,1.0,2.0,1.0,1.0,0.0,3.0,2.0,1.0,0.0,1.0,2.0,0.0,1.0
AbstentionBench_16278,2.0,2.0,2.0,1.0,2.0,4.0,0.0,0.0,5.0,0.0,1.0,3.0,3.0,0.0,1.0,0.0,1.0,1.0
AbstentionBench_16106,2.0,4.0,3.0,1.0,2.0,4.0,0.0,0.0,4.0,0.0,3.0,4.0,3.0,0.0,3.0,0.0,1.0,2.0
AbstentionBench_15785,2.0,3.0,4.0,4.0,4.0,4.0,4.0,0.0,0.0,4.0,4.0,4.0,4.0,5.0,0.0,0.0,0.0,4.0
AbstentionBench_16157,2.0,1.0,3.0,1.0,2.0,4.0,0.0,0.0,4.0,0.0,2.0,3.0,3.0,0.0,1.0,0.0,0.0,1.0
AbstentionBench_17305,1.0,2.0,3.0,1.0,2.0,4.0,0.0,0.0,4.0,0.0,,3.0,4.0,0.0,3.0,1.0,3.0,2.0
AbstentionBench_12277,2.0,3.0,2.0,1.0,0.0,0.0,3.0,0.0,0.0,0.0,2.0,1.0,1.0,0.0,1.0,0.0,0.0,0.0
AbstentionBench_16264,2.0,2.0,3.0,1.0,2.0,4.0,0.0,0.0,4.0,0.0,3.0,3.0,3.0,0.0,1.0,0.0,1.0,1.0
AbstentionBench_15968,1.0,1.0,2.0,1.0,2.0,4.0,3.0,4.0,0.0,0.0,0.0,2.0,1.0,0.0,0.0,0.0,0.0,1.0
AbstentionBench_15337,3.0,2.0,2.0,1.0,0.0,4.0,0.0,4.0,3.0,0.0,3.0,1.0,1.0,0.0,0.0,0.0,0.0,0.0
AbstentionBench_18002,2.0,2.0,3.0,1.0,0.0,5.0,0.0,0.0,4.0,0.0,2.0,3.0,3.0,0.0,3.0,0.0,0.0,2.0
AbstentionBench_16271,2.0,1.0,2.0,1.0,1.0,4.0,0.0,0.0,5.0,0.0,1.0,3.0,4.0,0.0,2.0,0.0,0.0,1.0
AbstentionBench_16853,2.0,1.0,3.0,1.0,2.0,4.0,0.0,0.0,4.0,0.0,2.0,3.0,2.0,3.0,3.0,0.0,1.0,2.0
AbstentionBench_17710,2.0,1.0,2.0,1.0,0.0,4.0,0.0,0.0,4.0,0.0,3.0,2.0,3.0,0.0,2.0,0.0,0.0,2.0
AbstentionBench_15711,3.0,3.0,3.0,3.0,3.0,3.0,3.0,0.0,0.0,4.0,4.0,3.0,4.0,3.0,0.0,0.0,0.0,3.0
AbstentionBench_17092,3.0,1.0,4.0,1.0,2.0,4.0,0.0,4.0,4.0,0.0,2.0,3.0,2.0,0.0,3.0,1.0,0.0,2.0
AbstentionBench_17390,3.0,1.0,3.0,1.0,2.0,4.0,2.0,0.0,4.0,0.0,2.0,3.0,3.0,0.0,3.0,0.0,0.0,2.0
AbstentionBench_17913,2.0,1.0,3.0,1.0,1.0,4.0,0.0,0.0,4.0,0.0,3.0,3.0,3.0,0.0,2.0,1.0,0.0,1.0
AbstentionBench_17456,3.0,2.0,3.0,1.0,2.0,5.0,0.0,0.0,4.0,0.0,2.0,3.0,3.0,0.0,3.0,1.0,0.0,2.0
AbstentionBench_15644,3.0,2.0,2.0,2.0,2.0,4.0,0.0,4.0,4.0,0.0,4.0,3.0,2.0,0.0,1.0,3.0,2.0,2.0
AbstentionBench_18762,2.0,1.0,3.0,1.0,2.0,4.0,0.0,3.0,4.0,4.0,1.0,2.0,2.0,0.0,1.0,0.0,0.0,1.0
AbstentionBench_18873,1.0,1.0,3.0,1.0,2.0,4.0,0.0,0.0,5.0,0.0,1.0,3.0,3.0,1.0,2.0,1.0,0.0,1.0
AbstentionBench_17802,2.0,1.0,3.0,1.0,2.0,4.0,0.0,0.0,4.0,0.0,1.0,3.0,3.0,0.0,3.0,0.0,0.0,1.0
AbstentionBench_18505,1.0,0.0,3.0,1.0,1.0,5.0,0.0,0.0,4.0,0.0,2.0,3.0,3.0,0.0,2.0,0.0,0.0,1.0
AbstentionBench_18127,2.0,2.0,3.0,1.0,1.0,4.0,0.0,0.0,4.0,0.0,3.0,3.0,3.0,0.0,3.0,0.0,0.0,2.0
AbstentionBench_18355,2.0,2.0,3.0,1.0,1.0,4.0,0.0,0.0,4.0,0.0,3.0,2.0,3.0,0.0,2.0,0.0,0.0,2.0
AbstentionBench_15811,3.0,1.0,2.0,2.0,0.0,1.0,3.0,0.0,0.0,3.0,3.0,1.0,3.0,0.0,0.0,0.0,0.0,2.0
AbstentionBench_18478,3.0,2.0,3.0,1.0,1.0,4.0,0.0,0.0,4.0,0.0,3.0,3.0,3.0,0.0,3.0,2.0,0.0,1.0
AbstentionBench_18760,2.0,2.0,2.0,1.0,1.0,5.0,0.0,0.0,4.0,0.0,1.0,3.0,3.0,0.0,2.0,0.0,0.0,1.0
AbstentionBench_17542,3.0,4.0,4.0,1.0,3.0,5.0,0.0,1.0,4.0,0.0,,4.0,4.0,0.0,3.0,3.0,0.0,3.0
AbstentionBench_18217,2.0,3.0,3.0,1.0,2.0,4.0,0.0,0.0,4.0,0.0,3.0,3.0,4.0,0.0,2.0,0.0,0.0,1.0
AbstentionBench_17235,3.0,3.0,4.0,1.0,3.0,5.0,0.0,1.0,4.0,0.0,3.0,3.0,3.0,0.0,3.0,2.0,0.0,2.0
AbstentionBench_18521,2.0,1.0,3.0,1.0,2.0,4.0,0.0,0.0,4.0,0.0,2.0,3.0,3.0,0.0,1.0,0.0,0.0,1.0
AbstentionBench_19387,0.0,3.0,3.0,0.0,2.0,0.0,3.0,0.0,0.0,2.0,2.0,2.0,4.0,4.0,0.0,0.0,0.0,1.0
AbstentionBench_18998,0.0,2.0,3.0,1.0,2.0,0.0,0.0,3.0,0.0,0.0,2.0,3.0,2.0,0.0,3.0,3.0,0.0,2.0
AbstentionBench_18795,2.0,1.0,3.0,1.0,2.0,4.0,0.0,0.0,4.0,0.0,3.0,2.0,3.0,0.0,2.0,0.0,0.0,1.0
AbstentionBench_19367,1.0,3.0,2.0,0.0,0.0,4.0,4.0,0.0,0.0,2.0,0.0,2.0,4.0,3.0,1.0,0.0,0.0,1.0
AbstentionBench_19577,0.0,3.0,3.0,0.0,0.0,0.0,3.0,0.0,0.0,4.0,0.0,3.0,4.0,0.0,0.0,0.0,0.0,1.0
AbstentionBench_18956,1.0,1.0,3.0,1.0,3.0,0.0,0.0,4.0,0.0,0.0,2.0,3.0,3.0,0.0,3.0,4.0,3.0,2.0
AbstentionBench_19066,1.0,1.0,3.0,1.0,2.0,0.0,0.0,2.0,0.0,0.0,1.0,2.0,1.0,0.0,2.0,3.0,1.0,2.0
AbstentionBench_20257,0.0,2.0,1.0,0.0,0.0,0.0,3.0,0.0,0.0,1.0,0.0,0.0,1.0,3.0,0.0,0.0,0.0,1.0
AbstentionBench_20076,1.0,1.0,1.0,0.0,0.0,4.0,3.0,0.0,0.0,1.0,0.0,1.0,0.0,0.0,0.0,0.0,0.0,1.0
AbstentionBench_20090,1.0,3.0,2.0,1.0,0.0,4.0,3.0,0.0,2.0,0.0,0.0,0.0,0.0,2.0,1.0,0.0,0.0,1.0
AbstentionBench_19638,0.0,2.0,2.0,0.0,0.0,0.0,3.0,0.0,0.0,3.0,0.0,3.0,4.0,3.0,1.0,0.0,0.0,1.0
AbstentionBench_20136,1.0,3.0,2.0,0.0,0.0,2.0,2.0,0.0,0.0,2.0,0.0,1.0,0.0,2.0,1.0,0.0,2.0,1.0
AbstentionBench_19842,1.0,3.0,1.0,1.0,0.0,0.0,3.0,0.0,0.0,0.0,1.0,0.0,1.0,2.0,0.0,0.0,0.0,1.0
AbstentionBench_20575,0.0,3.0,1.0,0.0,0.0,4.0,3.0,0.0,0.0,0.0,0.0,1.0,1.0,1.0,1.0,0.0,0.0,1.0
AbstentionBench_20174,0.0,3.0,1.0,0.0,0.0,4.0,3.0,0.0,0.0,1.0,0.0,0.0,2.0,0.0,0.0,0.0,0.0,1.0
AbstentionBench_20126,1.0,3.0,1.0,0.0,0.0,4.0,3.0,0.0,0.0,4.0,0.0,2.0,0.0,0.0,1.0,0.0,0.0,1.0
AbstentionBench_19981,1.0,1.0,2.0,0.0,1.0,3.0,3.0,0.0,0.0,3.0,0.0,1.0,1.0,4.0,1.0,0.0,0.0,1.0
AbstentionBench_20459,1.0,3.0,2.0,1.0,0.0,4.0,3.0,0.0,0.0,0.0,0.0,2.0,1.0,2.0,1.0,0.0,0.0,1.0
AbstentionBench_19753,1.0,4.0,2.0,0.0,1.0,0.0,3.0,0.0,0.0,3.0,1.0,4.0,4.0,4.0,1.0,0.0,0.0,1.0
AbstentionBench_18943,2.0,2.0,3.0,1.0,3.0,4.0,4.0,1.0,0.0,3.0,0.0,3.0,3.0,4.0,0.0,0.0,1.0,1.0
AbstentionBench_20396,0.0,3.0,1.0,0.0,0.0,0.0,3.0,0.0,0.0,0.0,0.0,2.0,0.0,0.0,1.0,0.0,0.0,1.0
AbstentionBench_20636,3.0,3.0,2.0,1.0,1.0,0.0,3.0,0.0,0.0,3.0,3.0,2.0,1.0,0.0,1.0,0.0,0.0,1.0
AbstentionBench_20272,1.0,1.0,1.0,1.0,0.0,3.0,3.0,0.0,0.0,0.0,0.0,2.0,2.0,0.0,0.0,0.0,0.0,1.0
AbstentionBench_20570,1.0,2.0,1.0,0.0,0.0,4.0,3.0,0.0,0.0,0.0,0.0,3.0,0.0,2.0,1.0,0.0,0.0,1.0
AbstentionBench_20747,2.0,4.0,1.0,1.0,0.0,0.0,0.0,0.0,0.0,0.0,1.0,0.0,1.0,0.0,0.0,0.0,0.0,1.0
AbstentionBench_20987,1.0,3.0,1.0,1.0,1.0,1.0,0.0,0.0,0.0,0.0,1.0,1.0,1.0,0.0,0.0,0.0,0.0,1.0
AbstentionBench_21286,0.0,3.0,1.0,1.0,0.0,0.0,4.0,0.0,0.0,0.0,5.0,1.0,2.0,0.0,0.0,0.0,0.0,2.0
AbstentionBench_20560,1.0,1.0,2.0,0.0,1.0,4.0,3.0,0.0,0.0,2.0,0.0,2.0,1.0,2.0,1.0,0.0,0.0,1.0
AbstentionBench_19127,1.0,2.0,1.0,1.0,0.0,0.0,0.0,1.0,0.0,0.0,1.0,1.0,1.0,0.0,1.0,1.0,0.0,1.0
AbstentionBench_20835,3.0,2.0,2.0,1.0,0.0,0.0,3.0,0.0,0.0,2.0,1.0,2.0,1.0,2.0,1.0,0.0,0.0,2.0
AbstentionBench_21053,3.0,4.0,1.0,1.0,1.0,0.0,0.0,0.0,0.0,0.0,3.0,2.0,1.0,2.0,1.0,0.0,0.0,1.0
AbstentionBench_20830,3.0,3.0,2.0,1.0,2.0,0.0,3.0,0.0,0.0,0.0,3.0,2.0,3.0,0.0,2.0,0.0,0.0,1.0
AbstentionBench_20730,2.0,3.0,2.0,1.0,1.0,0.0,0.0,0.0,0.0,0.0,3.0,1.0,1.0,0.0,0.0,0.0,0.0,2.0
AbstentionBench_22093,1.0,2.0,2.0,1.0,1.0,0.0,3.0,0.0,0.0,2.0,1.0,1.0,1.0,0.0,1.0,0.0,0.0,1.0
AbstentionBench_21950,2.0,3.0,2.0,1.0,1.0,0.0,3.0,0.0,0.0,0.0,2.0,2.0,2.0,0.0,1.0,0.0,0.0,1.0
AbstentionBench_21739,3.0,4.0,2.0,1.0,0.0,0.0,4.0,0.0,0.0,0.0,1.0,1.0,1.0,0.0,0.0,0.0,0.0,1.0
AbstentionBench_20859,3.0,3.0,3.0,1.0,1.0,3.0,3.0,0.0,0.0,3.0,2.0,2.0,3.0,0.0,1.0,0.0,0.0,2.0
AbstentionBench_21404,3.0,4.0,3.0,1.0,3.0,4.0,5.0,0.0,0.0,4.0,3.0,3.0,3.0,0.0,3.0,0.0,0.0,2.0
AbstentionBench_24208,0.0,0.0,1.0,1.0,0.0,1.0,3.0,0.0,0.0,1.0,0.0,1.0,0.0,0.0,0.0,0.0,0.0,0.0
AbstentionBench_21803,3.0,2.0,2.0,1.0,0.0,0.0,4.0,0.0,0.0,0.0,2.0,1.0,3.0,2.0,1.0,0.0,0.0,2.0
AbstentionBench_22816,2.0,1.0,2.0,1.0,0.0,0.0,3.0,0.0,0.0,0.0,1.0,1.0,1.0,0.0,1.0,0.0,0.0,1.0
AbstentionBench_20692,3.0,3.0,3.0,1.0,0.0,0.0,5.0,0.0,0.0,5.0,3.0,1.0,1.0,0.0,0.0,0.0,0.0,2.0
AbstentionBench_20931,3.0,3.0,3.0,1.0,2.0,3.0,4.0,0.0,0.0,4.0,3.0,2.0,3.0,2.0,2.0,0.0,0.0,2.0
AbstentionBench_23528,1.0,1.0,2.0,1.0,1.0,0.0,0.0,0.0,0.0,0.0,1.0,1.0,0.0,0.0,1.0,0.0,0.0,1.0
AbstentionBench_20881,2.0,3.0,2.0,1.0,1.0,0.0,3.0,0.0,0.0,0.0,2.0,2.0,1.0,2.0,0.0,0.0,0.0,1.0
AbstentionBench_22097,3.0,2.0,2.0,1.0,0.0,0.0,3.0,0.0,0.0,0.0,2.0,2.0,1.0,0.0,1.0,0.0,0.0,2.0
AbstentionBench_22977,3.0,3.0,2.0,1.0,1.0,0.0,3.0,0.0,0.0,3.0,3.0,2.0,1.0,0.0,2.0,0.0,0.0,2.0
AbstentionBench_22278,1.0,2.0,2.0,1.0,1.0,0.0,3.0,0.0,0.0,0.0,1.0,1.0,1.0,0.0,1.0,0.0,0.0,1.0
AbstentionBench_21368,3.0,3.0,3.0,1.0,0.0,0.0,4.0,0.0,0.0,3.0,3.0,2.0,2.0,0.0,1.0,0.0,0.0,2.0
AbstentionBench_23516,1.0,1.0,1.0,1.0,0.0,0.0,2.0,0.0,0.0,0.0,0.0,1.0,0.0,0.0,1.0,0.0,0.0,1.0
AbstentionBench_23684,2.0,3.0,1.0,1.0,1.0,0.0,3.0,0.0,0.0,2.0,2.0,1.0,1.0,0.0,1.0,0.0,0.0,1.0
AbstentionBench_22989,1.0,2.0,2.0,1.0,0.0,0.0,2.0,0.0,0.0,2.0,1.0,2.0,1.0,0.0,1.0,0.0,0.0,1.0
AbstentionBench_21824,3.0,4.0,2.0,1.0,0.0,0.0,4.0,0.0,0.0,3.0,2.0,2.0,1.0,0.0,1.0,0.0,0.0,2.0
AbstentionBench_23226,2.0,2.0,2.0,1.0,0.0,0.0,2.0,0.0,0.0,2.0,2.0,2.0,2.0,0.0,1.0,1.0,0.0,1.0
AbstentionBench_22500,2.0,3.0,3.0,1.0,0.0,3.0,3.0,2.0,0.0,3.0,2.0,2.0,1.0,0.0,2.0,0.0,0.0,2.0
AbstentionBench_22497,2.0,2.0,2.0,1.0,1.0,0.0,3.0,0.0,1.0,2.0,1.0,1.0,2.0,0.0,1.0,0.0,0.0,1.0
AbstentionBench_22379,2.0,2.0,2.0,1.0,1.0,0.0,2.0,0.0,0.0,3.0,1.0,2.0,1.0,0.0,2.0,0.0,0.0,2.0
AbstentionBench_24445,3.0,2.0,2.0,1.0,1.0,3.0,3.0,3.0,0.0,0.0,3.0,2.0,1.0,0.0,1.0,1.0,0.0,2.0
AbstentionBench_24305,1.0,0.0,1.0,1.0,0.0,0.0,3.0,0.0,0.0,0.0,0.0,1.0,0.0,0.0,0.0,0.0,0.0,0.0
AbstentionBench_22531,3.0,3.0,2.0,2.0,2.0,2.0,3.0,0.0,0.0,2.0,3.0,2.0,3.0,0.0,2.0,0.0,1.0,2.0
AbstentionBench_24593,3.0,2.0,1.0,1.0,0.0,0.0,2.0,1.0,0.0,0.0,2.0,1.0,0.0,0.0,1.0,1.0,0.0,2.0
AbstentionBench_23917,1.0,1.0,1.0,1.0,0.0,0.0,4.0,0.0,0.0,0.0,1.0,1.0,0.0,0.0,0.0,0.0,0.0,1.0
AbstentionBench_26509,0.0,1.0,1.0,1.0,0.0,0.0,0.0,0.0,0.0,0.0,0.0,1.0,0.0,0.0,1.0,0.0,0.0,1.0
AbstentionBench_24857,2.0,2.0,1.0,1.0,0.0,4.0,0.0,3.0,0.0,0.0,2.0,1.0,1.0,0.0,1.0,0.0,0.0,2.0
AbstentionBench_23968,2.0,1.0,2.0,1.0,0.0,0.0,3.0,0.0,0.0,1.0,1.0,1.0,0.0,0.0,0.0,0.0,0.0,1.0
AbstentionBench_24130,2.0,1.0,1.0,1.0,0.0,0.0,3.0,0.0,0.0,0.0,1.0,1.0,1.0,0.0,0.0,0.0,0.0,1.0
AbstentionBench_24646,3.0,3.0,3.0,3.0,3.0,4.0,4.0,4.0,0.0,0.0,3.0,3.0,3.0,1.0,3.0,2.0,0.0,3.0
AbstentionBench_24713,2.0,2.0,2.0,2.0,1.0,3.0,3.0,3.0,0.0,0.0,2.0,2.0,1.0,0.0,1.0,0.0,0.0,2.0
AbstentionBench_23794,3.0,3.0,2.0,1.0,1.0,0.0,3.0,0.0,0.0,3.0,2.0,2.0,1.0,0.0,2.0,0.0,0.0,2.0
AbstentionBench_26451,1.0,1.0,1.0,1.0,0.0,0.0,0.0,2.0,0.0,0.0,0.0,1.0,0.0,0.0,0.0,0.0,0.0,1.0
AbstentionBench_24725,3.0,4.0,3.0,2.0,2.0,4.0,4.0,4.0,3.0,3.0,3.0,2.0,1.0,2.0,3.0,1.0,0.0,2.0
AbstentionBench_24807,2.0,1.0,2.0,1.0,0.0,1.0,1.0,0.0,0.0,0.0,2.0,1.0,1.0,0.0,0.0,0.0,0.0,2.0
AbstentionBench_24929,3.0,4.0,3.0,2.0,2.0,4.0,4.0,4.0,0.0,0.0,3.0,3.0,3.0,0.0,2.0,2.0,0.0,3.0
AbstentionBench_25220,2.0,2.0,2.0,1.0,1.0,4.0,4.0,4.0,0.0,0.0,2.0,1.0,1.0,0.0,1.0,0.0,0.0,2.0
AbstentionBench_26594,1.0,1.0,2.0,1.0,1.0,0.0,3.0,0.0,0.0,0.0,1.0,2.0,1.0,0.0,0.0,0.0,0.0,1.0
AbstentionBench_23995,1.0,0.0,2.0,1.0,0.0,3.0,0.0,0.0,3.0,0.0,1.0,1.0,0.0,0.0,0.0,0.0,0.0,0.0
AbstentionBench_25111,3.0,2.0,2.0,1.0,0.0,0.0,0.0,0.0,0.0,0.0,3.0,1.0,1.0,0.0,0.0,0.0,0.0,2.0
AbstentionBench_25449,3.0,4.0,2.0,2.0,1.0,4.0,0.0,3.0,0.0,0.0,2.0,1.0,1.0,0.0,1.0,0.0,0.0,3.0
AbstentionBench_26444,1.0,1.0,2.0,1.0,0.0,0.0,0.0,4.0,0.0,0.0,1.0,1.0,0.0,0.0,1.0,0.0,0.0,1.0
AbstentionBench_25490,3.0,2.0,2.0,1.0,1.0,4.0,3.0,3.0,0.0,0.0,2.0,2.0,1.0,0.0,1.0,0.0,0.0,2.0
AbstentionBench_24388,3.0,1.0,2.0,1.0,0.0,0.0,3.0,0.0,0.0,0.0,1.0,1.0,0.0,0.0,0.0,0.0,0.0,2.0
AbstentionBench_26581,1.0,1.0,1.0,1.0,0.0,0.0,0.0,0.0,0.0,0.0,1.0,1.0,0.0,0.0,0.0,0.0,0.0,0.0
AbstentionBench_25411,3.0,4.0,3.0,3.0,3.0,5.0,5.0,4.0,0.0,0.0,4.0,4.0,3.0,0.0,3.0,2.0,0.0,3.0
AbstentionBench_25014,3.0,4.0,3.0,2.0,2.0,5.0,4.0,4.0,0.0,4.0,3.0,3.0,3.0,0.0,3.0,2.0,0.0,3.0
AbstentionBench_22086,3.0,4.0,3.0,1.0,2.0,0.0,3.0,2.0,0.0,2.0,2.0,3.0,1.0,0.0,1.0,2.0,0.0,2.0
AbstentionBench_25507,3.0,3.0,2.0,2.0,1.0,4.0,0.0,0.0,0.0,4.0,3.0,2.0,1.0,0.0,3.0,0.0,0.0,2.0
AbstentionBench_26315,2.0,1.0,1.0,1.0,0.0,0.0,4.0,0.0,0.0,3.0,0.0,1.0,1.0,0.0,0.0,0.0,0.0,1.0
AbstentionBench_26877,1.0,2.0,2.0,1.0,0.0,4.0,0.0,2.0,3.0,0.0,1.0,2.0,0.0,0.0,1.0,0.0,0.0,1.0
AbstentionBench_25555,2.0,3.0,3.0,3.0,2.0,4.0,3.0,4.0,0.0,0.0,3.0,3.0,3.0,0.0,3.0,2.0,0.0,2.0
AbstentionBench_25684,3.0,3.0,3.0,3.0,3.0,4.0,0.0,4.0,0.0,0.0,3.0,3.0,2.0,0.0,3.0,1.0,0.0,3.0
AbstentionBench_25377,3.0,4.0,3.0,2.0,1.0,4.0,0.0,4.0,4.0,0.0,2.0,2.0,1.0,0.0,2.0,2.0,0.0,3.0
AbstentionBench_24536,3.0,2.0,2.0,1.0,1.0,4.0,5.0,4.0,0.0,3.0,1.0,2.0,3.0,0.0,1.0,1.0,0.0,2.0
AbstentionBench_25816,1.0,1.0,1.0,1.0,0.0,0.0,2.0,0.0,0.0,3.0,0.0,1.0,0.0,0.0,0.0,0.0,0.0,1.0
AbstentionBench_25002,3.0,3.0,2.0,1.0,2.0,4.0,4.0,4.0,0.0,0.0,2.0,3.0,3.0,0.0,2.0,1.0,0.0,3.0
AbstentionBench_25573,3.0,3.0,4.0,3.0,3.0,4.0,0.0,4.0,0.0,0.0,3.0,3.0,3.0,0.0,3.0,2.0,0.0,3.0
AbstentionBench_25891,2.0,2.0,1.0,1.0,0.0,2.0,4.0,0.0,0.0,2.0,1.0,1.0,1.0,0.0,0.0,0.0,0.0,2.0
AbstentionBench_26743,1.0,1.0,1.0,1.0,0.0,0.0,0.0,0.0,0.0,1.0,0.0,1.0,0.0,0.0,0.0,0.0,0.0,1.0
AbstentionBench_25818,2.0,1.0,1.0,1.0,0.0,0.0,0.0,0.0,0.0,4.0,0.0,1.0,0.0,0.0,0.0,0.0,0.0,1.0
AbstentionBench_27254,0.0,2.0,1.0,1.0,0.0,4.0,0.0,0.0,0.0,4.0,1.0,1.0,0.0,0.0,1.0,0.0,0.0,2.0
AbstentionBench_27645,2.0,2.0,2.0,1.0,0.0,4.0,0.0,3.0,0.0,0.0,1.0,2.0,0.0,0.0,0.0,0.0,0.0,1.0
AbstentionBench_27641,0.0,1.0,1.0,1.0,0.0,0.0,0.0,0.0,0.0,0.0,0.0,1.0,0.0,0.0,0.0,0.0,0.0,1.0
AbstentionBench_27380,1.0,2.0,2.0,1.0,0.0,3.0,3.0,1.0,3.0,0.0,1.0,1.0,0.0,0.0,1.0,0.0,0.0,1.0
AbstentionBench_27327,2.0,2.0,1.0,1.0,0.0,0.0,3.0,0.0,3.0,0.0,1.0,2.0,1.0,0.0,1.0,0.0,0.0,2.0
AbstentionBench_26882,1.0,1.0,1.0,1.0,0.0,3.0,5.0,0.0,2.0,0.0,1.0,1.0,0.0,0.0,0.0,0.0,0.0,1.0
AbstentionBench_27269,1.0,1.0,2.0,1.0,0.0,3.0,0.0,0.0,0.0,4.0,1.0,1.0,0.0,0.0,1.0,0.0,0.0,1.0
AbstentionBench_25770,2.0,1.0,2.0,1.0,0.0,0.0,0.0,0.0,0.0,2.0,0.0,1.0,3.0,0.0,0.0,0.0,0.0,1.0
AbstentionBench_27280,1.0,1.0,2.0,1.0,1.0,3.0,0.0,0.0,0.0,3.0,1.0,1.0,1.0,0.0,1.0,0.0,0.0,1.0
AbstentionBench_25882,3.0,0.0,1.0,1.0,0.0,3.0,3.0,0.0,0.0,3.0,2.0,1.0,2.0,0.0,0.0,0.0,0.0,1.0
AbstentionBench_26288,2.0,0.0,1.0,1.0,0.0,0.0,4.0,0.0,0.0,2.0,0.0,1.0,3.0,0.0,0.0,0.0,0.0,1.0
AbstentionBench_28185,1.0,1.0,2.0,1.0,1.0,0.0,2.0,0.0,0.0,1.0,1.0,1.0,2.0,0.0,1.0,0.0,0.0,1.0
AbstentionBench_26071,2.0,0.0,1.0,1.0,0.0,0.0,3.0,0.0,0.0,0.0,0.0,1.0,0.0,0.0,0.0,0.0,0.0,1.0
AbstentionBench_26923,2.0,2.0,2.0,1.0,1.0,4.0,0.0,0.0,3.0,0.0,2.0,2.0,3.0,0.0,1.0,0.0,0.0,1.0
AbstentionBench_26530,0.0,3.0,2.0,1.0,1.0,0.0,2.0,0.0,0.0,0.0,2.0,2.0,1.0,0.0,0.0,0.0,1.0,1.0
AbstentionBench_28355,2.0,1.0,1.0,1.0,0.0,3.0,0.0,0.0,0.0,4.0,1.0,1.0,0.0,0.0,1.0,0.0,0.0,1.0
AbstentionBench_26184,2.0,0.0,2.0,1.0,0.0,3.0,4.0,0.0,0.0,3.0,0.0,1.0,0.0,0.0,0.0,0.0,0.0,1.0
AbstentionBench_27563,2.0,2.0,2.0,1.0,0.0,0.0,0.0,0.0,0.0,0.0,3.0,1.0,1.0,0.0,1.0,0.0,0.0,1.0
AbstentionBench_28165,2.0,2.0,2.0,2.0,2.0,3.0,2.0,0.0,0.0,2.0,1.0,2.0,1.0,2.0,1.0,0.0,0.0,2.0
AbstentionBench_27981,1.0,2.0,1.0,1.0,0.0,0.0,2.0,0.0,0.0,0.0,0.0,1.0,0.0,0.0,0.0,0.0,0.0,1.0
AbstentionBench_29056,1.0,2.0,1.0,1.0,0.0,0.0,0.0,0.0,0.0,2.0,1.0,1.0,0.0,0.0,0.0,0.0,0.0,1.0
AbstentionBench_28187,2.0,1.0,1.0,1.0,0.0,0.0,3.0,0.0,0.0,2.0,0.0,1.0,0.0,0.0,0.0,0.0,0.0,1.0
AbstentionBench_29081,0.0,2.0,2.0,1.0,0.0,0.0,4.0,0.0,0.0,0.0,3.0,1.0,1.0,0.0,0.0,0.0,0.0,1.0
AbstentionBench_28928,2.0,1.0,2.0,1.0,0.0,0.0,2.0,1.0,0.0,0.0,1.0,1.0,1.0,0.0,1.0,1.0,0.0,1.0
AbstentionBench_28254,1.0,1.0,1.0,1.0,0.0,0.0,0.0,0.0,0.0,0.0,1.0,0.0,0.0,0.0,1.0,0.0,0.0,1.0
AbstentionBench_28314,1.0,1.0,1.0,1.0,0.0,0.0,0.0,0.0,0.0,0.0,1.0,1.0,1.0,0.0,1.0,1.0,0.0,1.0
AbstentionBench_27849,2.0,1.0,2.0,1.0,1.0,4.0,0.0,0.0,4.0,0.0,1.0,1.0,1.0,0.0,1.0,0.0,0.0,1.0
AbstentionBench_27874,2.0,2.0,0.0,1.0,0.0,0.0,0.0,0.0,0.0,0.0,2.0,0.0,1.0,0.0,0.0,0.0,0.0,1.0
AbstentionBench_28427,1.0,0.0,1.0,1.0,0.0,0.0,0.0,0.0,0.0,0.0,0.0,0.0,0.0,0.0,0.0,0.0,0.0,1.0
AbstentionBench_28420,1.0,1.0,2.0,1.0,0.0,2.0,0.0,1.0,0.0,2.0,1.0,2.0,0.0,0.0,1.0,1.0,0.0,1.0
AbstentionBench_28720,1.0,1.0,1.0,1.0,0.0,3.0,3.0,0.0,3.0,0.0,1.0,1.0,0.0,0.0,1.0,0.0,0.0,1.0
AbstentionBench_28951,1.0,1.0,1.0,1.0,0.0,0.0,0.0,0.0,0.0,0.0,0.0,1.0,0.0,0.0,0.0,0.0,0.0,1.0
AbstentionBench_28257,2.0,3.0,2.0,1.0,0.0,0.0,5.0,0.0,0.0,1.0,2.0,0.0,1.0,0.0,0.0,0.0,0.0,1.0
AbstentionBench_28261,2.0,3.0,1.0,1.0,0.0,2.0,3.0,0.0,0.0,0.0,2.0,1.0,1.0,0.0,0.0,0.0,0.0,1.0
AbstentionBench_28573,2.0,2.0,2.0,1.0,1.0,0.0,0.0,0.0,0.0,3.0,1.0,1.0,1.0,0.0,0.0,0.0,0.0,1.0
AbstentionBench_28827,1.0,2.0,1.0,1.0,0.0,0.0,0.0,0.0,4.0,0.0,1.0,1.0,1.0,0.0,1.0,0.0,0.0,1.0
AbstentionBench_28948,2.0,1.0,2.0,2.0,1.0,0.0,0.0,2.0,0.0,0.0,2.0,2.0,1.0,0.0,2.0,3.0,0.0,2.0
AbstentionBench_29069,0.0,2.0,2.0,1.0,0.0,0.0,0.0,0.0,0.0,0.0,0.0,0.0,1.0,0.0,0.0,0.0,0.0,1.0
AbstentionBench_30526,0.0,0.0,2.0,1.0,0.0,0.0,0.0,1.0,0.0,0.0,0.0,1.0,0.0,0.0,1.0,1.0,0.0,1.0
AbstentionBench_28968,2.0,3.0,3.0,1.0,1.0,0.0,0.0,4.0,0.0,0.0,2.0,2.0,1.0,0.0,1.0,3.0,0.0,1.0
AbstentionBench_29879,0.0,0.0,2.0,1.0,0.0,0.0,1.0,1.0,0.0,0.0,1.0,2.0,0.0,0.0,1.0,1.0,0.0,1.0
AbstentionBench_29324,3.0,1.0,2.0,1.0,1.0,0.0,3.0,0.0,0.0,2.0,1.0,2.0,1.0,2.0,1.0,0.0,0.0,1.0
AbstentionBench_30270,0.0,1.0,1.0,1.0,0.0,0.0,1.0,1.0,0.0,0.0,0.0,2.0,0.0,0.0,1.0,1.0,0.0,1.0
AbstentionBench_30151,0.0,0.0,1.0,1.0,0.0,0.0,2.0,1.0,0.0,0.0,1.0,2.0,0.0,0.0,1.0,1.0,0.0,1.0
AbstentionBench_29159,2.0,1.0,1.0,1.0,0.0,0.0,0.0,0.0,0.0,2.0,1.0,1.0,0.0,0.0,0.0,0.0,0.0,1.0
AbstentionBench_30252,0.0,0.0,1.0,1.0,0.0,0.0,1.0,1.0,0.0,0.0,0.0,1.0,0.0,0.0,1.0,1.0,0.0,1.0
AbstentionBench_30341,0.0,0.0,2.0,1.0,0.0,1.0,1.0,1.0,0.0,0.0,0.0,2.0,0.0,0.0,1.0,1.0,0.0,1.0
AbstentionBench_30777,0.0,1.0,2.0,1.0,0.0,2.0,3.0,1.0,0.0,0.0,0.0,2.0,0.0,0.0,1.0,1.0,0.0,1.0
AbstentionBench_29347,1.0,1.0,1.0,1.0,0.0,0.0,3.0,0.0,0.0,1.0,1.0,1.0,1.0,0.0,0.0,0.0,0.0,1.0
AbstentionBench_29951,1.0,0.0,1.0,1.0,0.0,0.0,2.0,1.0,0.0,0.0,1.0,1.0,0.0,0.0,1.0,1.0,0.0,1.0
AbstentionBench_29602,1.0,2.0,1.0,1.0,0.0,0.0,4.0,0.0,0.0,0.0,1.0,1.0,0.0,0.0,0.0,0.0,0.0,1.0
AbstentionBench_30619,0.0,1.0,2.0,1.0,0.0,1.0,2.0,1.0,0.0,0.0,0.0,2.0,1.0,0.0,1.0,2.0,0.0,1.0
AbstentionBench_30100,0.0,0.0,2.0,1.0,2.0,0.0,1.0,2.0,0.0,0.0,1.0,2.0,1.0,0.0,2.0,2.0,0.0,1.0
AbstentionBench_30834,0.0,1.0,2.0,1.0,0.0,0.0,3.0,1.0,0.0,0.0,0.0,2.0,1.0,0.0,1.0,2.0,0.0,1.0
AbstentionBench_29501,2.0,2.0,2.0,1.0,0.0,0.0,4.0,0.0,0.0,2.0,2.0,2.0,2.0,0.0,0.0,0.0,0.0,1.0
AbstentionBench_30532,1.0,0.0,2.0,1.0,0.0,0.0,2.0,1.0,0.0,0.0,0.0,2.0,0.0,0.0,1.0,2.0,0.0,1.0
AbstentionBench_30496,0.0,0.0,2.0,1.0,0.0,2.0,2.0,1.0,0.0,0.0,1.0,2.0,1.0,0.0,1.0,1.0,0.0,1.0
AbstentionBench_29580,1.0,1.0,1.0,1.0,0.0,0.0,0.0,0.0,0.0,0.0,1.0,1.0,0.0,0.0,0.0,1.0,0.0,1.0
AbstentionBench_30687,1.0,1.0,1.0,1.0,0.0,1.0,2.0,1.0,0.0,0.0,0.0,2.0,0.0,0.0,1.0,1.0,0.0,1.0
AbstentionBench_30110,1.0,1.0,1.0,1.0,0.0,0.0,2.0,1.0,0.0,0.0,1.0,2.0,1.0,0.0,1.0,1.0,0.0,1.0
AbstentionBench_30860,0.0,1.0,2.0,1.0,0.0,2.0,2.0,2.0,0.0,0.0,1.0,2.0,1.0,0.0,1.0,2.0,0.0,2.0
AbstentionBench_30870,1.0,1.0,2.0,2.0,2.0,0.0,0.0,2.0,0.0,0.0,1.0,2.0,1.0,0.0,2.0,3.0,0.0,2.0
AbstentionBench_29657,2.0,2.0,2.0,1.0,0.0,0.0,2.0,0.0,0.0,2.0,1.0,1.0,1.0,0.0,1.0,0.0,0.0,1.0
AbstentionBench_29076,2.0,2.0,1.0,1.0,0.0,0.0,3.0,0.0,0.0,0.0,1.0,1.0,1.0,0.0,0.0,0.0,0.0,1.0
AbstentionBench_29772,3.0,3.0,2.0,1.0,2.0,3.0,0.0,4.0,4.0,0.0,3.0,1.0,3.0,0.0,2.0,2.0,0.0,1.0
AbstentionBench_31299,1.0,1.0,2.0,1.0,0.0,2.0,3.0,1.0,0.0,0.0,1.0,2.0,1.0,0.0,1.0,2.0,0.0,1.0
AbstentionBench_30614,0.0,0.0,2.0,2.0,0.0,0.0,2.0,1.0,0.0,0.0,0.0,2.0,1.0,0.0,1.0,2.0,0.0,1.0
AbstentionBench_30919,0.0,2.0,2.0,1.0,2.0,3.0,3.0,2.0,0.0,0.0,1.0,2.0,1.0,0.0,1.0,2.0,0.0,1.0
AbstentionBench_31633,1.0,0.0,2.0,1.0,0.0,0.0,1.0,1.0,0.0,0.0,1.0,2.0,1.0,0.0,1.0,1.0,0.0,1.0
AbstentionBench_31909,0.0,0.0,1.0,1.0,0.0,0.0,1.0,1.0,0.0,0.0,0.0,2.0,0.0,0.0,1.0,2.0,0.0,1.0
AbstentionBench_32127,0.0,0.0,1.0,0.0,0.0,2.0,3.0,1.0,0.0,0.0,0.0,2.0,0.0,0.0,1.0,1.0,0.0,1.0
AbstentionBench_30404,1.0,1.0,2.0,2.0,0.0,2.0,3.0,2.0,0.0,0.0,2.0,2.0,1.0,0.0,2.0,3.0,0.0,2.0
AbstentionBench_30642,1.0,1.0,2.0,1.0,0.0,0.0,2.0,2.0,0.0,0.0,1.0,2.0,1.0,0.0,1.0,2.0,0.0,1.0
AbstentionBench_32037,0.0,1.0,1.0,2.0,0.0,0.0,1.0,1.0,0.0,0.0,1.0,1.0,1.0,0.0,1.0,1.0,0.0,1.0
AbstentionBench_31388,1.0,1.0,1.0,1.0,0.0,0.0,1.0,1.0,0.0,0.0,1.0,2.0,1.0,0.0,1.0,1.0,0.0,1.0
AbstentionBench_31745,0.0,3.0,2.0,1.0,0.0,0.0,0.0,2.0,0.0,0.0,4.0,3.0,3.0,0.0,1.0,2.0,0.0,1.0
AbstentionBench_31484,1.0,1.0,2.0,1.0,0.0,0.0,0.0,2.0,0.0,0.0,1.0,2.0,0.0,0.0,1.0,2.0,0.0,1.0
AbstentionBench_30749,2.0,1.0,2.0,1.0,1.0,0.0,2.0,2.0,0.0,0.0,1.0,2.0,1.0,0.0,1.0,2.0,0.0,2.0
AbstentionBench_31001,2.0,2.0,2.0,1.0,0.0,0.0,2.0,1.0,0.0,0.0,2.0,2.0,1.0,0.0,1.0,2.0,0.0,1.0
AbstentionBench_31766,0.0,1.0,1.0,1.0,0.0,0.0,1.0,1.0,0.0,0.0,1.0,2.0,1.0,0.0,1.0,1.0,0.0,1.0
AbstentionBench_31791,1.0,1.0,2.0,1.0,2.0,0.0,1.0,1.0,0.0,0.0,1.0,2.0,2.0,0.0,1.0,1.0,0.0,1.0
AbstentionBench_30359,1.0,1.0,2.0,1.0,0.0,0.0,2.0,1.0,0.0,0.0,1.0,2.0,1.0,0.0,1.0,2.0,0.0,4.0
AbstentionBench_32555,0.0,0.0,2.0,1.0,0.0,0.0,2.0,2.0,0.0,0.0,2.0,2.0,1.0,0.0,1.0,2.0,0.0,1.0
AbstentionBench_31933,0.0,2.0,2.0,1.0,0.0,1.0,1.0,1.0,0.0,0.0,3.0,2.0,1.0,0.0,0.0,1.0,0.0,1.0
AbstentionBench_31859,1.0,1.0,2.0,1.0,0.0,0.0,2.0,2.0,0.0,0.0,1.0,2.0,1.0,0.0,1.0,2.0,0.0,1.0
AbstentionBench_31658,1.0,1.0,2.0,1.0,0.0,2.0,2.0,1.0,0.0,0.0,3.0,2.0,1.0,0.0,1.0,2.0,0.0,1.0
AbstentionBench_28904,2.0,2.0,2.0,1.0,0.0,3.0,4.0,0.0,0.0,4.0,2.0,2.0,0.0,0.0,1.0,0.0,0.0,1.0
AbstentionBench_33145,0.0,1.0,2.0,1.0,0.0,0.0,1.0,1.0,0.0,0.0,2.0,2.0,1.0,0.0,1.0,2.0,0.0,5.0
AbstentionBench_32883,0.0,0.0,1.0,1.0,0.0,0.0,1.0,1.0,0.0,0.0,3.0,1.0,1.0,0.0,1.0,2.0,0.0,1.0
AbstentionBench_31090,2.0,1.0,2.0,2.0,2.0,0.0,2.0,2.0,2.0,0.0,1.0,2.0,1.0,0.0,2.0,2.0,1.0,2.0
AbstentionBench_31763,2.0,0.0,1.0,1.0,0.0,0.0,0.0,1.0,0.0,0.0,1.0,2.0,1.0,0.0,1.0,1.0,0.0,1.0
AbstentionBench_32444,1.0,1.0,2.0,2.0,0.0,0.0,2.0,2.0,0.0,0.0,0.0,2.0,1.0,0.0,1.0,2.0,0.0,1.0
AbstentionBench_32951,0.0,1.0,2.0,2.0,0.0,2.0,2.0,2.0,0.0,0.0,2.0,2.0,1.0,0.0,1.0,2.0,0.0,1.0
AbstentionBench_32738,0.0,1.0,2.0,1.0,0.0,2.0,3.0,1.0,0.0,0.0,2.0,2.0,1.0,1.0,1.0,0.0,0.0,1.0
AbstentionBench_32192,2.0,1.0,2.0,1.0,1.0,0.0,1.0,2.0,0.0,0.0,1.0,2.0,1.0,0.0,1.0,2.0,0.0,2.0
AbstentionBench_32195,1.0,0.0,2.0,1.0,1.0,0.0,2.0,1.0,0.0,0.0,1.0,2.0,0.0,0.0,1.0,1.0,0.0,1.0
AbstentionBench_32835,1.0,2.0,2.0,1.0,0.0,0.0,0.0,1.0,0.0,0.0,1.0,2.0,1.0,0.0,1.0,2.0,0.0,1.0
AbstentionBench_32230,1.0,1.0,2.0,2.0,2.0,2.0,2.0,2.0,0.0,0.0,1.0,2.0,1.0,0.0,1.0,2.0,0.0,2.0
AbstentionBench_32813,1.0,1.0,2.0,2.0,1.0,1.0,2.0,2.0,0.0,0.0,1.0,2.0,1.0,0.0,2.0,2.0,0.0,1.0
AbstentionBench_33283,0.0,0.0,2.0,1.0,0.0,0.0,1.0,1.0,0.0,0.0,2.0,1.0,2.0,0.0,1.0,1.0,0.0,1.0
AbstentionBench_32538,1.0,1.0,2.0,1.0,0.0,1.0,3.0,1.0,0.0,0.0,1.0,2.0,1.0,0.0,1.0,2.0,0.0,1.0
AbstentionBench_32616,1.0,1.0,1.0,1.0,0.0,1.0,2.0,1.0,0.0,0.0,3.0,2.0,0.0,0.0,1.0,2.0,0.0,1.0
AbstentionBench_32564,1.0,2.0,3.0,1.0,0.0,0.0,2.0,2.0,0.0,0.0,2.0,2.0,1.0,0.0,1.0,2.0,0.0,1.0
AbstentionBench_32956,1.0,1.0,2.0,1.0,0.0,2.0,3.0,1.0,0.0,0.0,1.0,2.0,1.0,0.0,1.0,2.0,0.0,1.0
AbstentionBench_33232,0.0,1.0,2.0,1.0,1.0,0.0,0.0,2.0,0.0,0.0,0.0,2.0,1.0,0.0,2.0,2.0,0.0,1.0
AbstentionBench_33168,1.0,1.0,2.0,1.0,0.0,0.0,2.0,1.0,0.0,0.0,1.0,2.0,1.0,0.0,1.0,2.0,0.0,1.0
AbstentionBench_33302,0.0,1.0,2.0,1.0,0.0,0.0,0.0,1.0,0.0,0.0,1.0,2.0,1.0,0.0,1.0,1.0,0.0,1.0
AbstentionBench_33036,1.0,0.0,2.0,1.0,0.0,1.0,1.0,1.0,0.0,0.0,1.0,2.0,1.0,0.0,1.0,2.0,0.0,1.0
AbstentionBench_33322,0.0,0.0,2.0,1.0,0.0,0.0,1.0,1.0,0.0,0.0,0.0,1.0,1.0,0.0,1.0,2.0,0.0,1.0
AbstentionBench_32790,1.0,2.0,2.0,1.0,2.0,0.0,1.0,3.0,0.0,0.0,2.0,2.0,1.0,0.0,2.0,2.0,0.0,1.0
AbstentionBench_33625,1.0,2.0,2.0,1.0,1.0,0.0,2.0,2.0,0.0,0.0,1.0,3.0,3.0,0.0,1.0,1.0,1.0,1.0
AbstentionBench_34833,0.0,3.0,2.0,0.0,2.0,0.0,2.0,2.0,0.0,0.0,2.0,3.0,1.0,0.0,3.0,1.0,0.0,1.0
AbstentionBench_32270,2.0,2.0,2.0,1.0,0.0,0.0,3.0,2.0,0.0,0.0,2.0,2.0,1.0,0.0,2.0,2.0,0.0,2.0
AbstentionBench_32561,2.0,2.0,2.0,1.0,2.0,0.0,1.0,2.0,0.0,0.0,1.0,3.0,2.0,0.0,3.0,3.0,0.0,2.0
AbstentionBench_34308,1.0,2.0,2.0,1.0,1.0,0.0,1.0,2.0,0.0,0.0,1.0,2.0,1.0,0.0,1.0,1.0,0.0,1.0
AbstentionBench_32508,1.0,2.0,2.0,2.0,2.0,0.0,2.0,2.0,0.0,0.0,2.0,2.0,1.0,0.0,1.0,2.0,0.0,2.0
AbstentionBench_33752,2.0,2.0,2.0,0.0,1.0,0.0,3.0,2.0,0.0,0.0,1.0,2.0,0.0,0.0,1.0,1.0,0.0,1.0
AbstentionBench_33427,2.0,2.0,2.0,1.0,1.0,0.0,2.0,2.0,0.0,0.0,1.0,2.0,1.0,0.0,2.0,0.0,0.0,1.0
AbstentionBench_33584,2.0,2.0,2.0,0.0,2.0,0.0,3.0,2.0,0.0,0.0,1.0,3.0,3.0,0.0,2.0,1.0,0.0,1.0
AbstentionBench_34423,2.0,2.0,1.0,0.0,1.0,0.0,2.0,1.0,0.0,0.0,1.0,2.0,1.0,0.0,1.0,1.0,0.0,1.0
AbstentionBench_33814,2.0,2.0,2.0,0.0,1.0,0.0,3.0,2.0,0.0,0.0,1.0,2.0,1.0,0.0,1.0,1.0,1.0,1.0
AbstentionBench_33602,1.0,2.0,2.0,1.0,1.0,0.0,3.0,2.0,0.0,0.0,2.0,3.0,3.0,0.0,2.0,1.0,1.0,1.0
AbstentionBench_33469,3.0,2.0,3.0,1.0,2.0,0.0,2.0,2.0,0.0,0.0,3.0,3.0,2.0,0.0,3.0,2.0,0.0,2.0
AbstentionBench_32686,3.0,1.0,2.0,1.0,2.0,0.0,0.0,2.0,0.0,0.0,1.0,3.0,1.0,0.0,3.0,3.0,0.0,2.0
AbstentionBench_34300,2.0,2.0,2.0,1.0,1.0,1.0,2.0,2.0,0.0,0.0,1.0,3.0,1.0,0.0,2.0,1.0,0.0,1.0
AbstentionBench_34546,3.0,2.0,3.0,1.0,1.0,0.0,2.0,3.0,0.0,0.0,3.0,3.0,3.0,0.0,3.0,2.0,0.0,2.0
AbstentionBench_33571,2.0,2.0,2.0,1.0,1.0,0.0,2.0,2.0,0.0,0.0,1.0,2.0,3.0,0.0,3.0,2.0,1.0,1.0
AbstentionBench_34395,2.0,2.0,2.0,1.0,1.0,0.0,2.0,2.0,0.0,0.0,1.0,3.0,2.0,0.0,3.0,2.0,0.0,2.0
AbstentionBench_33651,1.0,2.0,2.0,1.0,0.0,0.0,2.0,2.0,0.0,0.0,1.0,2.0,1.0,0.0,1.0,1.0,0.0,1.0
AbstentionBench_33950,1.0,1.0,2.0,1.0,1.0,0.0,2.0,2.0,0.0,0.0,1.0,2.0,1.0,0.0,2.0,1.0,1.0,1.0
AbstentionBench_33417,3.0,3.0,2.0,1.0,1.0,0.0,2.0,2.0,0.0,0.0,3.0,3.0,2.0,0.0,2.0,2.0,1.0,2.0
AbstentionBench_34155,2.0,3.0,2.0,1.0,2.0,0.0,2.0,2.0,0.0,0.0,2.0,3.0,3.0,0.0,3.0,2.0,0.0,1.0
AbstentionBench_34402,2.0,2.0,2.0,0.0,2.0,0.0,0.0,2.0,0.0,0.0,2.0,2.0,3.0,0.0,3.0,1.0,0.0,1.0
AbstentionBench_34617,2.0,3.0,2.0,1.0,2.0,0.0,2.0,3.0,0.0,0.0,2.0,2.0,2.0,0.0,3.0,0.0,0.0,2.0
AbstentionBench_34134,1.0,2.0,2.0,1.0,2.0,0.0,0.0,2.0,0.0,0.0,3.0,3.0,1.0,0.0,3.0,2.0,0.0,2.0
AbstentionBench_34523,1.0,2.0,1.0,1.0,0.0,0.0,3.0,2.0,0.0,0.0,1.0,2.0,1.0,0.0,1.0,0.0,0.0,1.0
AbstentionBench_35472,0.0,0.0,2.0,1.0,1.0,0.0,2.0,2.0,0.0,0.0,1.0,2.0,1.0,0.0,1.0,1.0,0.0,1.0
AbstentionBench_34179,3.0,2.0,3.0,1.0,2.0,0.0,3.0,2.0,0.0,0.0,3.0,3.0,3.0,0.0,3.0,2.0,0.0,2.0
AbstentionBench_34692,2.0,2.0,3.0,1.0,1.0,0.0,3.0,2.0,0.0,0.0,2.0,3.0,3.0,0.0,3.0,2.0,0.0,1.0
AbstentionBench_35106,2.0,3.0,2.0,0.0,2.0,0.0,1.0,2.0,0.0,0.0,2.0,3.0,3.0,0.0,3.0,2.0,0.0,2.0
AbstentionBench_35208,2.0,2.0,2.0,0.0,0.0,0.0,2.0,2.0,0.0,0.0,1.0,2.0,1.0,0.0,1.0,1.0,0.0,1.0
AbstentionBench_34544,1.0,2.0,2.0,0.0,1.0,0.0,2.0,2.0,0.0,0.0,3.0,3.0,3.0,0.0,3.0,2.0,0.0,2.0
AbstentionBench_35486,1.0,2.0,2.0,1.0,0.0,0.0,3.0,2.0,0.0,0.0,0.0,2.0,1.0,0.0,2.0,1.0,0.0,1.0
AbstentionBench_35249,2.0,2.0,2.0,1.0,2.0,0.0,2.0,2.0,0.0,0.0,1.0,2.0,1.0,0.0,3.0,1.0,1.0,1.0
AbstentionBench_35522,2.0,2.0,2.0,1.0,1.0,0.0,0.0,2.0,0.0,0.0,3.0,3.0,2.0,0.0,3.0,1.0,0.0,1.0
AbstentionBench_34171,2.0,2.0,2.0,1.0,2.0,0.0,2.0,2.0,0.0,0.0,1.0,3.0,2.0,0.0,2.0,2.0,1.0,2.0
AbstentionBench_33353,2.0,2.0,2.0,1.0,1.0,0.0,2.0,2.0,0.0,0.0,1.0,2.0,1.0,0.0,1.0,1.0,0.0,1.0
AbstentionBench_35437,1.0,2.0,1.0,1.0,0.0,0.0,1.0,2.0,0.0,0.0,1.0,2.0,0.0,0.0,2.0,0.0,0.0,1.0
AbstentionBench_34783,2.0,2.0,2.0,1.0,0.0,0.0,2.0,2.0,0.0,0.0,1.0,3.0,1.0,0.0,1.0,2.0,1.0,1.0
AbstentionBench_35571,2.0,2.0,2.0,0.0,1.0,0.0,2.0,2.0,0.0,0.0,2.0,3.0,3.0,0.0,3.0,2.0,0.0,1.0
AbstentionBench_34881,1.0,1.0,2.0,1.0,1.0,0.0,1.0,2.0,0.0,0.0,1.0,2.0,1.0,0.0,1.0,1.0,0.0,1.0
AbstentionBench_34804,2.0,2.0,2.0,1.0,1.0,0.0,2.0,2.0,0.0,0.0,1.0,3.0,2.0,0.0,3.0,2.0,0.0,2.0
AbstentionBench_34805,3.0,2.0,2.0,1.0,2.0,0.0,2.0,2.0,0.0,0.0,2.0,3.0,2.0,0.0,3.0,1.0,1.0,2.0
AbstentionBench_35101,1.0,1.0,1.0,1.0,0.0,0.0,2.0,2.0,0.0,0.0,2.0,2.0,1.0,0.0,2.0,0.0,0.0,1.0
AbstentionBench_35558,1.0,1.0,2.0,1.0,1.0,0.0,2.0,2.0,0.0,0.0,1.0,2.0,1.0,0.0,1.0,1.0,0.0,1.0
AbstentionBench_35607,3.0,2.0,2.0,0.0,2.0,0.0,2.0,2.0,0.0,0.0,3.0,3.0,2.0,0.0,2.0,2.0,0.0,2.0
AbstentionBench_35606,1.0,3.0,2.0,0.0,2.0,0.0,2.0,2.0,0.0,0.0,2.0,3.0,1.0,0.0,2.0,1.0,0.0,1.0
AbstentionBench_35715,2.0,2.0,2.0,1.0,0.0,0.0,3.0,2.0,0.0,0.0,2.0,3.0,1.0,0.0,3.0,1.0,1.0,1.0
AbstentionBench_35521,1.0,2.0,2.0,1.0,1.0,0.0,2.0,2.0,0.0,0.0,1.0,2.0,1.0,0.0,2.0,1.0,0.0,1.0
AbstentionBench_35769,1.0,0.0,1.0,1.0,0.0,0.0,2.0,2.0,0.0,0.0,1.0,2.0,0.0,0.0,1.0,1.0,0.0,1.0
AbstentionBench_35629,3.0,3.0,2.0,1.0,1.0,0.0,2.0,2.0,0.0,0.0,2.0,2.0,1.0,0.0,1.0,1.0,0.0,1.0
AbstentionBench_35631,0.0,2.0,2.0,1.0,2.0,0.0,3.0,3.0,0.0,0.0,3.0,3.0,3.0,0.0,3.0,2.0,0.0,2.0
AbstentionBench_34385,3.0,2.0,3.0,1.0,2.0,0.0,3.0,2.0,0.0,0.0,3.0,3.0,3.0,0.0,2.0,2.0,1.0,2.0
AbstentionBench_17822,1.0,1.0,2.0,1.0,2.0,4.0,0.0,0.0,4.0,0.0,3.0,3.0,3.0,0.0,2.0,1.0,0.0,1.0
AbstentionBench_926,2.0,3.0,1.0,1.0,1.0,3.0,0.0,0.0,4.0,0.0,3.0,2.0,2.0,0.0,1.0,0.0,0.0,1.0
AbstentionBench_18059,2.0,1.0,3.0,1.0,2.0,4.0,0.0,0.0,4.0,0.0,1.0,3.0,3.0,0.0,3.0,0.0,0.0,1.0
